,,1,2,3,4,5,6,7,8,9,10,11,12,13,14,15,16,17,18,19,20,21,22,23,27,36,37,38,39,,42,44,48,57,58,59,60,,63,65,69,78,79,80,81,,84,86
,,,,,,,,,,,,,,,,,,,,,,,,,,,,,,,,,,,,,,,,,,,,,,,,
,,,,,,,,,,,,,,,,,,,,,,,,,,,,,,,,,,,,,,,,,,,,,,,,
,,,,,,,,,,,,,,,,,,,,,,,,,,,,,,,,,,,,,,,,,,,,,,,,
,,,,,,,,,,,,,,,,,,,,,,,,,,,,,,,,,,,,,,,,,,,,,,,,
,,,,,,,,,,,,,,,,,,,,,,,,,,,,,,,,,,,,,,,,,,,,,,,,
,,,,,,,,,,,,,,,,,,,,,,,,,,,,,,,,,,,,,,,,,,,,,,,,
,STT,Mã,Tên,Sàn,Ngành - ICB 2,Ngành - ICB 4,Ngành - FiinTrade,"Vốn hóa
(N. tỷ VNĐ)",GIÁ,,,,,GD TB 3 tháng,,"ROE
(TTM)",EPS,, P/E ,,, P/B ,,DOANH THU THUẦN,,,,,,,,LỢI NHUẬN SAU THUẾ,,,,,,,,LỢI NHUẬN SAU THUẾ CỔ ĐÔNG CÔNG TY MẸ (NPAT-MI),,,,,,,,"Nguồn cập nhật
KQKD Q1-2026"
,,,,,,,,,4/29/2026,"% 
2 tuần","% 
1 tháng","% 
3 tháng","% 
YTD",KL,GT,,"2026
(kế hoạch)",Tăng trưởng YoY,"TB
3 năm","TTM
(29/4/2026)","2026
(kế hoạch)","TB
3 năm","TTM
(29/4/2026)",Doanh thu thuần,,Tăng trưởng so với cùng kỳ,,,,,,LNST,,Tăng trưởng so với cùng kỳ,,,,,,NPAT-MI,,Tăng trưởng so với cùng kỳ,,,,,,
,,,,,,,,,,,,,,,,,,,,,,,,Q1-26,% KH2026,Q1-25,Q2-25,Q3-25,Q4-25,Q1-26,"2026 
(Kế hoạch)",Q1-26,% KH2026,Q1-25,Q2-25,Q3-25,Q4-25,Q1-26,"2026 
(Kế hoạch)",Q1-26,% KH2026,Q1-25,Q2-25,Q3-25,Q4-25,Q1-26,"2026 
(Kế hoạch)",
,,,,,,,,Tỷ VNĐ,VNĐ,%,%,%,%,Nghìn CP,Tỷ VNĐ,%,VNĐ,%,x,x,x,x,x,Tỷ VNĐ,%,,,,,,%,Tỷ VNĐ,%,,,,,,%,Tỷ VNĐ,%,%,%,,,,%,
,1,VCB,Vietcombank,HOSE,Ngân hàng,Ngân hàng,Ngân hàng,  499.669 ,  59.800 ,"-0,2%","1,7%","-14,3%","4,0%",  9.199 ,"  573,7 ","16,7%",  6.318 ,"50,1%","  15,0 ","  13,9 ","  9,5 ","  2,8 ","  2,2 ","  21.179,8 ",,"-0,1%","6,7%","7,2%","8,8%","22,7%",,"  9.462,1 ","17,9%","1,3%","8,8%","5,3%","0,7%","8,7%","50,1%","  9.456,6 ","17,9%","1,4%","8,8%","5,3%","0,7%","8,7%","50,1%",Chính thức
,2,BID,BIDV,HOSE,Ngân hàng,Ngân hàng,Ngân hàng,  291.931 ,  40.100 ,"-0,5%","0,6%","-22,7%","3,1%",  8.423 ,"  369,8 ","18,4%",  -   ,"0,0%","  11,4 ","  9,5 ",  -   ,"  2,0 ","  1,6 ","  20.697,6 ",,"4,2%","9,2%","22,6%","13,9%","15,6%",,"  6.878,8 ",,"0,7%","5,7%","16,7%","44,6%","15,5%",,"  6.800,8 ",,"0,5%","6,1%","15,6%","45,4%","16,4%",,Chính thức
,3,CTG,VietinBank,HOSE,Ngân hàng,Ngân hàng,Ngân hàng,  271.455 ,  34.950 ,"-0,3%","0,4%","-8,8%","-2,2%",  11.116 ,"  403,2 ","21,9%",  -   ,"0,0%","  8,6 ","  7,1 ",  -   ,"  1,4 ","  1,5 ","  25.101,6 ",,"7,3%","6,5%","2,7%","10,1%","22,7%",,"  8.960,0 ",,"9,9%","80,3%","63,9%","12,4%","62,9%",,"  8.917,0 ",,"9,3%","80,2%","61,7%","12,9%","64,6%",,Chính thức
,4,TCB,Techcombank,HOSE,Ngân hàng,Ngân hàng,Ngân hàng,  239.869 ,  33.850 ,"6,3%","10,4%","-3,0%","-3,0%",  13.029 ,"  421,0 ","15,6%",  4.125 ,"12,2%","  8,5 ","  9,2 ","  8,2 ","  1,2 ","  1,4 ","  13.674,3 ",,"-5,3%","-5,0%","21,2%","54,8%","17,8%",,"  6.950,3 ","23,2%","-4,2%","1,2%","14,2%","104,1%","15,6%","15,6%","  6.671,1 ","22,8%","-4,4%","0,9%","11,9%","98,0%","12,2%","15,6%",Chính thức
,5,VPB,VPBank,HOSE,Ngân hàng,Ngân hàng,Ngân hàng,  210.249 ,  26.500 ,"-3,1%","0,2%","-4,2%","-7,5%",  16.366 ,"  440,3 ","16,4%",  4.104 ,"23,8%","  11,5 ","  8,0 ","  6,5 ","  1,2 ","  1,2 ","  19.908,2 ",,"16,1%","2,5%","33,7%","27,0%","27,9%",,"  6.329,5 ","19,1%","25,2%","35,6%","76,8%","61,1%","60,9%","35,7%","  6.198,7 ","19,0%","9,2%","36,3%","80,6%","72,3%","59,1%","35,7%",Chính thức
,6,MBB,MBBank,HOSE,Ngân hàng,Ngân hàng,Ngân hàng,  209.833 ,  26.050 ,"-2,1%","-0,4%","-2,4%","3,0%",  23.693 ,"  641,0 ","20,9%",  3.828 ,"11,2%","  6,3 ","  7,6 ","  6,8 ","  1,3 ","  1,5 ","  17.430,2 ",,"27,5%","22,1%","22,8%","17,9%","13,8%",,"  7.702,7 ","24,4%","44,3%","-1,6%","-0,7%","39,5%","15,4%","15,1%","  7.515,5 ","24,4%","44,9%","-2,5%","-3,8%","39,4%","14,4%","15,1%",Chính thức
,7,ACB,ACB,HOSE,Ngân hàng,Ngân hàng,Ngân hàng,  120.711 ,  23.500 ,"-1,3%","-1,3%","-1,3%","-2,1%",  13.130 ,"  308,3 ","17,5%",  3.479 ,"9,9%","  6,7 ","  7,4 ","  6,8 ","  1,4 ","  1,2 ","  8.904,7 ",,"-3,1%","7,4%","3,1%","-4,1%","12,5%",,"  4.320,4 ","24,2%","-5,8%","9,2%","10,6%","-38,7%","17,5%","14,4%","  4.320,4 ","24,2%","-5,8%","9,2%","10,6%","-38,7%","17,5%","14,4%",Chính thức
,8,HDB,HDBank,HOSE,Ngân hàng,Ngân hàng,Ngân hàng,  133.140 ,  26.600 ,"1,0%","5,1%","-4,5%","-10,4%",  14.718 ,"  387,1 ","25,4%",  4.656 ,"33,0%","  6,6 ","  7,8 ","  5,7 ","  1,5 ","  1,8 ","  9.952,8 ",,"18,7%","40,3%","11,5%","30,5%","8,1%",,"  4.902,1 ","20,4%","35,6%","13,0%","7,1%","61,9%","12,5%","41,0%","  4.766,6 ","20,5%","36,2%","12,8%","6,5%","64,7%","12,6%","41,0%",Chính thức
,9,VIB,VIBBank,HOSE,Ngân hàng,Ngân hàng,Ngân hàng,  55.485 ,  16.300 ,"-0,9%","1,1%","-1,8%","-3,1%",  6.190 ,"  105,3 ","16,4%",  2.714 ,"21,7%","  7,1 ","  7,3 ","  6,0 ","  1,4 ","  1,1 ","  5.860,3 ",,"-13,5%","1,5%","1,4%","0,1%","27,4%",,"  2.241,2 ","24,3%","-3,2%","23,4%","1,6%","-14,2%","15,7%","26,8%","  2.241,2 ","24,3%","-3,2%","23,4%","1,6%","-14,2%","15,7%","26,8%",Chính thức
,10,STB,Sacombank,HOSE,Ngân hàng,Ngân hàng,Ngân hàng,  127.252 ,  67.500 ,"5,0%","12,7%","7,5%","16,4%",  9.639 ,"  620,3 ","7,6%",  3.437 ,"40,1%","  8,7 ","  27,5 ","  19,6 ","  1,4 ","  2,1 ","  7.538,1 ",,"13,4%","8,6%","21,5%","3,8%","-3,3%",,"  1.584,4 ","24,5%","37,2%","32,9%","31,8%","-176,5%","-45,3%","9,1%","  1.584,4 ","24,5%","37,2%","32,9%","31,8%","-176,5%","-45,3%","9,1%",Chính thức
,11,SSB,SeABank,HOSE,Ngân hàng,Ngân hàng,Ngân hàng,  47.512 ,  16.700 ,"-1,2%","-1,2%","-4,3%","-4,3%",  2.054 ,"  34,4 ","14,6%",  1.988 ,"2,6%","  12,2 ","  15,2 ","  8,4 ","  1,7 ","  1,2 ","  2.913,6 ",,"115,0%","-18,5%","-18,3%","-6,6%","-49,9%",,"  1.110,6 ","19,6%","190,7%","-18,0%","-23,0%","-91,5%","-68,2%","2,6%","  1.110,6 ","19,6%","190,7%","-18,0%","-23,0%","-91,5%","-68,2%","2,6%",Chính thức
,12,LPB,LPBank,HOSE,Ngân hàng,Ngân hàng,Ngân hàng,  141.298 ,  47.300 ,"-0,8%","13,2%","13,4%","13,2%",  1.654 ,"  72,2 ","24,7%",  4.012 ,"7,3%","  9,6 ","  12,7 ","  11,8 ","  2,0 ","  2,9 ","  5.154,2 ",,"4,7%","1,6%","5,0%","25,3%","9,9%",,"  2.279,2 ","19,0%","10,2%","-1,1%","18,5%","39,7%","-10,1%","4,9%","  2.279,2 ","19,0%","10,2%","-1,1%","18,5%","39,7%","-10,1%","4,9%",Chính thức
,13,SHB,SHB,HOSE,Ngân hàng,Ngân hàng,Ngân hàng,  76.432 ,  14.550 ,"-5,5%","-4,1%","-7,4%","-9,7%",  66.818 ,"  1.013,2 ","19,0%",  2.919 ,"13,1%","  5,5 ","  6,3 ","  5,0 ","  0,9 ","  1,1 ","  7.471,2 ",,"3,6%","135,8%","66,3%","-34,5%","23,5%",,"  3.726,0 ","24,3%","8,9%","59,6%","49,8%","5,9%","6,6%","28,2%","  3.726,0 ","24,3%","8,9%","59,6%","49,8%","5,9%","6,6%","28,2%",Chính thức
,14,TPB,TPBank,HOSE,Ngân hàng,Ngân hàng,Ngân hàng,  45.078 ,  16.250 ,"-0,9%","0,0%","-2,7%","-5,0%",  12.121 ,"  205,5 ","18,5%",  2.970 ,"11,3%","  7,5 ","  6,0 ","  5,5 ","  1,2 ","  1,1 ",  -   ,,"-4,3%","9,0%","13,3%","4,9%",,,"  1.848,0 ","22,4%","15,3%","7,0%","10,0%","50,6%","9,6%","11,3%","  1.848,0 ","22,4%","15,3%","7,0%","10,0%","50,6%","9,6%","11,3%",DN ước tính
,15,EIB,Eximbank,HOSE,Ngân hàng,Ngân hàng,Ngân hàng,  40.514 ,  21.750 ,"-4,2%","-4,4%","3,8%","2,1%",  11.335 ,"  254,8 ","2,9%",  651 ,"62,1%","  15,4 ","  54,2 ","  33,4 ","  1,5 ","  1,5 ","  1.528,1 ",,"14,6%","0,1%","-15,1%","-39,4%","-15,5%",,"  269,2 ","22,2%","24,9%","-21,2%","-38,3%","-132,9%","-59,1%","6,6%","  269,2 ","22,2%","24,9%","-21,2%","-38,3%","-132,9%","-59,1%","6,6%",Chính thức
,16,OCB,Ngân hàng Phương Đông,HOSE,Ngân hàng,Ngân hàng,Ngân hàng,  29.959 ,  11.250 ,"-2,2%","0,5%","-3,9%","-5,9%",  1.588 ,"  17,9 ","12,7%",  2.091 ,"30,3%","  8,0 ","  7,0 ","  5,4 ","  1,0 ","  0,9 ","  2.722,3 ",,"-0,6%","16,3%","27,9%","16,3%","19,8%",,"  975,2 ","17,5%","-25,3%","10,6%","253,7%","10,5%","36,9%","38,9%","  975,2 ","17,5%","-25,3%","10,6%","253,7%","10,5%","36,9%","38,9%",Chính thức
,17,MSB,MSB Bank,HOSE,Ngân hàng,Ngân hàng,Ngân hàng,  39.000 ,  12.500 ,"-0,4%","10,1%","2,9%","0,8%",  7.067 ,"  85,1 ","14,1%",  2.051 ,"8,9%","  6,3 ","  6,6 ","  6,1 ","  0,9 ","  0,9 ","  3.649,5 ",,"4,5%","-9,6%","16,0%","-9,5%","12,0%",,"  1.514,2 ","23,7%","6,0%","-28,5%","30,2%","14,5%","19,6%","13,7%","  1.514,2 ","23,7%","6,0%","-28,5%","30,2%","14,5%","19,6%","13,7%",Chính thức
,18,NAB,Ngân hàng Nam Á,HOSE,Ngân hàng,Ngân hàng,Ngân hàng,  24.191 ,  14.100 ,"4,4%","6,8%","0,0%","-1,4%",  1.595 ,"  21,4 ","19,6%",  2.891 ,"18,6%","  6,4 ","  5,4 ","  4,9 ","  1,1 ","  1,0 ",  -   ,,"15,7%","17,1%","15,4%","56,8%",,,"  1.296,0 ","26,1%","22,3%","6,5%","18,5%","17,9%","32,8%","18,6%","  1.296,0 ","26,1%","22,3%","6,5%","18,5%","17,9%","32,8%","18,6%",DN ước tính
,19,ABB,Ngân hàng An Bình,UPCoM,Ngân hàng,Ngân hàng,Ngân hàng,  20.892 ,  14.953 ,"2,8%","5,5%","9,2%","3,1%",  1.040 ,"  14,6 ","18,2%",  2.577 ,"0,2%","  43,2 ","  6,0 ","  5,8 ","  0,7 ","  1,2 ",  -   ,,"48,8%","55,3%","114,2%","116,0%",,,"  1.200,0 ","33,3%","116,3%","208,4%","279,4%","137,7%","260,9%","28,2%","  1.200,0 ","33,3%","116,3%","208,4%","279,4%","137,7%","260,9%","28,2%",DN ước tính
,20,PGB,PG Bank,UPCoM,Ngân hàng,Ngân hàng,Ngân hàng,  7.936 ,  11.644 ,"-1,8%","-1,3%","-6,5%","-6,0%",  21 ,"  0,3 ","10,9%",  1.688 ,"30,3%","  22,6 ","  10,7 ","  6,9 ","  1,4 ","  1,0 ","  609,1 ",,"34,4%","24,2%","39,6%","52,4%","20,5%",,"  220,4 ","19,2%","-17,5%","77,8%","176,1%","237,7%","187,8%","98,1%","  220,4 ","19,2%","-17,5%","77,8%","176,1%","237,7%","187,8%","98,1%",Chính thức
,21,VBB,VietBank,UPCoM,Ngân hàng,Ngân hàng,Ngân hàng,  14.827 ,  13.768 ,"-0,9%","34,0%","30,0%","32,2%",  129 ,"  1,6 ","10,5%",  1.560 ,"21,9%","  8,8 ","  13,0 ","  8,8 ","  0,8 ","  1,2 ","  806,2 ",,"48,9%","-11,0%","-0,9%","-2,2%","5,4%",,"  131,4 ","7,8%","245,0%","-21,2%","-14,4%","110,1%","-33,7%","38,9%","  131,4 ","7,8%","245,0%","-21,2%","-14,4%","110,1%","-33,7%","38,9%",Chính thức
,22,NVB,Ngân hàng Quốc Dân,HNX,Ngân hàng,Ngân hàng,Ngân hàng,  20.209 ,  10.500 ,"-6,3%","-3,7%","-15,3%","-22,8%",  211 ,"  2,4 ","0,6%",  589 ,"1259,6%","  20.241,5 ","  309,2 ","  17,8 ","  1,6 ","  1,5 ","  972,9 ",,"91,2%","122,0%","128,8%","119,2%","62,6%",,"  216,0 ","19,1%","459,8%","549,7%","390,1%","87,1%","43,3%","1452207,7%","  216,0 ","19,1%","459,8%","549,7%","390,1%","87,1%","43,3%","1452207,7%",Chính thức
,23,BVB,Ngân hàng Bản Việt - BVBank,UPCoM,Ngân hàng,Ngân hàng,Ngân hàng,  7.883 ,  12.302 ,"-4,2%","4,6%","-10,4%","-7,2%",  1.498 ,"  19,1 ","7,1%",  874 ,"5,4%","  40,5 ","  15,0 ","  14,1 ","  1,1 ","  1,0 ","  898,1 ",,"4,5%","8,6%","59,7%","4,8%","61,4%",,"  172,4 ","30,8%","16,0%","-84,4%","1090,1%","-59,2%","168,9%","34,4%","  172,4 ","30,8%","16,0%","-84,4%","1090,1%","-59,2%","168,9%","34,4%",Chính thức
,24,SGB,Sài Gòn Công thương,UPCoM,Ngân hàng,Ngân hàng,Ngân hàng,  4.145 ,  11.489 ,"-6,8%","-4,6%","-8,6%","-7,0%",  12 ,"  0,2 ","2,7%",  687 ,"119,1%","  30,2 ","  36,6 ","  16,7 ","  1,1 ","  1,0 ","  289,8 ",,"52,2%","2,3%","-13,7%","0,2%","-14,9%",,"  73,5 ","29,6%","29,0%","-15,7%","75,9%","5,6%","-10,2%","104,1%","  73,5 ","29,6%","29,0%","-15,7%","75,9%","5,6%","-10,2%","104,1%",Chính thức
,25,VAB,Ngân hàng Việt Á,HOSE,Ngân hàng,Ngân hàng,Ngân hàng,  8.368 ,  10.250 ,"-1,4%","1,5%","-9,7%","-1,4%",  481 ,"  5,0 ","14,4%",  1.906 ,"8,4%","  6,5 ","  5,8 ","  5,4 ","  0,7 ","  0,8 ","  775,8 ",,"3,5%","3,9%","38,4%","97,0%","16,5%",,"  408,5 ","26,3%","44,5%","12,6%","42,2%","110,6%","39,4%","17,9%","  408,5 ","26,3%","44,5%","12,6%","42,2%","110,6%","39,4%","17,9%",Chính thức
,26,KLB,KienlongBank,HOSE,Ngân hàng,Ngân hàng,Ngân hàng,  8.473 ,  14.650 ,"4,3%","11,4%","-3,3%","-12,1%",  328 ,"  4,7 ","24,7%",  3.596 ,"4,6%","  6,6 ","  4,3 ","  4,1 ","  0,9 ","  1,0 ","  1.082,6 ",,"47,2%","9,7%","21,0%","52,3%","-4,5%",,"  416,8 ","20,0%","66,8%","67,7%","194,9%","123,8%","46,4%","12,1%","  416,8 ","20,0%","66,8%","67,7%","194,9%","123,8%","46,4%","12,1%",Chính thức
,27,SSI,Chứng khoán SSI,HOSE,Dịch vụ tài chính,Môi giới chứng khoán,Môi giới chứng khoán,  68.879 ,  27.650 ,"-3,7%","2,2%","-11,2%","-8,6%",  33.476 ,"  997,2 ","13,9%",  1.874 ,"-12,9%","  20,3 ","  15,2 ","  14,8 ","  2,1 ","  1,7 ","  3.178,1 ","20,3%","9,5%","29,7%","105,9%","62,1%","47,2%","21,1%","  1.277,6 ","27,4%","10,4%","14,0%","85,8%","87,0%","51,4%","13,7%","  1.277,9 ","27,4%","10,4%","14,3%","85,7%","175,3%","51,4%","13,7%",Chính thức
,28,VCK,Chứng Khoán VPS,HOSE,Dịch vụ tài chính,Môi giới chứng khoán,Môi giới chứng khoán,  84.005 ,  34.500 ,"-4,4%","-1,0%","19,7%","10,2%",  5.099 ,"  192,5 ","19,1%",  1.889 ,"5,5%","  19,2 ","  20,6 ","  18,3 ","  2,8 ","  2,8 ","  2.519,2 ","21,9%","-6,5%","0,9%","64,7%","53,3%","71,6%","39,2%","  1.235,2 ","26,9%","45,5%","34,6%","71,7%","21,4%","68,1%","28,5%","  1.235,2 ","26,9%","45,5%","34,6%","71,7%","21,4%","68,1%","28,5%",Chính thức
,29,VPX,Chứng khoán VPBank,HOSE,Dịch vụ tài chính,Môi giới chứng khoán,Môi giới chứng khoán,  51.375 ,  27.400 ,"-5,0%","-7,1%","0,0%","-8,1%",  1.526 ,"  46,2 ","14,0%",  2.753 ,"21,7%","  13,7 ","  13,8 ","  10,0 ","  1,7 ","  1,5 ","  2.871,0 ","25,9%","20,6%","82,6%","512,1%","266,6%","308,0%","40,0%","  435,5 ","8,4%","92,7%","73,3%","595,1%","214,8%","55,2%","44,6%","  435,5 ","8,4%","92,7%","73,3%","595,1%","214,8%","55,2%","44,6%",Chính thức
,30,VND,Chứng khoán VNDIRECT,HOSE,Dịch vụ tài chính,Môi giới chứng khoán,Môi giới chứng khoán,  24.509 ,  16.100 ,"-4,2%","1,6%","-12,7%","-17,2%",  11.636 ,"  198,0 ","10,6%",  -   ,"0,0%","  18,6 ","  11,2 ",  -   ,"  1,4 ","  1,1 ","  1.807,0 ",,"-9,2%","19,4%","74,4%","17,7%","43,6%",,"  545,3 ",,"-38,0%","6,8%","83,9%","36,1%","42,6%",,"  545,3 ",,"-38,0%","6,8%","83,9%","36,1%","42,6%",,Chính thức
,31,VCI,Chứng khoán Vietcap,HOSE,Dịch vụ tài chính,Môi giới chứng khoán,Môi giới chứng khoán,  30.068 ,  26.200 ,"-5,4%","-1,9%","-1,5%","2,4%",  11.526 ,"  390,2 ","9,2%",  1.603 ,"22,0%","  31,5 ","  21,7 ","  16,3 ","  2,3 ","  1,7 ","  1.406,5 ","21,6%","5,5%","26,6%","48,1%","52,8%","65,3%","31,0%","  340,7 ","18,5%","49,1%","-34,1%","95,2%","102,8%","15,6%","37,1%","  340,7 ","18,5%","49,1%","-34,1%","95,2%","102,8%","15,6%","37,1%",Chính thức
,32,HCM,Chứng khoán HSC,HOSE,Dịch vụ tài chính,Môi giới chứng khoán,Môi giới chứng khoán,  28.889 ,  26.750 ,"-0,4%","20,2%","15,3%","21,4%",  13.048 ,"  315,7 ","10,0%",  1.705 ,"23,4%","  19,5 ","  23,2 ","  15,7 ","  1,9 ","  2,0 ","  1.466,4 ","22,3%","15,8%","-1,9%","46,3%","18,3%","46,7%","27,9%","  290,7 ","15,8%","-18,1%","-38,6%","98,1%","40,5%","28,2%","56,2%","  290,7 ","15,8%","-18,1%","-38,6%","98,1%","40,5%","28,2%","56,2%",Chính thức
,33,SHS,Chứng khoán SG - HN,HNX,Dịch vụ tài chính,Môi giới chứng khoán,Môi giới chứng khoán,  15.201 ,  16.900 ,"-7,1%","-1,2%","-9,1%","-18,0%",  16.022 ,"  283,6 ","10,8%",  1.528 ,"4,4%","  16,8 ","  11,6 ","  11,1 ","  1,3 ","  1,2 ","  564,7 ","15,1%","-0,5%","26,1%","195,5%","189,8%","0,6%","1,9%","  231,8 ","16,9%","-26,3%","8,1%","592,6%","-6,9%","-11,8%","2,3%","  231,8 ","16,9%","-26,3%","8,1%","592,6%","-6,9%","-11,8%","2,3%",Chính thức
,34,VIX,Chứng khoán VIX,HOSE,Dịch vụ tài chính,Môi giới chứng khoán,Môi giới chứng khoán,  40.920 ,  16.700 ,"-8,2%","-0,3%","-10,1%","-12,1%",  35.376 ,"  668,4 ","25,6%",  -   ,"0,0%","  23,8 ","  7,9 ",  -   ,"  1,4 ","  1,9 ","  1.653,4 ",,"171,7%","421,6%","481,8%","285,9%","68,8%",,"  138,4 ",,"129,9%","951,5%","823,0%","1046,8%","-62,8%",,"  138,4 ",,"129,9%","951,5%","823,0%","1046,8%","-62,8%",,Chính thức
,35,DSE,Chứng Khoán DNSE,HOSE,Dịch vụ tài chính,Môi giới chứng khoán,Môi giới chứng khoán,  9.828 ,  22.950 ,"-4,0%","-4,6%","-5,6%","-1,9%",  334 ,"  7,9 ","5,1%",  1.027 ,"58,2%","  37,0 ","  42,6 ","  22,3 ","  2,0 ","  1,8 ","  395,1 ","22,8%","34,1%","46,4%","152,7%","85,9%","62,3%","19,1%","  11,3 ","2,6%","-24,3%","114,7%","208,3%","-72,0%","-78,7%","61,5%","  11,3 ","2,6%","-24,3%","114,7%","208,3%","-72,0%","-78,7%","61,5%",Chính thức
,36,FTS,Chứng khoán FPT,HOSE,Dịch vụ tài chính,Môi giới chứng khoán,Môi giới chứng khoán,  9.026 ,  26.050 ,"-6,1%","1,8%","-20,1%","-20,9%",  993 ,"  29,0 ","9,2%",  1.270 ,"8,3%","  26,0 ","  22,4 ","  20,5 ","  2,9 ","  2,0 ","  378,4 ","31,5%","4,3%","-21,7%","26,6%","16,2%","21,3%","-0,5%","  159,9 ","36,3%","-8,2%","-62,2%","-31,7%","-19,7%","4,5%","10,9%","  159,9 ","36,3%","-8,2%","-62,2%","-31,7%","-19,7%","4,5%","10,9%",Chính thức
,37,BSI,Chứng khoán BIDV,HOSE,Dịch vụ tài chính,Môi giới chứng khoán,Môi giới chứng khoán,  8.600 ,  35.050 ,"-5,1%","2,2%","-10,4%","-6,8%",  398 ,"  14,7 ","9,2%",  2.282 ,"11,7%","  27,1 ","  17,2 ","  15,4 ","  2,0 ","  1,5 ","  697,1 ",,"-4,1%","19,4%","115,6%","77,6%","106,8%",,"  88,8 ","15,9%","-40,9%","-11,2%","207,9%","4,3%","9,5%","13,4%","  88,8 ","15,9%","-40,9%","-11,2%","207,9%","4,3%","9,5%","13,4%",Chính thức
,38,MBS,Chứng khoán MB,HNX,Dịch vụ tài chính,Môi giới chứng khoán,Môi giới chứng khoán,  19.418 ,  19.400 ,"-6,3%","1,1%","-8,5%","-7,0%",  5.110 ,"  126,2 ","15,0%",  1.479 ,"-17,5%","  18,1 ","  16,8 ","  13,1 ","  2,3 ","  2,3 ","  1.019,1 ","21,8%","-0,7%","-10,3%","44,3%","34,1%","52,4%","28,5%","  291,6 ","19,7%","47,4%","2,0%","85,9%","86,4%","8,4%","30,9%","  291,6 ","19,7%","47,4%","2,0%","85,9%","86,4%","8,4%","30,9%",Chính thức
,39,DSC,Chứng khoán DSC,HOSE,Dịch vụ tài chính,Môi giới chứng khoán,Môi giới chứng khoán,  3.620 ,  13.000 ,"0,0%","1,6%","-13,0%","-10,3%",  37 ,"  0,5 ","9,9%",  1.023 ,"-7,5%","  27,4 ","  13,0 ","  12,7 ","  1,8 ","  1,2 ","  182,8 ","24,5%","-2,1%","12,7%","77,2%","61,2%","39,4%","7,5%","  57,7 ","20,3%","-8,7%","123,2%","86,3%","64,4%","7,3%","3,5%","  57,7 ","20,3%","-8,7%","123,2%","86,3%","64,4%","7,3%","3,5%",Chính thức
,40,CTS,Chứng khoán Vietinbank,HOSE,Dịch vụ tài chính,Môi giới chứng khoán,Môi giới chứng khoán,  5.551 ,  26.100 ,"-6,1%","-2,8%","-16,4%","-21,3%",  789 ,"  22,7 ","19,4%",  1.708 ,"-32,4%","  31,7 ","  10,3 ","  15,3 ","  2,4 ","  1,9 ","  351,9 ",,"43,6%","111,3%","116,4%","200,4%","-24,3%",,"  65,8 ","18,1%","6,7%","741,4%","413,4%","-56,8%","-37,9%","-37,1%","  65,8 ","18,1%","6,7%","741,4%","413,4%","-56,8%","-37,9%","-37,1%",Chính thức
,41,ORS,Chứng khoán Tiên Phong,HOSE,Dịch vụ tài chính,Môi giới chứng khoán,Môi giới chứng khoán,  8.205 ,  13.150 ,"-3,3%","0,0%","-7,4%","0,0%",  2.731 ,"  37,4 ","2,8%",  549 ,"40,4%","  (1,5)","  51,5 ","  24,0 ","  1,2 ","  1,1 ","  270,5 ","12,0%","-6,8%","-47,9%","-34,3%","-21,5%","-39,5%","51,6%","  33,7 ","9,9%","-109,5%","-204,9%","0,8%","37,7%","570,8%","188,9%","  33,7 ","9,9%","-109,5%","-204,9%","0,8%","37,7%","570,8%","188,9%",Chính thức
,42,VDS,Chứng khoán Rồng Việt,HOSE,Dịch vụ tài chính,Môi giới chứng khoán,Môi giới chứng khoán,  3.930 ,  14.450 ,"-3,7%","0,4%","-21,5%","-14,5%",  1.045 ,"  17,3 ","7,9%",  1.505 ,"72,6%","  18,8 ","  16,7 ","  9,6 ","  1,6 ","  1,3 ","  202,8 ","15,4%","-41,4%","-43,1%","107,5%","44,8%","20,0%","26,6%","  (29,5)","-7,2%","-84,6%","-109,4%","241,5%","135,0%","-255,1%","44,6%","  (28,5)","-7,0%","-84,2%","-109,2%","237,5%","149,8%","-249,4%","44,6%",Chính thức
,43,AGR,Agriseco,HOSE,Dịch vụ tài chính,Môi giới chứng khoán,Môi giới chứng khoán,  3.311 ,  14.500 ,"-3,0%","-0,3%","-10,2%","-9,9%",  675 ,"  10,5 ","6,0%",  -   ,"0,0%","  26,6 ","  21,7 ",  -   ,"  1,5 ","  1,3 ","  145,3 ",,"12,5%","-19,8%","59,9%","22,9%","40,1%",,"  43,5 ",,"-8,5%","-53,2%","118,2%","-32,6%","33,8%",,"  43,5 ",,"-8,5%","-53,2%","118,2%","-32,6%","33,8%",,Chính thức
,44,TVS,Chứng khoán Thiên Việt,HOSE,Dịch vụ tài chính,Môi giới chứng khoán,Môi giới chứng khoán,  3.075 ,  13.700 ,"-0,7%","3,8%","-5,2%","-7,3%",  128 ,"  1,8 ","9,0%",  1.513 ,"25,7%","  15,7 ","  12,5 ","  9,1 ","  1,5 ","  1,1 ","  258,7 ",,"-52,3%","-28,7%","116,6%","-20,5%","45,8%",,"  2,4 ","0,7%","-57,2%","100,5%","273,3%","-90,5%","-94,4%","18,5%","  2,2 ","0,6%","-57,1%","99,9%","273,3%","-90,7%","-95,0%","18,5%",Chính thức
,45,BVS,Chứng khoán Bảo Việt,HNX,Dịch vụ tài chính,Môi giới chứng khoán,Môi giới chứng khoán,  1.848 ,  25.600 ,"-6,9%","-2,7%","-14,4%","-12,0%",  255 ,"  7,2 ","7,7%",  -   ,"0,0%","  12,3 ","  9,0 ",  -   ,"  1,0 ","  0,7 ","  282,5 ",,"-24,2%","-15,0%","89,9%","15,2%","58,2%",,"  20,9 ",,"-24,9%","50,2%","128,0%","-50,6%","-49,1%",,"  20,9 ",,"-24,9%","50,2%","128,0%","-50,6%","-49,1%",,Chính thức
,46,APG,Chứng khoán APG,HOSE,Dịch vụ tài chính,Môi giới chứng khoán,Môi giới chứng khoán,  1.094 ,  4.890 ,"-6,7%","-15,0%","-53,2%","-53,2%",  789 ,"  4,9 ","0,1%",  -   ,"0,0%","  1,7 ","  349,1 ",  -   ,"  1,0 ","  0,5 ","  85,0 ",,"-18,0%","148,0%","232,7%","1450,8%","243,0%",,"  6,5 ",,"41,0%","-115,7%","113,0%","50,8%","-26,4%",,"  6,5 ",,"41,0%","-115,7%","113,0%","50,8%","-26,4%",,Chính thức
,47,VFS,Chứng khoán Nhất Việt,HNX,Dịch vụ tài chính,Môi giới chứng khoán,Môi giới chứng khoán,  1.806 ,  12.900 ,"-2,3%","-12,8%","-15,1%","-15,7%",  1.905 ,"  27,2 ","8,4%",  1.170 ,"14,7%","  19,6 ","  12,6 ","  11,0 ","  1,5 ","  1,0 ","  130,2 ","21,4%","49,4%","123,4%","97,5%","71,3%","39,6%","19,6%","  25,5 ","15,6%","16,9%","16,7%","32,3%","11,9%","-19,5%","10,0%","  25,5 ","15,6%","16,9%","16,7%","32,3%","11,9%","-19,5%","10,0%",Chính thức
,48,AAS,Chứng khoán SmartInvest,UPCoM,Dịch vụ tài chính,Môi giới chứng khoán,Môi giới chứng khoán,  1.918 ,  8.340 ,"-3,6%","-0,7%","-20,5%","-20,2%",  1.381 ,"  12,6 ","5,3%",  748 ,"23,5%","  18,9 ","  13,8 ","  11,2 ","  0,8 ","  0,7 ","  88,8 ","14,8%","-17,4%","9,5%","143,0%","9,9%","-15,1%","10,9%","  10,2 ","5,9%","-21,5%","-1,0%","600,3%","-303,5%","-65,1%","8,8%","  10,2 ","5,9%","-21,5%","-1,0%","600,3%","-303,5%","-65,1%","8,8%",Chính thức
,49,PHS,Chứng khoán Phú Hưng,UPCoM,Dịch vụ tài chính,Môi giới chứng khoán,Môi giới chứng khoán,  1.920 ,  9.600 ,"-0,1%","-19,3%","-18,0%","-8,6%",  0 ,"  0,0 ","3,9%",  702 ,"71,3%","  1.341,7 ","  23,4 ","  13,7 ","  1,2 ","  0,9 ","  174,2 ","22,0%","-24,4%","15,8%","72,1%","70,8%","55,5%","27,7%","  3,5 ","2,5%","18,0%","3058,8%","485,6%","1749,6%","-76,5%","50,4%","  3,5 ","2,5%","18,0%","3058,8%","485,6%","1749,6%","-76,5%","50,4%",Chính thức
,50,EVS,Chứng khoán EVS,HNX,Dịch vụ tài chính,Môi giới chứng khoán,Môi giới chứng khoán,  758 ,  4.600 ,"-9,8%","-9,8%","-19,3%","-22,0%",  135 ,"  0,7 ","-8,1%",  36 ,"103,8%","  36,0 ","  (4,9)","  127,6 ","  0,6 ","  0,4 ","  8,2 ","6,6%","69,8%","-49,0%","154,1%","-36,1%","-90,6%","-55,5%","  (157,5)","-2651,7%","-31,2%","-146,4%","117,6%","-63,8%","-1618,1%","-50,9%","  (157,5)","-2651,7%","-31,2%","-146,4%","117,6%","-63,8%","-1618,1%","-50,9%",Chính thức
,51,TCI,Chứng khoán Thành Công,HOSE,Dịch vụ tài chính,Môi giới chứng khoán,Môi giới chứng khoán,  1.208 ,  10.450 ,"3,5%","17,4%","16,5%","6,7%",  139 ,"  1,3 ","-0,2%",  -   ,"0,0%","  21,5 ","  (541,5)",  -   ,"  0,9 ","  0,9 ","  81,1 ",,"32,1%","20,0%","163,9%","81,1%","8,6%",,"  0,5 ",,"3,2%","49,1%","236,3%","-8490,8%","-98,0%",,"  0,5 ",,"4,1%","48,7%","235,4%","-8645,7%","-97,8%",,Chính thức
,52,SBS,Chứng khoán SBS,UPCoM,Dịch vụ tài chính,Môi giới chứng khoán,Môi giới chứng khoán,  750 ,  5.115 ,"-2,2%","-5,4%","-13,0%","-16,5%",  711 ,"  3,9 ","-0,4%",  55 ,"914,4%","  350,0 ","  (763,6)","  93,7 ","  3,2 ","  3,3 ","  33,3 ","23,8%","-46,0%","13,7%","98,4%","33,5%","87,0%","0,3%","  (5,3)","-65,9%","-18,8%","-275,9%","216,8%","71,1%","88,3%","119,7%","  (5,3)","-65,9%","-18,8%","-275,9%","216,8%","71,1%","88,3%","119,7%",Chính thức
,53,IVS,Chứng khoán Guotai Junan (Việt Nam),HNX,Dịch vụ tài chính,Môi giới chứng khoán,Môi giới chứng khoán,  672 ,  6.400 ,"-1,5%","-9,9%","-22,0%","-34,0%",  82 ,"  0,6 ","1,7%",  349 ,"84,6%","  38,8 ","  33,8 ","  18,3 ","  0,9 ","  0,6 ","  30,9 ","23,8%","-3,7%","45,1%","64,5%","68,4%","67,3%","21,3%","  10,9 ","29,8%","-32,8%","82,9%","-4,8%","-393,1%","164,2%","180,5%","  10,9 ","29,8%","-32,8%","82,9%","-4,8%","-393,1%","164,2%","180,5%",Chính thức
,54,TVB,Chứng khoán T-Cap,HOSE,Dịch vụ tài chính,Môi giới chứng khoán,Môi giới chứng khoán,  810 ,  7.420 ,"-3,6%","2,3%","-6,9%","-8,2%",  27 ,"  0,2 ","-2,8%",  825 ,"389,9%","  8,6 ","  (25,6)","  9,0 ","  0,8 ","  0,8 ","  18,0 ","10,6%","-54,1%","-90,0%","-16,8%","78,1%","-54,8%","87,1%","  (19,8)","-22,0%","-21,1%","-182,3%","-2,8%","-266,8%","-160,6%","331,1%","  (19,8)","-22,0%","-21,1%","-182,3%","-2,8%","-266,8%","-160,6%","331,1%",Chính thức
,55,BMS,Chứng khoán Bảo Minh,UPCoM,Dịch vụ tài chính,Môi giới chứng khoán,Môi giới chứng khoán,  3.091 ,  15.157 ,"2,6%","6,4%","16,0%","19,5%",  167 ,"  2,4 ","9,7%",  1.020 ,"-21,5%","  14,7 ","  20,2 ","  14,9 ","  1,0 ","  1,4 ","  69,7 ","8,7%","0,1%","188,5%","69,1%","115,3%","-19,3%","50,8%","  35,9 ","17,2%","-171,4%","277,9%","5,7%","22,6%","418,8%","96,7%","  35,9 ","17,2%","-171,4%","277,9%","5,7%","22,6%","418,8%","96,7%",Chính thức
,56,VUA,Chứng khoán Stanley Brothers,UPCoM,Dịch vụ tài chính,Môi giới chứng khoán,Môi giới chứng khoán,  3.227 ,  16.133 ,"14,4%","-7,3%","-5,1%","21,6%",  0 ,"  0,0 ","3,6%",  -   ,"0,0%","  (142,9)","  131,6 ",  -   ,"  2,4 ","  1,7 ","  33,4 ",,"11,1%","-73,1%","-83,2%","313,7%","1627,6%",,"  18,0 ",,"38,6%","-394,8%","27,4%","160,6%","654,5%",,"  18,0 ",,"38,6%","-394,8%","27,4%","160,6%","654,5%",,Chính thức
,57,CSI,Chứng khoán Kiến thiết VN,UPCoM,Dịch vụ tài chính,Môi giới chứng khoán,Môi giới chứng khoán,  286 ,  17.000 ,"2,4%","19,8%","-20,5%","-39,3%",  3 ,"  0,1 ","2,4%",  -   ,"0,0%","  50,1 ","  68,8 ",  -   ,"  3,2 ","  1,7 ","  15,5 ",,"866,7%","3789,0%","614,1%","207,7%","153,0%",,"  (8,8)",,"-25,8%","326,8%","453,0%","18,3%","-62,3%",,"  (8,8)",,"-25,8%","326,8%","453,0%","18,3%","-62,3%",,Chính thức
,58,APS,CK Châu Á - TBD,HNX,Dịch vụ tài chính,Môi giới chứng khoán,Môi giới chứng khoán,  490 ,  5.900 ,"-3,3%","-4,8%","-11,9%","-19,2%",  443 ,"  2,9 ","-4,7%",  -   ,"0,0%","  (221,0)","  (13,4)",  -   ,"  0,8 ","  0,7 ","  15,4 ",,"-1,7%","-71,2%","139,1%","-19,4%","-34,5%",,"  (29,8)",,"-407,0%","-125,2%","208,6%","-58,3%","-19,6%",,"  (29,8)",,"-407,0%","-125,2%","208,6%","-58,3%","-19,6%",,Chính thức
,59,PSI,Chứng khoán Dầu khí,HNX,Dịch vụ tài chính,Môi giới chứng khoán,Môi giới chứng khoán,  491 ,  8.200 ,"5,1%","5,1%","3,8%","6,5%",  313 ,"  2,5 ","8,3%",  846 ,"-18,6%","  16,9 ","  7,9 ","  9,7 ","  0,7 ","  0,6 ","  128,3 ","25,4%","3,2%","55,7%","59,9%","39,8%","34,6%","6,0%","  25,9 ","51,1%","-20,0%","29,9%","372,3%","70,5%","211,6%","13,5%","  25,9 ","51,1%","-20,0%","29,9%","372,3%","70,5%","211,6%","13,5%",Chính thức
,60,HAC,Chứng khoán Hải Phòng,UPCoM,Dịch vụ tài chính,Môi giới chứng khoán,Môi giới chứng khoán,  1.292 ,  10.000 ,"-14,0%","6,8%","5,3%","15,7%",  2 ,"  0,0 ","10,8%",  491 ,"-59,2%","  52,3 ","  21,3 ","  20,4 ","  1,1 ","  1,0 ","  30,7 ","22,1%","-74,6%","260,2%","-43,9%","180,4%","378,6%","62,5%","  14,6 ","23,0%","-109,7%","1207,6%","-445,8%","292,2%","1371,4%","41,4%","  14,6 ","23,0%","-109,7%","1207,6%","-445,8%","177,0%","1371,4%","41,4%",Chính thức
,61,VIG,Chứng khoán Đầu tư Tài chính Việt Nam,HNX,Dịch vụ tài chính,Môi giới chứng khoán,Môi giới chứng khoán,  208 ,  4.600 ,"-2,1%","-4,2%","-16,4%","-19,3%",  95 ,"  0,5 ","0,0%",  569 ,"31520,9%","  54,6 ","  2.549,1 ","  8,1 ","  0,9 ","  0,6 ","  5,4 ","7,1%","-69,9%","-75,3%","311,7%","28,6%","35,2%","95,3%","  (1,5)","-5,6%","-129,2%","-238,1%","1001,3%","158,6%","51,7%","9732,7%","  (1,5)","-5,6%","-129,2%","-238,1%","1001,3%","158,6%","51,7%","9732,7%",Chính thức
,62,WSS,Chứng khoán Phố Wall,HNX,Dịch vụ tài chính,Môi giới chứng khoán,Môi giới chứng khoán,  317 ,  6.300 ,"0,0%","0,0%","-3,1%","-6,0%",  14 ,"  0,1 ","10,4%",  73 ,"-93,3%","  5,1 ","  5,8 ","  86,1 ","  0,6 ","  0,6 ","  15,3 ","33,9%","-46,0%","1303,1%","196,9%","513,9%","126,0%","-42,3%","  12,2 ","330,6%","113,8%","921,6%","219,0%","271,7%","314,6%","-91,9%","  12,2 ","330,6%","113,8%","921,6%","219,0%","271,7%","314,6%","-91,9%",Chính thức
,63,EVF,Tài chính Tổng hợp Điện lực,HOSE,Dịch vụ tài chính,Tài chính cá nhân,Dịch vụ tài chính,  9.887 ,  13.000 ,"-7,1%","-9,1%","11,6%","17,7%",  10.559 ,"  143,4 ","9,4%",  1.394 ,"15,2%","  14,4 ","  10,7 ","  9,3 ","  1,0 ","  1,0 ","  487,4 ",,"0,7%","49,2%","95,5%","52,3%","14,4%",,"  266,6 ","25,2%","83,4%","105,2%","40,4%","20,7%","10,9%","18,5%","  266,6 ","25,2%","83,4%","105,2%","40,4%","20,7%","10,9%","18,5%",Chính thức
,64,TIN,Tài chính Cổ phần Tín Việt,UPCoM,Dịch vụ tài chính,Quản lý tài sản,Quản lý tài sản,  14.086 ,  154.491 ,"-5,4%","20,8%","55,3%","176,2%",  40 ,"  5,3 ","80,5%",  21.058 ,"31,7%","  (4,0)","  9,7 ","  7,3 ","  2,1 ","  5,7 ","  1.193,5 ",,"-2,2%","346,4%","213,1%","229,5%","254,6%",,"  461,5 ","24,0%","968,3%","208,7%","1111,2%","534,5%","508,7%","79,0%","  461,5 ","24,0%","968,3%","208,7%","1111,2%","534,5%","508,7%","79,0%",Chính thức
,65,BIC,Bảo hiểm BIDV,HOSE,Bảo hiểm,Bảo hiểm phi nhân thọ,Bảo hiểm,  4.840 ,  23.950 ,"1,3%","-0,8%","-10,0%","5,0%",  137 ,"  3,3 ","17,5%",  -   ,"0,0%","  14,3 ","  10,2 ",  -   ,"  1,4 ","  1,5 ","  1.031,7 ",,"6,1%","-0,7%","3,1%","-10,5%","9,1%",,"  90,9 ",,"46,3%","3,2%","28,5%","-17,9%","-41,5%",,"  87,2 ",,"46,8%","3,0%","28,4%","-18,8%","-43,4%",,Chính thức
,66,MIG,Bảo hiểm Quân đội,HOSE,Bảo hiểm,Bảo hiểm phi nhân thọ,Bảo hiểm,  3.722 ,  17.600 ,"-4,9%","-9,3%","-2,2%","-0,9%",  372 ,"  7,0 ","12,4%",  2.080 ,"34,7%","  12,7 ","  11,4 ","  8,5 ","  1,5 ","  1,4 ","  736,2 ","10,5%","27,2%","16,4%","13,9%","12,4%","8,3%","158,4%","  102,2 ","23,2%","30,5%","48,5%","399,0%","-78,4%","1,8%","35,4%","  102,2 ","23,2%","30,5%","48,5%","399,0%","-78,4%","1,8%","35,4%",Chính thức
,67,PGI,Bảo hiểm PJICO,HOSE,Bảo hiểm,Bảo hiểm phi nhân thọ,Bảo hiểm,  2.146 ,  19.350 ,"-1,3%","-3,3%","0,3%","-3,3%",  2 ,"  0,0 ","13,0%",  2.341 ,"3,3%","  11,2 ","  8,5 ","  8,3 ","  1,4 ","  1,1 ","  860,5 ","14,7%","-0,7%","9,7%","18,7%","6,4%","10,3%","86,3%","  77,1 ","29,7%","5,3%","-2,4%","1,2%","30,4%","8,2%","5,7%","  77,1 ","29,7%","5,3%","-2,4%","1,2%","30,4%","8,2%","5,7%",Chính thức
,68,PTI,Bảo hiểm Bưu điện,HNX,Bảo hiểm,Bảo hiểm phi nhân thọ,Bảo hiểm,  3.594 ,  29.800 ,"1,0%","1,0%","-3,9%","-12,4%",  1 ,"  0,0 ","11,0%",  2.123 ,"-11,1%","  6,9 ","  12,5 ","  14,0 ","  1,3 ","  1,3 ","  818,4 ","19,8%","-18,1%","-18,7%","-11,3%","-5,3%","3,9%","44,0%","  66,5 ","26,0%","2,1%","-36,8%","61,5%","-13,8%","-4,9%","-12,2%","  66,5 ","26,0%","1,9%","-36,8%","61,5%","-13,4%","-4,8%","-12,2%",Chính thức
,69,PRE,Tái bảo hiểm PVI,HNX,Bảo hiểm,Tái bảo hiểm,Bảo hiểm,  2.526 ,  24.200 ,"7,6%","11,5%","7,6%","13,1%",  7 ,"  0,1 ","15,7%",  2.268 ,"-12,0%","  9,4 ","  9,4 ","  10,7 ","  1,3 ","  1,5 ","  395,0 ","10,0%","22,5%","28,3%","13,8%","61,8%","0,5%","179,2%","  80,7 ","34,1%","9,4%","9,3%","251,5%","-34,8%","57,1%","-1,2%","  80,7 ","34,1%","9,4%","9,3%","251,5%","-34,8%","57,1%","-1,2%",Chính thức
,70,ABI,BH NH Nông Nghiệp,UPCoM,Bảo hiểm,Bảo hiểm phi nhân thọ,Bảo hiểm,  1.975 ,  19.491 ,"0,2%","-2,6%","-4,5%","-4,4%",  54 ,"  1,1 ","15,4%",  -   ,"0,0%","  8,8 ","  7,4 ",  -   ,"  1,2 ","  1,1 ","  593,7 ",,"16,1%","9,2%","12,4%","15,8%","13,3%",,"  94,9 ",,"16,9%","-15,1%","436,0%","-27,6%","17,3%",,"  94,9 ",,"16,9%","-15,1%","436,0%","-27,6%","17,3%",,Chính thức
,71,AIC,Bảo hiểm DBV,UPCoM,Bảo hiểm,Bảo hiểm phi nhân thọ,Bảo hiểm,  960 ,  9.600 ,"-4,0%","-0,7%","-7,7%","-4,0%",  0 ,"  0,0 ","2,9%",  440 ,"34,4%","  7,4 ","  29,3 ","  21,8 ","  1,0 ","  0,8 ","  579,7 ","9,2%","25,3%","20,4%","61,6%","39,5%","21,3%","170,7%","  8,7 ","19,7%","5,8%","61,8%","67,9%","-37,3%","-1,8%","33,7%","  8,7 ","19,7%","5,8%","61,8%","67,9%","-37,3%","-1,8%","33,7%",Chính thức
,72,VHM,Vinhomes,HOSE,Bất động sản,Bất động sản,Bất động sản dân cư,  599.682 ,  146.000 ,"6,6%","41,8%","36,5%","17,7%",  6.404 ,"  708,8 ","27,8%",  14.122 ,"-10,4%","  8,7 ","  9,3 ","  10,3 ","  1,3 ","  2,3 ","  65.114,2 ","22,8%","91,2%","-33,1%","-50,7%","215,2%","314,8%","85,9%","  25.625,4 ","42,7%","193,3%","-23,2%","-50,6%","93,6%","866,3%","38,5%","  25.551,9 ","44,0%","203,9%","-31,1%","-46,8%","126,3%","850,3%","38,5%",Chính thức
,73,GAS,PV Gas,HOSE,Tiện ích,Phân phối xăng dầu & khí đốt,Phân phối xăng dầu & khí đốt,  181.454 ,  75.200 ,"-5,1%","-8,4%","-35,6%","3,9%",  2.677 ,"  268,3 ","17,3%",  -   ,"0,0%","  15,2 ","  15,6 ",  -   ,"  2,7 ","  2,6 ","  38.019,6 ",,"10,1%","0,1%","41,3%","75,1%","48,1%",,"  2.994,1 ",,"8,6%","40,8%","1,3%","-32,4%","8,4%",,"  2.944,6 ",,"9,7%","43,0%","1,1%","-33,4%","6,8%",,Chính thức
,74,VIC,VinGroup,HOSE,Bất động sản,Bất động sản,Bất động sản,  1.649.091 ,  214.000 ,"20,9%","61,4%","52,3%","26,2%",  4.777 ,"  741,7 ","8,0%",  4.659 ,"209,3%","  48,0 ","  141,6 ","  45,9 ","  2,7 ","  11,1 ","  104.352,0 ","21,5%","285,6%","9,7%","-37,7%","161,0%","24,5%","46,2%","  5.610,8 ","16,0%","68,0%","216,8%","50,1%","189,8%","150,1%","216,3%","  7.276,0 ","20,3%","-12,0%","73,3%","-87,9%","113,1%","4,3%","216,3%",Chính thức
,75,HPG,Hòa Phát,HOSE,Tài nguyên Cơ bản,Thép và sản phẩm thép,Thép và sản phẩm thép,  212.994 ,  27.750 ,"-1,1%","4,7%","2,4%","5,1%",  44.749 ,"  1.231,3 ","12,7%",  2.855 ,"41,8%","  30,0 ","  10,1 ","  9,7 ","  1,6 ","  1,7 ","  53.300,0 ","25,4%","21,9%","-9,2%","7,2%","33,9%","41,7%","34,5%","  9.025,0 ","41,0%","16,8%","28,5%","32,8%","38,4%","169,4%","41,8%","  8.989,1 ","41,0%","16,5%","28,2%","31,9%","37,6%","168,8%","41,8%",DN ước tính
,76,FPT,FPT Corp,HOSE,Công nghệ Thông tin,Phần mềm,Công nghệ Thông tin,  128.615 ,  75.500 ,"0,5%","-0,8%","-28,8%","-21,2%",  11.992 ,"  1.011,0 ","26,8%",  4.559 ,"-19,9%","  21,5 ","  13,3 ","  16,6 ","  5,5 ","  3,3 ","  12.480,0 ","21,3%","13,9%","9,0%","8,2%","14,9%","-22,3%","-16,4%","  2.476,8 ","26,6%","20,1%","19,8%","17,1%","19,8%","-4,6%","-17,2%","  2.487,4 ","32,0%","20,9%","20,4%","16,6%","19,8%","14,4%","-17,2%",Chính thức
,77,VNM,VINAMILK,HOSE,Thực phẩm và đồ uống,Thực phẩm,Sản phẩm từ sữa,  127.278 ,  60.900 ,"-0,7%","-1,0%","-14,4%","-0,5%",  5.865 ,"  380,0 ","29,9%",  4.701 ,"4,4%","  15,5 ","  12,4 ","  13,0 ","  4,3 ","  4,2 ","  15.182,0 ","22,8%","-8,3%","0,4%","9,1%","10,1%","17,4%","4,4%","  2.458,0 ","25,0%","-28,1%","-7,7%","4,5%","31,7%","54,9%","4,4%","  2.457,1 ","25,0%","-28,5%","-7,3%","5,1%","33,7%","56,7%","4,4%",DN ước tính
,78,GVR,Tập đoàn CN Cao su VN,HOSE,Hóa chất,"Nhựa, cao su & sợi",Bất động sản công nghiệp,  134.800 ,  33.700 ,"2,1%","5,0%","-17,5%","28,6%",  5.206 ,"  191,6 ","11,0%",  -   ,"0,0%","  32,6 ","  21,4 ",  -   ,"  2,1 ","  2,3 ","  8.845,2 ",,"23,8%","26,6%","20,5%","-6,9%","55,8%",,"  2.513,4 ",,"108,6%","68,9%","95,2%","-63,2%","85,4%",,"  2.250,8 ",,"149,1%","76,3%","101,0%","-60,3%","90,0%",,Chính thức
,79,MSN,Tập đoàn Masan,HOSE,Thực phẩm và đồ uống,Thực phẩm,Thực phẩm,  111.046 ,  76.800 ,"-0,5%","4,8%","-8,7%","-0,3%",  6.742 ,"  519,0 ","14,4%",  3.319 ,"1,6%","  105,0 ","  22,4 ","  23,1 ","  3,5 ","  3,0 ","  24.019,8 ","24,5%","0,2%","-9,0%","-1,5%","2,4%","27,1%","20,1%","  1.973,6 ","25,0%","105,3%","71,2%","43,4%","48,4%","100,8%","16,8%","  1.245,8 ","26,0%","277,1%","105,4%","72,4%","113,3%","216,6%","16,8%",Chính thức
,80,MCH,Hàng Tiêu Dùng MaSan,HOSE,Thực phẩm và đồ uống,Thực phẩm,Thực phẩm khác,  177.341 ,  137.000 ,"-2,1%","-5,7%","-13,4%","-24,2%",  346 ,"  51,3 ","40,3%",  5.939 ,"11,2%","  15,8 ","  25,9 ","  23,1 ","  6,8 ","  10,3 ","  8.472,2 ","24,2%","13,8%","-15,1%","-5,9%","3,7%","13,1%","14,5%","  1.800,1 ","23,1%","-3,3%","-24,7%","-18,9%","-11,1%","11,5%","15,3%","  1.777,6 ","23,1%","-3,6%","-24,5%","-19,1%","-10,7%","12,1%","15,3%",Chính thức
,81,MWG,Thế giới di động,HOSE,Bán lẻ,Phân phối hàng chuyên dụng,Bán lẻ,  123.348 ,  84.000 ,"5,0%","3,7%","-6,2%","-5,0%",  8.176 ,"  695,9 ","25,4%",  6.231 ,"12,2%","  68,4 ","  15,0 ","  13,5 ","  3,3 ","  3,5 ","  46.462,0 ","25,1%","14,8%","10,2%","16,7%","22,4%","28,6%","18,6%","  2.757,6 ","30,0%","71,4%","41,4%","121,4%","144,5%","78,2%","30,1%","  2.714,4 ","29,7%","71,3%","40,6%","121,3%","144,2%","75,6%","30,1%",Chính thức
,82,SAB,SABECO,HOSE,Thực phẩm và đồ uống,Sản xuất bia,Bia và đồ uống,  60.922 ,  47.500 ,"2,9%","7,6%","-5,6%","1,1%",  981 ,"  45,9 ","22,0%",  3.723 ,"-0,8%","  17,0 ","  12,7 ","  12,8 ","  3,1 ","  2,7 ","  6.457,2 ","22,3%","-19,1%","-15,9%","-16,1%","-23,5%","11,1%","11,9%","  1.245,4 ","25,2%","-21,9%","-5,2%","20,9%","13,0%","55,8%","8,0%","  1.184,8 ","24,8%","-20,5%","-3,3%","21,6%","10,0%","49,4%","8,0%",Chính thức
,83,BSR,Lọc Hóa dầu Bình Sơn,HOSE,Dầu khí,Sản xuất và Khai thác dầu khí,Sản xuất và Khai thác dầu khí,  118.172 ,  23.600 ,"-9,8%","-14,5%","8,0%","46,6%",  19.310 ,"  557,8 ","9,0%",  431 ,"-58,6%","  (162,0)","  9,0 ","  54,7 ","  1,3 ","  2,0 ","  45.919,5 ","29,8%","3,9%","50,6%","10,5%","4,6%","44,0%","8,9%","  8.265,5 ","382,3%","-64,2%","10,2%","175,1%","3772,9%","1969,2%","-58,6%","  8.264,7 ","382,5%","-65,1%","8,2%","175,0%","3741,0%","1972,8%","-58,6%",Chính thức
,84,VRE,Vincom Retail,HOSE,Bất động sản,Bất động sản,Phát triển & vận hành Bất động sản khác,  73.396 ,  32.300 ,"10,2%","25,4%","7,7%","-4,0%",  7.193 ,"  202,4 ","14,6%",  2.365 ,"-21,8%","  13,3 ","  10,7 ","  13,7 ","  1,4 ","  1,5 ","  2.293,6 ","22,6%","-5,5%","-13,6%","8,3%","8,7%","7,6%","14,6%","  1.606,3 ","29,9%","8,8%","20,7%","51,9%","145,0%","36,4%","-16,6%","  1.606,3 ","29,9%","8,8%","20,7%","51,9%","145,0%","36,4%","-16,6%",Chính thức
,85,VJC,Vietjet Air,HOSE,Du lịch và Giải trí,Dịch vụ hàng không,Hàng không,  106.490 ,  180.000 ,"1,0%","14,7%","9,8%","-13,9%",  1.312 ,"  216,2 ","10,1%",  -   ,"0,0%","  39,2 ","  42,7 ",  -   ,"  3,6 ","  4,3 ","  21.021,3 ",,"0,9%","10,1%","-6,8%","47,7%","17,1%",,"  1.023,4 ",,"19,0%","121,0%","-43,9%","43618,4%","59,6%",,"  1.013,5 ",,"19,4%","121,4%","-44,1%","67800,0%","58,2%",,Chính thức
,86,VEA,Máy động lực và Máy NN,UPCoM,Hàng & Dịch vụ Công nghiệp,Máy công nghiệp,Công nghiệp nặng,  44.187 ,  33.253 ,"-0,7%","-0,2%","-6,9%","-1,3%",  523 ,"  18,0 ","27,1%",  -   ,"0,0%","  7,3 ","  5,8 ",  -   ,"  1,8 ","  1,7 ","  1.273,5 ",,"16,3%","1,7%","3,9%","13,8%","21,7%",,"  1.764,5 ",,"-11,0%","17,0%","9,2%","-20,7%","38,1%",,"  1.742,1 ",,"-11,3%","17,5%","8,9%","-20,6%","38,3%",,Chính thức
,87,DGC,Hóa chất Đức Giang,HOSE,Hóa chất,"Sản phẩm hóa dầu, Nông dược & Hóa chất khác","Sản phẩm hóa dầu, Nông dược & Hóa chất khác",  20.356 ,  53.600 ,"-1,8%","3,5%","-20,9%","-21,8%",  5.019 ,"  321,7 ","17,2%",  -   ,"0,0%","  11,3 ","  7,8 ",  -   ,"  2,8 ","  1,3 ","  2.124,6 ",,"17,8%","15,6%","10,1%","13,4%","-24,4%",,"  430,1 ",,"18,9%","1,2%","9,0%","-16,3%","-48,6%",,"  408,8 ",,"20,3%","-2,1%","6,5%","-16,8%","-49,5%",,Chính thức
,88,VEF,Hội chợ Triển lãm Việt Nam,UPCoM,Bất động sản,Bất động sản,Bất động sản,  16.324 ,  97.985 ,"-10,6%","2,8%","-13,0%","-25,0%",  12 ,"  1,2 ","8,3%",  -   ,"0,0%","  43,7 ","  24,4 ",  -   ,"  6,6 ","  2,4 ","  121,6 ",,"16603604,6%","1865,8%","1055,0%","81419,7%","-99,7%",,"  139,8 ",,"16134,6%","327,8%","98,1%","-102,3%","-99,1%",,"  139,8 ",,"16134,6%","327,8%","98,1%","-102,3%","-99,1%",,Chính thức
,89,PNJ,Vàng Phú Nhuận,HOSE,Hàng cá nhân & Gia dụng,Hàng cá nhân,Hàng cá nhân,  34.439 ,  67.300 ,"-7,6%","-8,2%","-20,2%","5,1%",  1.823 ,"  203,5 ","23,1%",  6.662 ,"20,0%","  14,6 ","  9,5 ","  10,1 ","  2,8 ","  2,6 ","  17.245,0 ","35,4%","-23,5%","-20,3%","14,1%","12,1%","79,0%","39,1%","  1.467,0 ","43,0%","-8,1%","2,0%","129,7%","66,7%","116,5%","20,5%","  1.467,0 ","43,0%","-8,1%","2,0%","129,7%","66,7%","116,5%","20,5%",DN ước tính
,90,KDH,Nhà Khang Điền,HOSE,Bất động sản,Bất động sản,Bất động sản dân cư,  28.504 ,  25.400 ,"-4,3%","-3,8%","-5,6%","-19,4%",  4.751 ,"  125,4 ","5,8%",  859 ,"-8,2%","  38,7 ","  23,7 ","  29,6 ","  2,0 ","  1,5 ","  281,4 ","6,7%","112,6%","62,8%","334,9%","-12,4%","-60,4%","-9,7%","  327,0 ","21,8%","85,5%","-29,9%","692,5%","99,9%","175,6%","-7,8%","  281,4 ","29,2%","92,5%","-28,5%","235,1%","22,7%","130,7%","-7,8%",Chính thức
,91,FOX,FPT Telecom,UPCoM,Viễn thông,Viễn thông cố định,Viễn thông,  59.647 ,  80.739 ,"-1,1%","-2,2%","-15,7%","26,3%",  402 ,"  32,8 ","33,3%",  5.415 ,"13,0%","  14,7 ","  16,9 ","  14,9 ","  4,3 ","  5,1 ","  5.158,2 ","23,4%","14,2%","12,8%","8,2%","8,5%","12,6%","12,8%","  900,0 ","22,1%","17,0%","21,0%","26,2%","22,8%","16,4%","17,0%","  886,1 ","22,2%","17,1%","20,7%","26,9%","22,7%","15,9%","17,0%",Chính thức
,92,POW,Điện lực Dầu khí Việt Nam,HOSE,Tiện ích,Sản xuất & Phân phối Điện,Sản xuất & Phân phối Điện,  38.808 ,  12.650 ,"-3,1%","-3,1%","-5,6%","-0,4%",  17.097 ,"  240,1 ","7,3%",  -   ,"0,0%","  23,0 ","  15,1 ",  -   ,"  1,0 ","  1,1 ","  12.281,0 ",,"30,5%","0,2%","29,6%","3,3%","50,7%",,"  738,6 ",,"118,3%","72,5%","109,2%","722,5%","56,4%",,"  596,1 ",,"60,3%","53,8%","104,2%","1143,2%","33,9%",,DN ước tính
,93,KBC,TCT Đô thị Kinh Bắc,HOSE,Bất động sản,Bất động sản,Bất động sản công nghiệp,  31.925 ,  33.900 ,"1,8%","10,4%","0,9%","-4,1%",  4.214 ,"  139,5 ","6,3%",  3.035 ,"77,1%","  27,3 ","  20,7 ","  11,2 ","  1,3 ","  1,3 ","  1.335,9 ","13,4%","1946,1%","-35,6%","41,8%","111,0%","-57,1%","49,5%","  234,3 ","7,8%","1206,6%","47,3%","54,8%","2405,1%","-72,4%","35,9%","  224,1 ","7,8%","1013,3%","68,1%","56,6%","1903,9%","-71,4%","35,9%",Chính thức
,94,REE,Cơ Điện Lạnh REE,HOSE,Tiện ích,Sản xuất & Phân phối Điện,Sản xuất & Phân phối Điện,  32.662 ,  60.300 ,"-7,1%","-15,9%","-1,2%","0,5%",  1.217 ,"  79,5 ","12,8%",  4.171 ,"-14,1%","  13,7 ","  12,4 ","  14,5 ","  1,7 ","  1,6 ","  2.470,8 ","20,2%","12,6%","15,2%","25,8%","23,2%","19,5%","22,2%","  938,7 ","33,4%","48,8%","83,3%","46,9%","-12,7%","14,9%","-10,7%","  714,2 ","31,6%","27,2%","76,0%","40,5%","-8,6%","16,8%","-10,7%",Chính thức
,95,VGC,Tổng Công ty Viglacera,HOSE,Xây dựng và Vật liệu,Vật liệu xây dựng & Nội thất,Bất động sản công nghiệp,  19.100 ,  42.600 ,"-7,8%","-6,6%","-9,2%","1,8%",  1.334 ,"  65,4 ","14,6%",  -   ,"0,0%","  22,4 ","  14,7 ",  -   ,"  2,6 ","  2,2 ","  3.274,2 ","21,4%","8,2%","19,1%","14,8%","6,9%","14,7%","14,9%","  321,1 ",,"25,8%","215,5%","-49,8%","17,2%","7,6%",,"  215,7 ",,"55,6%","175,9%","-55,1%","3,3%","-32,7%",,Chính thức
,96,GMD,Gemadept,HOSE,Hàng & Dịch vụ Công nghiệp,"Kho bãi, hậu cần và bảo dưỡng","Kho bãi, hậu cần và bảo dưỡng",  32.115 ,  75.300 ,"1,4%","-4,1%","10,9%","23,4%",  2.234 ,"  169,0 ","13,8%",  -   ,"0,0%","  14,1 ","  17,0 ",  -   ,"  2,3 ","  2,4 ","  1.452,4 ",,"27,0%","29,8%","23,4%","15,1%","13,7%",,"  650,2 ",,"-19,6%","35,7%","-3,6%","97,3%","23,2%",,"  534,2 ",,"-28,0%","34,8%","-5,9%","156,7%","32,6%",,Chính thức
,97,PDR,BĐS Phát Đạt,HOSE,Bất động sản,Bất động sản,Bất động sản dân cư,  16.414 ,  16.450 ,"0,0%","0,3%","-4,9%","-12,5%",  9.809 ,"  158,4 ","4,4%",  871 ,"64,0%","  58,5 ","  27,5 ","  18,9 ","  1,7 ","  1,3 ","  104,3 ","1,2%","170,0%","141,4%","19175,5%","-44,4%","-76,2%","566,4%","  137,5 ","15,8%","-3,8%","30,4%","67,6%","19991,3%","171,7%","68,6%","  132,4 ","15,2%","-3,8%","30,5%","67,5%","20461,8%","161,6%","68,6%",Chính thức
,98,GEX,Tập đoàn Gelex,HOSE,Hàng & Dịch vụ Công nghiệp,Thiết bị điện,Điện tử & Thiết bị điện,  35.284 ,  39.100 ,"-2,3%","8,8%","7,1%","-10,3%",  8.933 ,"  334,0 ","9,3%",  1.602 ,"-2,2%","  90,2 ","  23,7 ","  24,4 ","  1,8 ","  2,0 ","  10.721,7 ","24,0%","18,9%","22,7%","13,0%","14,8%","35,4%","13,2%","  578,8 ","20,0%","72,2%","8,6%","163,0%","-46,7%","32,6%","-2,2%","  245,6 ","17,0%","115,3%","-22,7%","529,1%","-106,0%","5,1%","-2,2%",Chính thức
,99,CRV,Tập đoàn Bất động sản CRV,HOSE,Bất động sản,Bất động sản,Bất động sản,  19.247 ,  28.000 ,"-5,3%","3,7%","2,2%","-5,1%",  1 ,"  0,0 ","1,0%",  -   ,"0,0%","  86,3 ","  252,4 ",  -   ,"  2,7 ","  2,5 ","  69,4 ",,"-66,0%","-76,6%","-84,2%","-95,2%","-86,1%",,"  19,9 ",,"-69,9%","-86,1%","-52,7%","-91,2%","-83,1%",,"  19,9 ",,"-69,9%","-86,1%","-52,7%","-91,2%","-83,1%",,Chính thức
,100,FRT,Bán lẻ FPT,HOSE,Bán lẻ,Phân phối hàng chuyên dụng,Bán lẻ,  25.375 ,  149.000 ,"-1,3%","-8,3%","-9,7%","-0,3%",  494 ,"  78,6 ","19,6%",  5.880 ,"40,2%","  (35,1)","  35,5 ","  25,3 ","  10,0 ","  5,7 ","  15.116,9 ","25,4%","29,1%","23,3%","26,4%","30,3%","29,5%","16,5%","  374,6 ","30,2%","250,6%","224,5%","60,7%","160,2%","76,0%","26,0%","  87,2 ","8,7%","333,3%","343,7%","55,2%","160,6%","-48,1%","26,0%",Chính thức
,101,DCM,Đạm Cà Mau,HOSE,Hóa chất,"Sản phẩm hóa dầu, Nông dược & Hóa chất khác",Phân bón,  22.605 ,  42.700 ,"-3,9%","-12,0%","15,4%","30,6%",  5.801 ,"  259,7 ","21,7%",  2.230 ,"-49,5%","  11,5 ","  9,7 ","  19,1 ","  1,8 ","  2,0 ","  5.286,0 ","30,0%","24,1%","56,3%","13,4%","-0,4%","55,2%","5,9%","  788,6 ","66,7%","17,9%","34,5%","171,9%","16,6%","91,4%","-39,8%","  787,8 ","66,7%","18,9%","34,5%","172,2%","17,8%","91,5%","-39,8%",Chính thức
,102,PVD,Khoan Dầu khí PVDrilling,HOSE,Dầu khí,Thiết bị và Dịch vụ Dầu khí,Thiết bị và Dịch vụ Dầu khí,  17.232 ,  31.000 ,"-5,6%","-13,3%","3,3%","9,4%",  7.490 ,"  270,5 ","6,4%",  1.421 ,"-23,9%","  63,4 ","  13,5 ","  21,8 ","  0,9 ","  1,0 ","  3.500,0 ","31,3%","-14,4%","7,2%","5,4%","54,8%","132,9%","2,6%","  400,0 ","50,0%","-3,7%","89,0%","54,2%","59,6%","179,8%","-23,9%","  395,1 ","50,0%","-3,2%","73,4%","53,1%","66,1%","158,5%","-23,9%",DN ước tính
,103,ALC,Công ty Âu Lạc,UPCoM,Hàng & Dịch vụ Công nghiệp,Vận tải Thủy,Vận tải Thủy,  1.198 ,  23.390 ,"-1,6%","0,1%","-11,4%","0,0%",  57 ,"  1,5 ","18,7%",  2.812 ,"-48,9%","  4,9 ","  4,0 ","  8,3 ","  0,8 ","  0,7 ","  316,3 ","22,6%","-21,5%","-23,9%","-8,3%","-8,0%","8,1%","6,7%","  59,0 ","41,0%","-34,8%","-25,9%","584,1%","-10,5%","24,6%","-49,3%","  59,0 ","41,0%","-34,8%","-25,9%","584,1%","-10,5%","24,6%","-49,3%",Chính thức
,104,NLG,BĐS Nam Long,HOSE,Bất động sản,Bất động sản,Bất động sản dân cư,  13.461 ,  27.750 ,"-4,2%","-5,5%","-2,5%","-8,9%",  3.505 ,"  97,7 ","5,9%",  1.100 ,"-31,2%","  27,2 ","  20,4 ","  25,2 ","  1,5 ","  1,1 ","  1.279,4 ","16,8%","530,9%","206,2%","406,6%","-73,2%","-0,9%","35,2%","  109,5 ","15,2%","269,0%","-39,0%","679,5%","-62,1%","-0,3%","-23,9%","  68,2 ","12,8%","241,0%","-31,4%","378,7%","-30,8%","-37,0%","-23,9%",Chính thức
,105,HPA,Phát triển Nông nghiệp Hoà Phát,HOSE,Thực phẩm và đồ uống,Nuôi trồng nông & hải sản,"Chăn nuôi gia súc, gia cầm",  10.545 ,  37.000 ,"-2,1%","-3,4%","0,0%","0,0%",  -   ,  -   ,"50,1%",  3.519 ,"-39,5%","  6,8 ","  10,5 ","  10,5 ","  2,6 ","  3,3 ",  -   ,,,,#DIV/0!,#DIV/0!,,"-11,3%","  345,0 ","34,3%",,,#DIV/0!,#DIV/0!,#DIV/0!,"-37,2%","  344,3 ","34,3%",, ,#DIV/0!,#DIV/0!,#DIV/0!,"-37,2%",DN ước tính
,106,VHC,Thủy sản Vĩnh Hoàn,HOSE,Thực phẩm và đồ uống,Nuôi trồng nông & hải sản,Nuôi trồng thủy hải sản,  13.737 ,  61.200 ,"0,3%","4,1%","-5,9%","9,1%",  1.276 ,"  78,9 ","15,5%",  6.710 ,"1,0%","  13,0 ","  9,2 ","  9,1 ","  1,7 ","  1,4 ","  2.954,6 ","21,1%","-7,3%","-0,1%","5,9%","-14,9%","11,6%","16,5%","  286,0 ","17,9%","11,8%","58,6%","33,5%","-30,5%","35,3%","6,2%","  266,2 ","17,7%","13,8%","61,9%","35,0%","-33,6%","37,9%","6,2%",Chính thức
,107,MSR,Masan High-Tech Materials,UPCoM,Tài nguyên Cơ bản,Khai khoáng,Khai khoáng,  41.597 ,  37.821 ,"-17,6%","-25,0%","6,5%","54,0%",  2.940 ,"  130,1 ","6,3%",  2.273 ,"224,6%","  266,8 ","  54,0 ","  16,6 ","  1,6 ","  3,3 ","  2.993,1 ","14,7%","-54,9%","-55,8%","-45,2%","-38,1%","114,9%","172,7%","  536,7 ","21,5%","68,4%","101,6%","101,5%","207,9%","341,7%","22037,7%","  536,7 ","21,5%","69,1%","101,6%","101,5%","203,1%","341,7%","22037,7%",Chính thức
,108,CTR,Công trình Viettel,HOSE,Xây dựng và Vật liệu,Xây dựng,Xây dựng,  9.826 ,  85.900 ,"-1,3%","0,4%","-10,5%","0,7%",  494 ,"  43,9 ","30,5%",  5.441 ,"3,8%","  21,8 ","  15,6 ","  15,8 ","  6,1 ","  4,8 ","  3.804,8 ","24,3%","4,4%","7,6%","14,1%","14,2%","38,9%","12,3%","  149,9 ","24,1%","4,8%","16,1%","15,5%","8,7%","23,2%","3,8%","  149,9 ","24,1%","4,8%","16,1%","15,5%","8,7%","23,2%","3,8%",Chính thức
,109,DHG,Dược Hậu Giang,HOSE,Y tế,Dược phẩm,Y tế,  13.075 ,  100.000 ,"0,4%","-1,0%","-3,6%","-2,3%",  14 ,"  1,5 ","22,0%",  6.162 ,"-10,7%","  15,2 ","  14,5 ","  16,2 ","  3,2 ","  2,9 ","  1.198,1 ","21,7%","-5,1%","7,1%","7,9%","19,5%","0,3%","5,0%","  315,7 ","39,2%","19,8%","23,1%","34,4%","-32,0%","18,6%","-5,5%","  315,7 ","39,2%","19,8%","23,1%","34,4%","-32,0%","18,6%","-5,5%",Chính thức
,110,IDP,Sữa Quốc tế LOF,UPCoM,Thực phẩm và đồ uống,Thực phẩm,Sản phẩm từ sữa,  17.450 ,  282.340 ,"4,6%","7,0%","21,4%","29,8%",  7 ,"  1,9 ","9,7%",  11.205 ,"121,7%","  652,5 ","  55,9 ","  25,2 ","  4,9 ","  5,2 ","  1.901,0 ","22,9%","15,6%","9,5%","-21,0%","-10,8%","3,8%","11,7%","  244,1 ","34,9%","-52,1%","-112,5%","-144,6%","272,2%","128,1%","295,1%","  244,1 ","35,2%","-52,1%","-112,5%","-144,6%","269,2%","128,1%","295,1%",Chính thức
,111,DPM,Tổng Công ty Phân bón và Hóa chất Dầu khí,HOSE,Hóa chất,"Sản phẩm hóa dầu, Nông dược & Hóa chất khác",Phân bón,  18.018 ,  26.500 ,"-6,5%","-14,0%","10,9%","19,1%",  9.603 ,"  281,3 ","9,6%",  980 ,"-37,9%","  18,8 ","  14,2 ","  27,0 ","  1,3 ","  1,6 ","  5.684,0 ","32,3%","24,6%","34,3%","21,2%","7,9%","38,0%","6,3%","  412,0 ","60,6%","-21,2%","75,5%","259,1%","1590,8%","95,3%","-37,9%","  403,8 ","60,6%","-22,4%","74,7%","275,3%","1245,4%","97,0%","-37,9%",DN ước tính
,112,THD,Công ty Thaiholdings,HNX,Bất động sản,"Tư Vấn, Định giá, Môi giới Bất động sản",Văn phòng cho thuê,  12.050 ,  31.300 ,"0,0%","-0,6%","0,6%","3,3%",  4 ,"  0,1 ","2,4%",  236 ,"-12,8%","  98,2 ","  115,4 ","  132,4 ","  2,7 ","  2,7 ","  238,5 ","24,7%","-20,5%","22,2%","-0,6%","-10,7%","8,8%","-1,2%","  30,1 ","33,0%","-46,8%","-33,2%","-7,7%","136,4%","14,5%","-9,5%","  30,1 ","33,0%","-39,8%","-33,2%","-7,7%","136,4%","14,5%","-9,5%",Chính thức
,113,KSF,Tập đoàn Sunshine,HNX,Bất động sản,Bất động sản,Phát triển & vận hành Bất động sản khác,  82.780 ,  92.000 ,"9,5%","9,9%","34,3%","38,4%",  38 ,"  3,2 ","76,7%",  12.731 ,"-29,0%","  50,8 ","  9,5 ","  7,2 ","  3,7 ","  4,8 ","  766,8 ","1,9%","-66,4%","-69,8%","2469,7%","5086,6%","85,4%","98,0%","  297,2 ","2,5%","-89,0%","-79,5%","5008,5%","4371,1%","608,9%","34,7%","  284,9 ","2,5%","-90,5%","-79,4%","5011,9%","4937,6%","797,0%","34,7%",Chính thức
,114,SNZ,SONADEZI,UPCoM,Xây dựng và Vật liệu,Xây dựng,Bất động sản công nghiệp,  11.368 ,  30.195 ,"-0,8%","-1,4%","-13,0%","0,6%",  4 ,"  0,1 ","16,3%",  2.137 ,"-32,5%","  13,6 ","  9,5 ","  14,1 ","  1,8 ","  1,5 ","  1.294,8 ","21,5%","23,8%","34,6%","1,9%","3,0%","-19,0%","-11,4%","  336,0 ","25,1%","37,0%","56,4%","15,3%","9,3%","-32,2%","-37,3%","  198,7 ","24,7%","31,5%","51,5%","23,7%","14,3%","-31,5%","-37,3%",Chính thức
,115,VSH,Thủy điện Vĩnh Sơn - Sông Hinh,HOSE,Tiện ích,Sản xuất & Phân phối Điện,Sản xuất & Phân phối Điện,  10.206 ,  43.200 ,"0,0%","-0,2%","-0,7%","-0,7%",  19 ,"  0,8 ","17,5%",  2.471 ,"-32,3%","  17,4 ","  11,8 ","  17,5 ","  2,3 ","  2,1 ","  618,3 ","32,8%","78,7%","21,6%","40,3%","-6,7%","-1,0%","-18,1%","  268,7 ","46,0%","15077,8%","147,6%","171,5%","-28,3%","0,0%","-32,3%","  268,7 ","46,0%","15077,8%","147,6%","171,5%","-28,3%","0,0%","-32,3%",Chính thức
,116,TCH,ĐT DV Tài chính Hoàng Huy,HOSE,Bất động sản,Bất động sản,Bất động sản dân cư,  16.555 ,  18.150 ,"6,8%","8,7%","17,5%","-0,8%",  9.577 ,"  154,0 ","1,8%",  -   ,"0,0%","  19,9 ","  85,2 ",  -   ,"  1,2 ","  1,4 ","  394,1 ",,"-47,0%","-52,9%","-75,6%","-79,7%","-54,1%",,"  92,4 ",,"-50,7%","-75,5%","-78,2%","-86,5%","-63,7%",,"  63,9 ",,"-39,9%","-73,1%","-81,7%","-82,9%","-66,0%",,Chính thức
,117,DGW,Thế Giới Số,HOSE,Bán lẻ,Phân phối hàng chuyên dụng,Bán lẻ,  9.610 ,  43.450 ,"-2,7%","-4,5%","-7,7%","11,4%",  2.886 ,"  137,8 ","19,2%",  2.943 ,"1,0%","  20,6 ","  15,0 ","  14,8 ","  3,2 ","  2,7 ","  8.500,2 ","27,0%","10,7%","14,4%","18,7%","36,4%","54,0%","18,3%","  201,9 ","30,6%","14,2%","35,4%","39,2%","10,2%","89,8%","18,9%","  200,2 ","30,8%","14,6%","30,0%","36,7%","13,4%","89,0%","18,9%",Chính thức
,118,BMP,Nhựa Bình Minh,HOSE,Xây dựng và Vật liệu,Vật liệu xây dựng & Nội thất,Vật liệu xây dựng & Nội thất,  11.919 ,  145.600 ,"2,0%","13,6%","-8,9%","-16,8%",  205 ,"  28,9 ","41,5%",  -   ,"0,0%","  9,4 ","  9,6 ",  -   ,"  3,4 ","  3,8 ","  1.457,3 ",,"37,9%","13,4%","8,9%","22,2%","5,4%",,"  304,0 ",,"51,1%","17,7%","21,0%","13,2%","5,9%",,"  304,0 ",,"51,1%","17,7%","21,0%","13,2%","5,9%",,Chính thức
,119,SBT,Mía đường Thành Thành Công - Biên Hòa,HOSE,Thực phẩm và đồ uống,Thực phẩm,Đường,  18.446 ,  20.350 ,"-1,5%","-5,4%","-10,1%","-14,1%",  528 ,"  11,8 ","6,9%",  -   ,"0,0%","  18,7 ","  24,0 ",  -   ,"  1,3 ","  1,6 ","  8.231,0 ",,"18,3%","-27,9%","-21,3%","-10,7%","12,9%",,"  244,9 ",,"14,5%","-31,0%","-13,0%","-28,9%","14,0%",,"  246,4 ",,"6,0%","-17,5%","-7,4%","-26,2%","13,7%",,Chính thức
,120,MML,Masan MEATLife,UPCoM,Thực phẩm và đồ uống,Thực phẩm,"Chăn nuôi gia súc, gia cầm",  10.652 ,  31.299 ,"-3,3%","-1,5%","-24,1%","-11,4%",  137 ,"  5,0 ","11,4%",  802 ,"-52,6%","  21,0 ","  18,8 ","  39,0 ","  2,1 ","  2,1 ","  2.479,0 ","23,6%","20,4%","30,7%","23,2%","10,6%","19,8%","13,8%","  147,1 ","49,0%","345,2%","869,5%","419,5%","79,6%","27,2%","-51,5%","  121,1 ","44,4%","372,3%","885,2%","3779,6%","26,8%","4,0%","-51,5%",Chính thức
,121,BHN,HABECO,HOSE,Thực phẩm và đồ uống,Sản xuất bia,Bia và đồ uống,  6.966 ,  30.050 ,"0,2%","-1,5%","-8,2%","-3,7%",  5 ,"  0,2 ","11,0%",  1.645 ,"-25,7%","  23,0 ","  13,6 ","  18,3 ","  1,9 ","  1,5 ","  1.929,6 ","24,2%","11,5%","2,2%","7,4%","-3,0%","32,3%","-6,4%","  71,3 ","17,8%","198,5%","-7,4%","72,2%","-34,3%","245,0%","-18,6%","  77,2 ","20,3%","727,2%","-7,0%","78,1%","-34,6%","135,1%","-18,6%",Chính thức
,122,GEE,Thiết bị điện GELEX,HOSE,Hàng & Dịch vụ Công nghiệp,Thiết bị điện,Điện tử & Thiết bị điện,  64.013 ,  174.900 ,"-10,1%","1,3%","-4,5%","-27,7%",  821 ,"  147,4 ","45,2%",  5.524 ,"-38,1%","  13,9 ","  18,9 ","  31,7 ","  3,7 ","  8,0 ","  7.097,4 ","26,1%","42,0%","22,6%","14,7%","11,5%","34,4%","7,0%","  605,8 ","28,6%","319,0%","5,9%","321,4%","-11,5%","24,3%","-37,9%","  579,4 ","28,7%","332,0%","2,3%","349,3%","-9,1%","28,2%","-37,9%",Chính thức
,123,PC1,Tập đoàn PC1,HOSE,Xây dựng và Vật liệu,Xây dựng,Sản xuất & Phân phối điện,  8.041 ,  19.550 ,"-28,7%","-32,8%","-18,5%","-13,3%",  8.534 ,"  227,5 ","17,3%",  1.972 ,"-22,1%","  26,9 ","  7,0 ","  9,9 ","  1,6 ","  1,2 ","  2.750,0 ","17,6%","-14,1%","-6,6%","46,9%","96,5%","47,8%","19,4%","  264,0 ","25,0%","12,4%","-13,4%","52,5%","393,1%","81,9%","-22,1%","  166,6 ","20,5%","-31,4%","-10,7%","88,5%","693,4%","201,4%","-22,1%",DN ước tính
,124,TMS,Transimex,HOSE,Hàng & Dịch vụ Công nghiệp,"Kho bãi, hậu cần và bảo dưỡng","Kho bãi, hậu cần và bảo dưỡng",  6.952 ,  40.250 ,"-0,6%","2,9%","-3,0%","0,1%",  1 ,"  0,0 ","8,8%",  1.718 ,"-18,1%","  27,4 ","  18,8 ","  23,4 ","  1,8 ","  1,7 ","  786,0 ","26,9%","1,8%","5,2%","2,7%","7,8%","11,8%","-15,9%","  97,8 ","32,0%","215,4%","122,2%","24,5%","309,0%","13,5%","-18,1%","  99,3 ","33,5%","142,7%","101,5%","25,1%","91,8%","8,7%","-18,1%",Chính thức
,125,PHR,Cao su Phước Hòa,HOSE,Hóa chất,"Nhựa, cao su & sợi",Bất động sản công nghiệp,  8.320 ,  61.400 ,"-0,7%","-0,7%","-1,0%","5,0%",  506 ,"  31,9 ","16,4%",  -   ,"0,0%","  13,8 ","  12,6 ",  -   ,"  2,0 ","  1,9 ","  468,3 ",,"-3,7%","35,3%","49,8%","-20,3%","50,3%",,"  285,1 ",,"31,0%","34,6%","153,9%","-84,8%","177,4%",,"  279,3 ",,"30,8%","40,8%","164,0%","-85,6%","192,2%",,Chính thức
,126,SJS,SJ Group,HOSE,Bất động sản,Bất động sản,Bất động sản dân cư,  17.164 ,  57.700 ,"8,9%","16,5%","7,7%","-6,6%",  37 ,"  2,0 ","14,0%",  3.999 ,"153,0%","  42,4 ","  36,5 ","  14,4 ","  3,5 ","  4,8 ","  316,8 ","12,9%","21,2%","68,9%","-79,1%","35,1%","121,0%","226,4%","  175,7 ","14,7%","52,1%","97,3%","-93,4%","50,7%","160,5%","229,2%","  175,6 ","14,8%","52,6%","98,8%","-93,9%","49,7%","161,2%","229,2%",Chính thức
,127,DBC,Tập đoàn DABACO,HOSE,Thực phẩm và đồ uống,Nuôi trồng nông & hải sản,"Chăn nuôi gia súc, gia cầm",  8.698 ,  22.600 ,"-4,6%","-2,6%","-20,1%","-16,5%",  4.147 ,"  105,2 ","20,3%",  2.902 ,"-25,9%","  30,0 ","  6,6 ","  7,8 ","  1,4 ","  1,1 ",  -   ,,"11,0%","20,0%","37,3%","-27,3%",,"96,7%","  321,6 ","28,8%","600,0%","248,6%","9,9%","-37,8%","-36,7%","-25,9%","  321,6 ","28,8%","600,0%","248,6%","9,9%","-37,8%","-36,7%","-25,9%",DN ước tính
,128,SZC,Sonadezi Châu Đức,HOSE,Bất động sản,Bất động sản,Bất động sản công nghiệp,  4.896 ,  27.200 ,"-5,9%","-7,8%","-13,1%","-6,7%",  1.096 ,"  35,4 ","7,4%",  312 ,"-76,2%","  20,9 ","  20,8 ","  87,3 ","  2,3 ","  1,5 ","  101,9 ","19,7%","93,8%","-17,0%","-47,5%","65,2%","-75,4%","-52,8%","  17,1 ","30,6%","94,1%","-7,1%","-65,1%","43,2%","-86,4%","-83,7%","  17,1 ","30,6%","94,1%","-7,1%","-65,1%","43,2%","-86,4%","-83,7%",Chính thức
,129,SBH,Thủy điện Sông Ba Hạ,UPCoM,Tiện ích,Sản xuất & Phân phối Điện,Sản xuất & Phân phối Điện,  5.172 ,  41.633 ,"-1,3%","2,5%","-0,2%","3,6%",  1 ,"  0,0 ","29,8%",  -   ,"0,0%","  14,4 ","  9,2 ",  -   ,"  3,5 ","  2,5 ","  116,0 ",,"25,1%","58,9%","34,1%","91,5%","11,8%",,"  66,1 ",,"318,1%","266,1%","50,6%","78,9%","30,3%",,"  66,1 ",,"318,1%","266,1%","50,6%","78,9%","30,3%",,Chính thức
,130,SCS,DV Hàng hóa Sài Gòn,HOSE,Du lịch và Giải trí,Dịch vụ hàng không,Hàng không,  4.982 ,  52.500 ,"-3,3%","-3,3%","-3,5%","2,1%",  245 ,"  13,3 ","47,5%",  -   ,"0,0%","  11,6 ","  6,6 ",  -   ,"  4,5 ","  3,0 ","  272,0 ",,"25,2%","10,5%","17,2%","11,2%","2,1%",,"  173,3 ",,"15,4%","-0,2%","9,8%","10,5%","2,0%",,"  173,3 ",,"15,4%","-0,2%","9,8%","10,5%","2,0%",,Chính thức
,131,PHP,Cảng Hải Phòng,UPCoM,Hàng & Dịch vụ Công nghiệp,"Kho bãi, hậu cần và bảo dưỡng","Kho bãi, hậu cần và bảo dưỡng",  11.807 ,  36.112 ,"4,5%","7,1%","-0,5%","16,1%",  210 ,"  7,6 ","16,4%",  3.110 ,"2,8%","  14,3 ","  11,9 ","  11,6 ","  1,8 ","  1,9 ","  744,9 ","21,3%","1,9%","-0,9%","7,1%","11,8%","29,0%","28,0%","  351,5 ","28,9%","3,1%","2,8%","-20,7%","37,7%","90,3%","23,5%","  310,7 ","30,6%","3,3%","9,6%","-22,5%","44,7%","114,0%","23,5%",Chính thức
,132,QTP,Nhiệt điện Quảng Ninh,UPCoM,Tiện ích,Sản xuất & Phân phối Điện,Sản xuất & Phân phối Điện,  5.526 ,  12.280 ,"-6,0%","-11,1%","-0,2%","7,0%",  858 ,"  11,4 ","19,2%",  1.067 ,"-54,7%","  10,8 ","  5,2 ","  11,5 ","  1,2 ","  1,0 ","  2.733,9 ","24,7%","-3,2%","-21,1%","-13,8%","2,4%","-6,1%","2,7%","  197,2 ","41,1%","-23,8%","17,8%","-56,6%","313,3%","14,3%","-53,7%","  197,2 ","41,1%","-23,8%","17,8%","-56,6%","313,3%","14,3%","-53,7%",Chính thức
,133,CTD,Xây dựng Coteccons,HOSE,Xây dựng và Vật liệu,Xây dựng,Xây dựng,  9.706 ,  86.800 ,"10,9%","6,4%","20,1%","19,9%",  901 ,"  74,8 ","9,1%",  -   ,"0,0%","  59,4 ","  11,5 ",  -   ,"  0,8 ","  1,0 ","  6.409,4 ",,"7,2%","24,9%","56,6%","45,3%","28,1%",,"  118,9 ",,"-45,5%","192,2%","217,2%","117,8%","108,2%",,"  118,9 ",,"-45,5%","192,2%","217,3%","117,8%","108,2%",,Chính thức
,134,NT2,Điện lực Nhơn Trạch 2,HOSE,Tiện ích,Sản xuất & Phân phối Điện,Sản xuất & Phân phối Điện,  6.967 ,  24.200 ,"-7,3%","-13,3%","-7,8%","-0,6%",  1.265 ,"  33,9 ","27,2%",  -   ,"0,0%","  27,7 ","  5,5 ",  -   ,"  1,6 ","  1,4 ","  2.171,7 ",,"444,7%","-4,8%","12,6%","41,4%","52,2%",,"  180,0 ",,"123,4%","167,0%","383,5%","641,4%","386,9%",,"  180,0 ",,"123,4%","167,0%","383,5%","641,4%","386,9%",,Chính thức
,135,TAL,Đầu Tư Bất Động Sản Taseco,HOSE,Bất động sản,Bất động sản,Bất động sản công nghiệp,  16.236 ,  45.100 ,"1,7%","0,3%","-4,0%","-12,6%",  334 ,"  14,8 ","13,9%",  6.663 ,"237,1%","  13,8 ","  21,0 ","  6,8 ","  2,2 ","  2,9 ","  692,8 ","6,3%","21,6%","-11,5%","298,7%","258,2%","84,3%","196,6%","  156,6 ","6,2%","118,9%","452,6%","20,4%","-19,3%","602,1%","273,2%","  152,1 ","6,3%","202,1%","1156,8%","17,2%","-21,9%","651,5%","273,2%",Chính thức
,136,HHV,Đầu tư Hạ tầng Giao thông Đèo Cả,HOSE,Xây dựng và Vật liệu,Xây dựng,Xây dựng,  6.840 ,  12.500 ,"-3,1%","2,5%","2,5%","-4,9%",  6.159 ,"  75,9 ","5,8%",  1.211 ,"2,2%","  13,7 ","  11,0 ","  10,3 ","  1,1 ","  1,1 ","  907,0 ","20,3%","6,5%","16,4%","15,0%","19,4%","23,4%","17,6%","  217,0 ","28,3%","51,8%","16,5%","23,3%","52,5%","25,5%","14,1%","  187,8 ","28,3%","52,3%","19,4%","23,9%","49,7%","28,4%","14,1%",DN ước tính
,137,VCF,VinaCafé Biên Hòa,HOSE,Thực phẩm và đồ uống,Đồ uống & giải khát,Đồ uống & giải khát,  7.974 ,  300.000 ,"-0,3%","-8,5%","0,0%","4,4%",  1 ,"  0,2 ","29,6%",  19.564 ,"3,6%","  14,0 ","  15,9 ","  15,3 ","  3,4 ","  6,4 ","  661,2 ","21,3%","39,2%","9,9%","-9,8%","2,0%","-1,7%","12,3%","  112,2 ","21,6%","44,4%","23,6%","11,8%","-1,9%","-12,4%","0,4%","  112,2 ","21,6%","44,4%","23,6%","11,8%","-1,9%","-12,4%","0,4%",Chính thức
,138,VSC,VICONSHIP,HOSE,Hàng & Dịch vụ Công nghiệp,"Kho bãi, hậu cần và bảo dưỡng","Kho bãi, hậu cần và bảo dưỡng",  7.993 ,  21.350 ,"-12,1%","-10,1%","3,9%","7,0%",  8.301 ,"  201,6 ","6,9%",  1.040 ,"13,6%","  20,2 ","  29,2 ","  20,5 ","  1,4 ","  1,5 ","  860,6 ","26,5%","16,3%","12,5%","19,0%","12,6%","26,2%","1,4%","  69,6 ","11,6%","59,0%","62,4%","45,0%","-21,9%","-37,4%","14,2%","  13,4 ","3,4%","80,0%","70,9%","46,7%","-61,6%","-83,4%","14,2%",Chính thức
,139,ACG,Gỗ An Cường,HOSE,Tài nguyên Cơ bản,Lâm sản và Chế biến gỗ,Lâm sản và Chế biến gỗ,  5.051 ,  33.500 ,"-1,3%","-2,9%","-6,9%","-5,8%",  16 ,"  0,6 ","12,2%",  -   ,"0,0%","  12,6 ","  9,5 ",  -   ,"  1,4 ","  1,1 ","  1.109,9 ",,"15,4%","-6,3%","12,8%","37,2%","38,4%",,"  111,1 ",,"4,4%","16,8%","3,7%","61,7%","30,7%",,"  111,9 ",,"4,4%","16,8%","3,8%","61,9%","31,6%",,Chính thức
,140,CII,Hạ tầng Kỹ thuật TP.HCM,HOSE,Xây dựng và Vật liệu,Xây dựng,Xây dựng,  12.969 ,  19.300 ,"-0,5%","1,1%","6,9%","-7,7%",  16.334 ,"  296,1 ","1,7%",  113 ,"-43,9%","  106,6 ","  102,1 ","  170,8 ","  1,0 ","  1,5 ","  833,5 ","22,4%","-20,8%","4,6%","1,1%","10,1%","19,8%","25,7%","  40,8 ","18,1%","-71,2%","-20,7%","-41,2%","54,6%","-57,4%","-38,8%","  21,0 ","27,6%","-93,3%","1673,5%","85,9%","665,7%","16,1%","-38,8%",Chính thức
,141,IJC,Becamex IJC,HOSE,Bất động sản,Bất động sản,Bất động sản công nghiệp,  6.390 ,  10.150 ,"-3,8%","-1,9%","-3,8%","-5,6%",  2.546 ,"  26,3 ","9,8%",  859 ,"-37,4%","  11,3 ","  9,7 ","  11,8 ","  1,0 ","  0,8 ","  253,5 ","10,3%","-7,7%","-51,7%","255,0%","99,4%","69,4%","52,7%","  104,3 ","19,3%","15,9%","32,6%","193,7%","29,2%","129,4%","-9,4%","  104,3 ","19,3%","15,9%","32,6%","193,7%","29,2%","129,4%","-9,4%",Chính thức
,142,NTP,Nhựa Tiền Phong,HNX,Xây dựng và Vật liệu,Vật liệu xây dựng & Nội thất,Vật liệu xây dựng & Nội thất,  10.006 ,  58.500 ,"-1,0%","5,4%","-6,7%","-9,2%",  225 ,"  13,5 ","25,5%",  4.210 ,"-30,5%","  11,8 ","  9,7 ","  13,9 ","  2,3 ","  2,4 ","  1.478,1 ","20,1%","33,8%","18,5%","34,0%","3,0%","16,5%","8,7%","  254,4 ","35,3%","94,4%","34,5%","49,9%","-6,3%","20,0%","-27,5%","  254,4 ","35,3%","94,4%","34,5%","49,9%","-6,3%","20,0%","-27,5%",Chính thức
,143,HNA,Thủy điện Hủa Na,HOSE,Tiện ích,Sản xuất & Phân phối Điện,Sản xuất & Phân phối Điện,  5.069 ,  21.550 ,"-6,9%","-5,1%","-9,8%","0,2%",  3 ,"  0,1 ","15,4%",  875 ,"-61,2%","  18,4 ","  9,6 ","  24,6 ","  1,6 ","  1,4 ","  205,4 ","22,9%","71,6%","137,8%","33,0%","16,3%","17,0%","-22,3%","  94,8 ","46,1%","1169,7%","1021,8%","32,7%","-1,8%","133,9%","-56,7%","  94,8 ","46,1%","1169,7%","1021,8%","32,7%","-1,8%","133,9%","-56,7%",Chính thức
,144,PAN,Tập đoàn PAN,HOSE,Thực phẩm và đồ uống,Thực phẩm,Thực phẩm khác,  6.580 ,  31.500 ,"0,6%","4,5%","6,1%","15,4%",  1.100 ,"  34,9 ","21,4%",  4.449 ,"-19,2%","  10,7 ","  5,7 ","  7,1 ","  1,1 ","  1,1 ","  3.767,2 ","20,9%","19,0%","19,4%","1,1%","0,9%","-8,6%","2,4%","  670,0 ","41,6%","15,2%","26,7%","-22,5%","-1,3%","245,0%","38,2%","  585,2 ","63,0%","28,8%","49,6%","-16,4%","9,8%","443,5%","38,2%",Chính thức
,145,HT1,VICEM Hà Tiên,HOSE,Xây dựng và Vật liệu,Vật liệu xây dựng & Nội thất,Vật liệu xây dựng & Nội thất,  5.648 ,  14.800 ,"-3,9%","-1,7%","-0,3%","-10,3%",  600 ,"  9,5 ","7,2%",  1.050 ,"11,1%","  86,6 ","  15,7 ","  14,1 ","  1,1 ","  1,1 ","  1.860,0 ","23,3%","6,2%","1,2%","13,9%","7,4%","17,2%","8,4%","  77,8 ","19,4%","62,8%","145,0%","278,5%","413,6%","948,0%","46,4%","  77,8 ","19,4%","62,8%","145,0%","279,9%","416,3%","948,1%","46,4%",Chính thức
,146,NTC,KCN Nam Tân Uyên,HOSE,Bất động sản,Bất động sản,Bất động sản công nghiệp,  3.391 ,  141.300 ,"-1,2%","-1,5%","-8,5%","-9,7%",  12 ,"  1,8 ","22,7%",  -   ,"0,0%","  14,9 ","  11,6 ",  -   ,"  4,1 ","  2,6 ","  81,8 ",,"136,5%","113,8%","347,8%","8,3%","-39,0%",,"  39,1 ",,"5,8%","51,7%","95,7%","-71,7%","-43,3%",,"  39,1 ",,"5,8%","51,7%","95,7%","-71,7%","-43,3%",,Chính thức
,147,TMP,Thủy điện Thác Mơ,HOSE,Tiện ích,Sản xuất & Phân phối Điện,Sản xuất & Phân phối Điện,  3.430 ,  49.000 ,"-9,3%","-10,9%","-15,5%","-17,9%",  3 ,"  0,1 ","20,1%",  -   ,"0,0%","  11,5 ","  10,4 ",  -   ,"  2,9 ","  2,1 ","  159,6 ",,"20,2%","14,3%","-6,4%","-17,6%","18,5%",,"  65,6 ",,"32,8%","14,1%","-17,4%","-29,9%","25,8%",,"  64,5 ",,"33,6%","13,4%","-18,0%","-30,0%","25,9%",,Chính thức
,148,TDM,Nước Thủ Dầu Một,HOSE,Tiện ích,Nước,Nước,  6.399 ,  57.600 ,"1,6%","10,8%","3,9%","3,4%",  12 ,"  0,7 ","7,3%",  2.025 ,"19,1%","  21,5 ","  34,0 ","  28,4 ","  2,2 ","  2,4 ","  78,3 ","15,7%","-5,8%","-46,6%","-39,9%","67,5%","-21,7%","-1,2%","  122,3 ","54,3%","283,2%","1,3%","-94,5%","-82,0%","-15,0%","7,2%","  122,3 ","54,3%","283,2%","1,3%","-94,5%","-82,0%","-15,0%","7,2%",Chính thức
,149,IMP,Dược phẩm Imexpharm,HOSE,Y tế,Dược phẩm,Y tế,  7.824 ,  50.800 ,"-9,1%","-7,3%","-5,6%","-3,2%",  48 ,"  2,6 ","15,8%",  2.608 ,"12,6%","  20,2 ","  21,9 ","  19,5 ","  2,9 ","  3,3 ","  546,2 ","17,1%","21,0%","22,3%","5,3%","-1,7%","-8,1%","31,1%","  82,0 ","20,4%","20,3%","37,0%","6,2%","-10,9%","10,1%","15,0%","  82,0 ","20,4%","20,3%","37,0%","6,2%","-10,9%","10,1%","15,0%",Chính thức
,150,PAP,Cảng Phước An,UPCoM,Hàng & Dịch vụ Công nghiệp,"Kho bãi, hậu cần và bảo dưỡng","Kho bãi, hậu cần và bảo dưỡng",  9.532 ,  26.700 ,"2,7%","2,7%","2,7%","2,7%",  1 ,"  0,0 ","-20,7%",  (298),"85,9%","  (241,5)","  (18,9)","  (89,6)","  2,2 ","  2,7 ","  94,9 ","13,6%",#DIV/0!,#DIV/0!,#DIV/0!,"3704,9%","593,2%","352,2%","  (122,7)","115,3%","-8101,1%","-6402,2%","-1424,0%","-427,9%","-0,1%","78,9%","  (122,7)","115,3%","-8101,1%","-6402,2%","-1424,0%","-427,9%","-0,1%","78,9%",Chính thức
,151,ANV,Thủy sản Nam Việt,HOSE,Thực phẩm và đồ uống,Nuôi trồng nông & hải sản,Nuôi trồng thủy hải sản,  6.364 ,  23.900 ,"-2,3%","1,9%","-16,3%","-7,0%",  1.389 ,"  35,9 ","30,3%",  -   ,"0,0%","  42,1 ","  6,0 ",  -   ,"  1,7 ","  1,7 ","  1.841,3 ",,"8,9%","44,6%","49,1%","55,7%","66,4%",,"  195,4 ",,"681,0%","14651,2%","915,5%","4610,8%","48,0%",,"  195,4 ",,"681,0%","14651,2%","915,5%","4610,8%","48,0%",,Chính thức
,152,HDC,Phát triển Nhà BR-VT,HOSE,Bất động sản,Bất động sản,Bất động sản dân cư,  3.815 ,  19.100 ,"1,3%","0,8%","-10,5%","-15,9%",  3.001 ,"  57,9 ","24,8%",  -   ,"0,0%","  32,4 ","  5,6 ",  -   ,"  2,1 ","  1,3 ","  248,7 ",,"16,0%","-53,2%","-18,1%","6,3%","151,3%",,"  58,4 ",,"1119,7%","15,1%","3939,5%","1477,9%","327,5%",,"  57,4 ",,"928,7%","15,1%","4012,9%","2080,4%","322,3%",,Chính thức
,153,MCM,Giống bò sữa Mộc Châu,HOSE,Thực phẩm và đồ uống,Thực phẩm,Sản phẩm từ sữa,  3.135 ,  28.500 ,"11,3%","10,9%","3,6%","8,2%",  31 ,"  0,8 ","10,7%",  2.191 ,"-2,8%","  13,5 ","  12,6 ","  13,0 ","  1,6 ","  1,3 ","  741,6 ","23,7%","-5,5%","-0,3%","-3,2%","-2,9%","25,4%","10,3%","  80,1 ","33,2%","-4,4%","34,5%","-34,1%","-9,7%","67,7%","11,7%","  80,1 ","33,2%","-4,4%","34,5%","-34,1%","-9,7%","67,7%","11,7%",Chính thức
,154,AVC,Thủy điện A Vương,UPCoM,Tiện ích,Sản xuất & Phân phối Điện,Sản xuất & Phân phối Điện,  3.467 ,  46.200 ,"-6,7%","-7,0%","-11,0%","-5,3%",  1 ,"  0,1 ","21,2%",  -   ,"0,0%","  13,5 ","  13,4 ",  -   ,"  3,3 ","  2,8 ","  128,9 ",,"42,0%","3,4%","-16,0%","-11,0%","-1,4%",,"  49,8 ",,"79,4%","231,9%","-21,9%","-46,5%","-16,7%",,"  49,8 ",,"79,4%","231,9%","-21,9%","-46,5%","-16,7%",,Chính thức
,155,PPC,Nhiệt điện Phả Lại,HOSE,Tiện ích,Sản xuất & Phân phối Điện,Sản xuất & Phân phối Điện,  3.174 ,  9.900 ,"-2,9%","-8,3%","-1,0%","0,4%",  577 ,"  6,0 ","4,6%",  -   ,"0,0%","  12,1 ","  15,2 ",  -   ,"  0,9 ","  0,7 ","  1.798,2 ",,"-23,0%","-21,4%","2,1%","-9,0%","17,1%",,"  95,7 ",,"-66,8%","-93,5%","-169,1%","-33,2%","82,9%",,"  95,7 ",,"-66,8%","-93,5%","-169,1%","-33,2%","82,9%",,Chính thức
,156,CHP,Thủy điện Miền Trung,HOSE,Tiện ích,Sản xuất & Phân phối Điện,Sản xuất & Phân phối Điện,  4.462 ,  28.300 ,"0,0%","0,4%","5,1%","-1,0%",  39 ,"  1,1 ","21,1%",  1.525 ,"-44,0%","  12,4 ","  10,4 ","  18,6 ","  2,3 ","  2,2 ","  198,5 ","27,4%","68,4%","59,7%","12,2%","-5,7%","-15,2%","-27,5%","  90,8 ","37,8%","286,4%","159,8%","41,1%","-16,8%","-24,2%","-47,5%","  90,8 ","37,8%","286,4%","159,8%","41,1%","-16,8%","-24,2%","-47,5%",Chính thức
,157,PDN,Cảng Đồng Nai,HOSE,Hàng & Dịch vụ Công nghiệp,"Kho bãi, hậu cần và bảo dưỡng","Kho bãi, hậu cần và bảo dưỡng",  5.862 ,  105.500 ,"-2,3%","-2,5%","-2,9%","-8,1%",  3 ,"  0,3 ","31,9%",  8.206 ,"1,8%","  (2.677.872.853,6)","  13,1 ","  12,9 ","  4,0 ","  4,0 ","  375,9 ","22,5%","13,1%","21,8%","19,9%","16,6%","6,1%","6,0%","  110,5 ","24,2%","16,6%","47,0%","19,9%","19,6%","11,5%","4,5%","  110,5 ","24,2%","16,6%","47,0%","19,9%","19,6%","11,5%","4,5%",Chính thức
,158,AAA,An Phát Bioplastics,HOSE,Hóa chất,"Nhựa, cao su & sợi",Nhựa,  2.878 ,  7.310 ,"2,7%","4,0%","-8,1%","-7,2%",  1.255 ,"  9,3 ","6,9%",  -   ,"0,0%","  17,7 ","  6,0 ",  -   ,"  0,7 ","  0,5 ","  2.224,1 ",,"30,1%","-17,0%","-25,8%","-42,9%","-42,3%",,"  162,6 ",,"-61,4%","31,2%","588,0%","-2,6%","192,9%",,"  153,7 ",,"-66,4%","-3,1%","439,3%","2,9%","239,7%",,Chính thức
,159,DBD,Dược - TB Y tế Bình Định,HOSE,Y tế,Dược phẩm,Y tế,  4.715 ,  49.900 ,"-1,0%","-3,1%","-3,9%","2,3%",  38 ,"  2,0 ","16,9%",  -   ,"0,0%","  16,0 ","  16,2 ",  -   ,"  2,9 ","  2,6 ","  448,1 ",,"14,9%","9,6%","1,6%","6,7%","1,6%",,"  80,3 ",,"20,6%","24,8%","-20,1%","0,1%","-0,9%",,"  80,3 ",,"20,6%","24,8%","-20,1%","0,1%","-0,9%",,Chính thức
,160,PTB,Công ty Cổ phần Phú Tài,HOSE,Tài nguyên Cơ bản,Lâm sản và Chế biến gỗ,Lâm sản và Chế biến gỗ,  4.024 ,  50.100 ,"0,2%","3,0%","-2,0%","6,5%",  169 ,"  8,7 ","16,3%",  7.312 ,"1,8%","  10,7 ","  7,6 ","  6,9 ","  1,4 ","  1,3 ","  2.100,0 ","23,9%","12,8%","18,4%","13,4%","8,0%","29,6%","20,4%","  151,2 ","24,9%","30,0%","13,8%","70,6%","41,0%","29,3%","18,1%","  148,8 ","25,3%","26,7%","12,8%","70,7%","37,8%","31,7%","18,1%",DN ước tính
,161,TCM,Dệt may Thành Công,HOSE,Hàng cá nhân & Gia dụng,Hàng May mặc,Hàng May mặc,  2.571 ,  22.950 ,"-4,8%","-1,3%","-13,7%","-12,1%",  1.364 ,"  33,5 ","10,7%",  2.593 ,"13,3%","  18,9 ","  10,0 ","  8,8 ","  1,8 ","  1,1 ","  1.010,2 ","23,0%","8,2%","3,1%","-18,3%","-7,2%","-0,1%","20,3%","  66,0 ","22,5%","25,5%","13,4%","-21,4%","-24,2%","-16,0%","8,0%","  65,8 ","22,6%","26,0%","13,3%","-21,9%","-24,5%","-16,0%","8,0%",Chính thức
,162,DRC,Cao su Đà Nẵng,HOSE,Ô tô và phụ tùng,Lốp xe,Lốp xe,  1.992 ,  12.900 ,"-4,8%","-5,2%","-14,0%","-12,8%",  390 ,"  5,7 ","6,5%",  803 ,"-1,0%","  14,0 ","  15,9 ","  16,1 ","  1,6 ","  1,0 ","  1.154,9 ","20,6%","21,2%","1,0%","1,4%","8,5%","-2,1%","11,9%","  16,2 ","13,1%","-80,8%","-58,6%","-12,7%","-37,7%","71,2%","4,7%","  16,2 ","13,1%","-80,8%","-58,6%","-12,7%","-37,7%","71,2%","4,7%",Chính thức
,163,BAF,Nông nghiệp BAF Việt Nam,HOSE,Thực phẩm và đồ uống,Nuôi trồng nông & hải sản,"Chăn nuôi gia súc, gia cầm",  10.960 ,  36.050 ,"-0,7%","3,9%","1,0%","-3,7%",  2.313 ,"  83,5 ","3,6%",  2.598 ,"490,9%","  42,1 ","  67,9 ","  13,9 ","  2,2 ","  2,7 ","  1.700,0 ","20,2%","-13,0%","5,0%","-13,5%","-18,8%","51,3%","67,4%","  168,0 ","21,2%","12,6%","482,2%","-62,6%","-328,4%","25,8%","523,8%","  167,3 ","21,2%","10,8%","509,9%","-65,8%","-330,3%","26,3%","523,8%",DN ước tính
,164,PGD,PV GAS D,HOSE,Tiện ích,Phân phối xăng dầu & khí đốt,Phân phối xăng dầu & khí đốt,  2.312 ,  23.350 ,"-1,5%","-1,5%","-3,5%","-1,1%",  10 ,"  0,2 ","15,2%",  -   ,"0,0%","  13,0 ","  9,9 ",  -   ,"  2,1 ","  1,5 ","  2.489,9 ",,"11,6%","2,6%","6,4%","-0,4%","-2,7%",,"  65,0 ",,"-100,0%","-45,0%","-24,0%","1451,9%","482674,0%",,"  65,0 ",,"-100,0%","-45,0%","-24,0%","1451,9%","482674,0%",,Chính thức
,165,DPR,Cao su Đồng Phú,HOSE,Hóa chất,"Nhựa, cao su & sợi",Cao su,  3.580 ,  41.200 ,"0,5%","1,7%","2,2%","8,4%",  774 ,"  32,4 ","12,7%",  -   ,"0,0%","  13,2 ","  10,9 ",  -   ,"  1,3 ","  1,4 ","  379,5 ",,"8,6%","-13,4%","38,4%","-34,0%","87,3%",,"  118,6 ",,"22,4%","-22,0%","153,2%","-60,8%","55,6%",,"  104,5 ",,"25,2%","-27,9%","210,0%","-63,6%","60,0%",,Chính thức
,166,SAS,DV Hàng không sân bay TSN,UPCoM,Bán lẻ,Phân phối hàng chuyên dụng,Vận tải hành khách & Du lịch,  4.847 ,  36.318 ,"-0,7%","0,5%","-1,9%","16,0%",  35 ,"  1,3 ","39,6%",  -   ,"0,0%","  11,8 ","  6,6 ",  -   ,"  2,7 ","  2,4 ","  778,5 ",,"12,3%","17,7%","2,9%","23,7%","1,9%",,"  155,1 ",,"145,2%","60,6%","-40,8%","170,6%","37,6%",,"  155,1 ",,"145,2%","60,6%","-40,8%","170,6%","37,6%",,Chính thức
,167,SHP,Thủy điện Miền Nam,HOSE,Tiện ích,Sản xuất & Phân phối Điện,Sản xuất & Phân phối Điện,  3.456 ,  34.150 ,"-0,7%","-0,6%","1,6%","3,2%",  5 ,"  0,2 ","25,3%",  2.782 ,"-12,7%","  12,3 ","  10,7 ","  12,3 ","  2,7 ","  2,7 ","  97,0 ","15,4%","16,8%","39,4%","1,7%","-13,7%","46,7%","-2,7%","  37,6 ","13,3%","310,1%","75,8%","-1,4%","-31,2%","184,7%","-5,6%","  37,6 ","13,3%","310,1%","75,8%","-1,4%","-31,2%","184,7%","-5,6%",Chính thức
,168,HHS,Đầu tư DV Hoàng Huy,HOSE,Ô tô và phụ tùng,Sản xuất ô tô,Sản xuất ô tô,  5.616 ,  13.000 ,"-5,8%","0,0%","15,0%","4,0%",  2.857 ,"  35,7 ","51,6%",  1.398 ,"-84,1%","  7,5 ","  1,6 ","  9,3 ","  0,7 ","  0,6 ","  244,4 ","8,1%","-21,8%","79,7%","160,3%","30,9%","147,2%","236,0%","  50,4 ","8,4%","-55,1%","3132,8%","-74,6%","-176,8%","-25,4%","-83,0%","  40,2 ","6,6%","-55,0%","3157,3%","-58,3%","-156,3%","-40,4%","-83,0%",Chính thức
,169,FMC,Thực phẩm Sao Ta,HOSE,Thực phẩm và đồ uống,Nuôi trồng nông & hải sản,Nuôi trồng thủy hải sản,  2.501 ,  38.250 ,"0,7%","-0,7%","2,6%","8,7%",  107 ,"  4,3 ","16,0%",  4.990 ,"-9,3%","  9,8 ","  6,9 ","  7,7 ","  1,4 ","  1,1 ","  1.398,5 ","17,5%","36,3%","51,0%","4,9%","-2,1%","-29,7%","-2,3%","  50,8 ","14,0%","-34,0%","21,8%","18,0%","-27,8%","34,6%","-6,4%","  40,9 ","12,5%","-40,4%","21,4%","22,0%","28,5%","37,9%","-6,4%",Chính thức
,170,STK,Sợi Thế Kỷ,HOSE,Hàng cá nhân & Gia dụng,Hàng May mặc,Hàng May mặc,  1.843 ,  13.150 ,"-3,3%","-9,3%","-19,8%","-15,4%",  22 ,"  0,3 ","-1,2%",  734 ,"612,8%","  8,9 ","  (91,9)","  17,9 ","  1,5 ","  1,1 ","  268,3 ","11,3%","41,6%","9,9%","3,8%","-2,9%","-28,7%","74,9%","  (34,4)","-33,5%","4905,1%","88,1%","-87,3%","173,9%","-196,7%","105,7%","  (34,4)","-33,5%","4905,1%","88,1%","-87,3%","173,9%","-196,7%","105,7%",Chính thức
,171,VGR,Cảng xanh VIP,UPCoM,Hàng & Dịch vụ Công nghiệp,"Kho bãi, hậu cần và bảo dưỡng","Kho bãi, hậu cần và bảo dưỡng",  5.632 ,  68.500 ,"-7,3%","-4,7%","3,7%","-9,6%",  11 ,"  1,0 ","44,5%",  3.610 ,"-41,2%","  10,9 ","  11,2 ","  19,0 ","  3,4 ","  5,6 ","  289,1 ","28,3%","5,9%","4,6%","15,5%","-2,5%","12,8%","-11,4%","  119,1 ","40,1%","17,8%","35,0%","50,7%","91,6%","7,0%","-40,2%","  119,1 ","40,1%","17,8%","35,0%","50,7%","91,6%","7,0%","-40,2%",Chính thức
,172,DVP,ĐT và PT Cảng Đình Vũ,HOSE,Hàng & Dịch vụ Công nghiệp,"Kho bãi, hậu cần và bảo dưỡng","Kho bãi, hậu cần và bảo dưỡng",  2.952 ,  73.800 ,"2,1%","6,0%","3,4%","9,5%",  13 ,"  0,9 ","24,0%",  9.200 ,"9,6%","  9,0 ","  8,8 ","  8,0 ","  2,0 ","  1,9 ","  152,7 ","18,6%","4,9%","-22,2%","-27,6%","-13,1%","-3,7%","39,6%","  62,0 ","16,8%","5,4%","-20,7%","-36,7%","102,5%","-3,5%","8,8%","  62,0 ","16,8%","5,4%","-20,7%","-36,7%","102,5%","-3,5%","8,8%",Chính thức
,173,CSV,Hóa chất Cơ bản miền Nam,HOSE,Hóa chất,"Sản phẩm hóa dầu, Nông dược & Hóa chất khác","Sản phẩm hóa dầu, Nông dược & Hóa chất khác",  2.867 ,  25.950 ,"-6,3%","-5,6%","-9,1%","-5,0%",  946 ,"  28,0 ","12,8%",  6 ,"-99,7%","  13,9 ","  14,4 ","  4.405,5 ","  2,1 ","  1,8 ","  628,3 ","29,9%","37,4%","9,0%","0,5%","24,8%","30,2%","-2,6%","  45,1 ","6319,8%","12,7%","-6,3%","-23,7%","-25,2%","-19,4%","-99,7%","  42,9 ","6588,9%","12,3%","-9,1%","-20,7%","-30,9%","-18,1%","-99,7%",Chính thức
,174,IFS,Thực phẩm Quốc tế,UPCoM,Thực phẩm và đồ uống,Đồ uống & giải khát,Đồ uống & giải khát,  1.566 ,  17.975 ,"0,3%","2,7%","5,8%","-13,2%",  2 ,"  0,0 ","11,9%",  -   ,"0,0%","  12,4 ","  10,7 ",  -   ,"  1,8 ","  1,3 ","  500,2 ",,"11,0%","-6,7%","7,8%","-3,4%","0,8%",,"  52,9 ",,"-5,4%","-29,4%","-14,6%","-28,1%","11,8%",,"  52,9 ",,"-5,4%","-29,4%","-14,6%","-28,1%","11,8%",,Chính thức
,175,KSB,Khoáng sản Bình Dương,HOSE,Xây dựng và Vật liệu,Vật liệu xây dựng & Nội thất,Khai khoáng,  1.843 ,  16.100 ,"-2,7%","-2,1%","-7,7%","-5,9%",  1.356 ,"  22,6 ","5,8%",  -   ,"0,0%","  25,2 ","  12,1 ",  -   ,"  0,9 ","  0,7 ","  202,2 ",,"198,8%","-4,8%","190,5%","52,0%","59,3%",,"  31,8 ",,"288,1%","257,7%","191,1%","111,4%","-11,5%",,"  31,8 ",,"288,9%","258,1%","190,6%","111,1%","-11,6%",,Chính thức
,176,TV2,Tư vấn XD Điện 2,HOSE,Hàng & Dịch vụ Công nghiệp,Tư vấn & Hỗ trợ KD,Sản xuất & Phân phối Điện,  2.340 ,  34.650 ,"-5,2%","-10,6%","0,3%","0,6%",  753 ,"  28,6 ","10,3%",  -   ,"0,0%","  37,5 ","  17,6 ",  -   ,"  1,8 ","  1,8 ","  244,0 ",,"25,7%","-40,5%","-12,9%","27,3%","-18,6%",,"  53,4 ",,"27,6%","32,2%","-30,8%","147,0%","268,0%",,"  53,0 ",,"27,6%","29,2%","-32,0%","145,4%","265,3%",,Chính thức
,177,PET,Dịch vụ Tổng hợp Dầu khí,HOSE,Bán lẻ,Phân phối hàng chuyên dụng,Bán lẻ,  4.995 ,  46.800 ,"-2,5%","0,7%","46,3%","36,1%",  1.797 ,"  71,9 ","12,5%",  2.200 ,"-20,2%","  23,6 ","  17,0 ","  21,3 ","  1,4 ","  2,1 ","  6.129,1 ","26,6%","-5,9%","4,3%","-3,0%","65,2%","52,6%","5,4%","  100,8 ","31,7%","13,6%","28,8%","95,0%","67,2%","125,5%","-9,0%","  72,2 ","30,7%","2,6%","51,7%","119,5%","95,5%","100,3%","-9,0%",Chính thức
,178,IDI,Đầu tư và PT Đa Quốc Gia I.D.I,HOSE,Thực phẩm và đồ uống,Nuôi trồng nông & hải sản,Nuôi trồng thủy hải sản,  1.746 ,  6.390 ,"-4,8%","-7,4%","-2,4%","-5,9%",  663 ,"  4,6 ","3,8%",  590 ,"25,9%","  27,5 ","  12,3 ","  10,8 ","  0,7 ","  0,5 ","  1.489,4 ","18,2%","-8,3%","1,6%","-9,5%","5,3%","-0,4%","17,8%","  44,3 ","24,6%","75,6%","66,6%","99,1%","145,3%","52,4%","25,9%","  40,5 ","25,1%","92,6%","80,4%","113,9%","159,7%","53,9%","25,9%",Chính thức
,179,VPD,Phát triển Điện lực Việt Nam,HOSE,Tiện ích,Sản xuất & Phân phối Điện,Sản xuất & Phân phối Điện,  2.611 ,  24.500 ,"1,5%","2,9%","-5,4%","-4,9%",  8 ,"  0,2 ","17,9%",  -   ,"0,0%","  12,5 ","  9,3 ",  -   ,"  1,8 ","  1,6 ","  107,3 ",,"-3,9%","62,1%","6,4%","21,2%","26,7%",,"  30,6 ",,"-23,9%","204,5%","9,2%","-8,9%","186,7%",,"  30,6 ",,"-23,9%","204,5%","9,2%","-8,9%","186,7%",,Chính thức
,180,AGG,Bất động sản An Gia,HOSE,Bất động sản,Bất động sản,Bất động sản dân cư,  2.048 ,  12.600 ,"-2,7%","-5,3%","-15,4%","-11,6%",  402 ,"  5,3 ","11,0%",  -   ,"0,0%","  (15,5)","  5,5 ",  -   ,"  1,0 ","  0,6 ","  67,3 ",,"-85,4%","14,7%","-36,5%","67,3%","-64,9%",,"  5,0 ",,"-96,2%","5167,0%","351,2%","749,3%","-37,9%",,"  5,0 ",,"-94,9%","216,6%","348,7%","277,9%","-51,2%",,Chính thức
,181,CDN,Cảng Đà Nẵng,HNX,Hàng & Dịch vụ Công nghiệp,"Kho bãi, hậu cần và bảo dưỡng","Kho bãi, hậu cần và bảo dưỡng",  2.960 ,  29.900 ,"-3,2%","-1,6%","-11,3%","-9,1%",  13 ,"  0,4 ","20,3%",  4.247 ,"1,8%","  9,9 ","  7,2 ","  7,0 ","  1,7 ","  1,3 ","  502,7 ","24,8%","4,5%","17,0%","13,6%","20,5%","35,9%","22,5%","  129,7 ","30,9%","9,1%","33,5%","40,4%","4,9%","54,3%","14,1%","  128,6 ","30,6%","9,1%","33,5%","40,4%","4,9%","52,9%","14,1%",Chính thức
,182,DHB,Đạm Hà Bắc,UPCoM,Hóa chất,"Sản phẩm hóa dầu, Nông dược & Hóa chất khác",Phân bón,  3.588 ,  13.182 ,"5,1%","-4,4%","64,2%","74,9%",  65 ,"  0,8 ","32,4%",  711 ,"-12,9%","  41,5 ","  16,1 ","  18,5 ","  3,1 ","  4,2 ","  1.404,6 ","28,8%","14,7%","23,9%","-36,4%","-7,8%","21,4%","12,6%","  227,0 ","117,2%","-59,2%","130,6%","-350,8%","-27,5%","1356,8%","1683,8%","  227,0 ","117,2%","-59,2%","130,6%","-350,8%","-27,5%","1356,8%","1683,8%",Chính thức
,183,CTF,City Auto,HOSE,Ô tô và phụ tùng,Sản xuất ô tô,Sản xuất ô tô,  1.755 ,  18.350 ,"-0,8%","0,0%","-8,0%","-3,4%",  311 ,"  5,8 ","0,9%",  -   ,"0,0%","  62,9 ","  178,9 ",  -   ,"  2,4 ","  1,8 ","  1.914,6 ",,"33,6%","14,6%","-6,6%","-13,2%","-4,8%",,"  4,1 ",,"-57,4%","-52,7%","-59,5%","-80,3%","42,2%",,"  2,9 ",,"-71,0%","-110,7%","-88,1%","-79,1%","31,3%",,Chính thức
,184,NTL,Đô thị Từ Liêm,HOSE,Bất động sản,Bất động sản,Bất động sản dân cư,  2.025 ,  16.600 ,"3,4%","1,8%","-2,6%","-9,5%",  556 ,"  9,1 ","1,5%",  -   ,"0,0%","  14,8 ","  79,0 ",  -   ,"  1,4 ","  1,3 ","  4,5 ",,"-90,5%","-99,6%","2,6%","-81,0%","28,4%",,"  14,6 ",,"20,4%","-99,8%","255,2%","91,3%","129,2%",,"  14,6 ",,"20,4%","-99,8%","255,2%","91,3%","129,2%",,Chính thức
,185,TNG,Đầu tư và Thương mại TNG,HNX,Hàng cá nhân & Gia dụng,Hàng May mặc,Hàng May mặc,  2.703 ,  21.000 ,"-8,3%","-18,3%","0,0%","18,3%",  2.431 ,"  57,5 ","21,1%",  3.496 ,"6,9%","  9,1 ","  6,6 ","  6,0 ","  1,4 ","  1,4 ","  1.952,0 ","20,5%","11,6%","16,3%","11,7%","14,5%","29,2%","9,2%","  60,3 ","13,4%","3,4%","36,4%","5,3%","52,6%","39,2%","14,5%","  60,3 ","13,4%","3,4%","36,4%","5,3%","52,6%","39,2%","14,5%",Chính thức
,186,AST,Dịch vụ Hàng không Taseco,HOSE,Bán lẻ,Phân phối hàng chuyên dụng,"Kho bãi, hậu cần và bảo dưỡng",  3.186 ,  70.800 ,"2,6%","-0,1%","-6,5%","-8,1%",  11 ,"  0,8 ","47,5%",  6.145 ,"-6,7%","  21,7 ","  10,7 ","  11,5 ","  5,2 ","  4,6 ","  556,0 ","25,9%","13,3%","27,1%","39,2%","39,4%","44,5%","24,5%","  129,0 ","35,8%","47,3%","80,3%","80,6%","42,2%","74,8%","10,5%","  100,9 ","36,5%","56,5%","91,7%","77,5%","51,6%","84,6%","10,5%",Chính thức
,187,LAS,Hóa chất Lâm Thao,HNX,Hóa chất,"Sản phẩm hóa dầu, Nông dược & Hóa chất khác",Phân bón,  1.772 ,  15.700 ,"-6,0%","-10,3%","-5,4%","0,0%",  1.112 ,"  20,4 ","8,8%",  886 ,"-22,8%","  13,1 ","  13,7 ","  17,7 ","  1,4 ","  1,2 ","  1.704,7 ","40,0%","9,8%","78,8%","-12,8%","-39,1%","7,5%","13,8%","  37,0 ","37,0%","36,7%","-23,8%","-38,6%","30,3%","-48,5%","-39,1%","  37,0 ","37,0%","36,7%","-23,8%","-38,6%","30,3%","-48,5%","-39,1%",Chính thức
,188,SGN,Phục vụ mặt đất Sài Gòn,HOSE,Hàng & Dịch vụ Công nghiệp,"Kho bãi, hậu cần và bảo dưỡng","Kho bãi, hậu cần và bảo dưỡng",  1.806 ,  53.900 ,"5,1%","1,7%","-10,3%","-9,1%",  12 ,"  0,7 ","17,3%",  -   ,"0,0%","  10,8 ","  9,0 ",  -   ,"  2,4 ","  1,5 ","  388,7 ",,"13,4%","-6,4%","-7,6%","-8,7%","-7,0%",,"  71,6 ",,"15,9%","-8,4%","-40,8%","-45,4%","-8,6%",,"  64,6 ",,"15,5%","-11,7%","-43,9%","-45,1%","-9,7%",,Chính thức
,189,NBB,577 CORP,HOSE,Bất động sản,Bất động sản,Bất động sản dân cư,  1.783 ,  17.800 ,"-1,7%","-3,8%","-1,1%","-8,7%",  42 ,"  0,7 ","0,5%",  106 ,"13,4%","  935,9 ","  188,9 ","  168,5 ","  1,2 ","  1,0 ","  3,8 ","1,0%","-50,8%","-36,2%","-41,2%","-44,9%","-71,9%","963,1%","  0,1 ","1,4%","7,7%","-73,3%","275,4%","44620,6%","165,0%","13,4%","  0,2 ","2,2%","25,5%","-73,5%","225,5%","28345,4%","85,3%","13,4%",Chính thức
,190,PAT,Phốt pho Apatit Việt Nam,UPCoM,Hóa chất,"Sản phẩm hóa dầu, Nông dược & Hóa chất khác","Sản phẩm hóa dầu, Nông dược & Hóa chất khác",  1.722 ,  68.861 ,"-6,4%","1,2%","-14,4%","-15,7%",  55 ,"  4,1 ","46,8%",  -   ,"0,0%","  7,0 ","  5,6 ",  -   ,"  3,7 ","  2,7 ","  421,9 ",,"-0,4%","109,0%","-19,1%","17,3%","-3,3%",,"  46,6 ",,"39,3%","39,3%","63,2%","-7,2%","-45,1%",,"  46,6 ",,"39,3%","39,3%","63,2%","-7,2%","-45,1%",,Chính thức
,191,VFG,Khử trùng Việt Nam,HOSE,Hóa chất,"Sản phẩm hóa dầu, Nông dược & Hóa chất khác","Sản phẩm hóa dầu, Nông dược & Hóa chất khác",  2.094 ,  50.200 ,"1,4%","2,1%","-6,7%","-2,6%",  6 ,"  0,3 ","21,0%",  6.903 ,"-14,6%","  6,9 ","  6,2 ","  7,3 ","  1,8 ","  1,3 ","  1.119,2 ","28,2%","10,3%","-6,0%","-19,7%","20,0%","5,0%","12,5%","  98,0 ","33,6%","20,9%","-13,7%","-66,2%","-5,3%","3,0%","-14,6%","  96,4 ","33,5%","19,8%","-14,8%","-67,0%","-5,7%","2,2%","-14,6%",Chính thức
,192,SHI,Quốc tế Sơn Hà,HOSE,Tài nguyên Cơ bản,Thép và sản phẩm thép,Thép và sản phẩm thép,  2.405 ,  14.150 ,"-0,7%","0,4%","1,4%","-2,4%",  412 ,"  5,8 ","2,7%",  251 ,"-15,4%","  111,2 ","  53,9 ","  56,4 ","  1,3 ","  1,3 ","  1.850,5 ","14,2%","1,8%","0,1%","-15,8%","22,3%","-2,4%","10,5%","  18,6 ","26,8%","109,6%","92,7%","-78,1%","-9,9%","-14,0%","-15,4%","  9,4 ","22,0%","1340,8%","543,6%","-91,4%","-24,7%","-38,2%","-15,4%",Chính thức
,193,DDV,DAP - Vinachem,UPCoM,Hóa chất,"Sản phẩm hóa dầu, Nông dược & Hóa chất khác",Phân bón,  3.833 ,  26.236 ,"-8,0%","-6,4%","-7,2%","1,0%",  1.887 ,"  55,9 ","29,3%",  2.081 ,"-52,2%","  22,9 ","  6,0 ","  12,6 ","  1,5 ","  1,6 ","  1.842,2 ","31,0%","48,7%","71,0%","85,1%","63,9%","59,3%","5,6%","  124,3 ","40,9%","361,8%","138,8%","988,1%","139,1%","2,1%","-51,8%","  124,3 ","40,9%","361,8%","138,8%","988,1%","139,1%","2,1%","-51,8%",Chính thức
,194,NCT,DV Hàng hóa Nội Bài,HOSE,Hàng & Dịch vụ Công nghiệp,"Kho bãi, hậu cần và bảo dưỡng","Kho bãi, hậu cần và bảo dưỡng",  2.436 ,  93.100 ,"2,4%","2,3%","-2,9%","3,8%",  15 ,"  1,4 ","57,1%",  -   ,"0,0%","  10,1 ","  5,7 ",  -   ,"  4,7 ","  3,0 ","  292,7 ",,"29,8%","28,2%","33,1%","34,2%","21,3%",,"  106,0 ",,"29,2%","33,4%","51,5%","59,1%","64,5%",,"  106,0 ",,"29,2%","33,4%","51,5%","59,1%","64,5%",,Chính thức
,195,HPX,Đầu tư Hải Phát,HOSE,Bất động sản,Bất động sản,Bất động sản dân cư,  1.481 ,  4.870 ,"-0,6%","1,7%","-7,9%","1,5%",  714 ,"  3,6 ","3,3%",  639 ,"67,8%","  17,3 ","  12,8 ","  7,6 ","  0,5 ","  0,4 ","  120,4 ","6,0%","-69,5%","47,4%","-70,5%","-19,4%","22,0%","74,9%","  8,9 ","4,4%","-5,0%","12,2%","-52,5%","2858,0%","-40,7%","60,1%","  8,9 ","4,6%","-14,2%","14,0%","-44,9%","6472,4%","-38,5%","60,1%",Chính thức
,196,LIX,Bột Giặt LIX,HOSE,Hàng cá nhân & Gia dụng,Hàng cá nhân,Hàng cá nhân,  2.009 ,  31.000 ,"-2,2%","-6,1%","-19,7%","-9,6%",  37 ,"  1,3 ","19,8%",  2.469 ,"-19,9%","  10,3 ","  10,1 ","  12,6 ","  2,2 ","  1,9 ","  838,2 ","24,2%","-9,6%","-1,1%","8,8%","28,9%","27,1%","12,9%","  40,0 ","25,0%","-9,0%","19,8%","-8,3%","-4,3%","-0,1%","-19,9%","  40,0 ","25,0%","-9,0%","19,8%","-8,3%","-4,3%","-0,1%","-19,9%",Chính thức
,197,DMC,Dược phẩm DOMESCO,HOSE,Y tế,Dược phẩm,Y tế,  2.014 ,  58.000 ,"-3,3%","0,4%","-6,3%","-2,9%",  1 ,"  0,1 ","12,4%",  6.503 ,"10,7%","  11,4 ","  9,9 ","  8,9 ","  1,4 ","  1,2 ","  519,6 ","23,5%","11,9%","10,5%","18,0%","-2,0%","10,8%","6,9%","  52,9 ","23,4%","14,8%","-39,1%","-14,9%","18,9%","12,5%","13,8%","  52,9 ","23,4%","14,8%","-39,1%","-14,9%","18,9%","12,5%","13,8%",Chính thức
,198,BRR,Cao su Bà Rịa,UPCoM,Hóa chất,"Nhựa, cao su & sợi",Cao su,  2.081 ,  18.500 ,"2,2%","5,1%","-2,6%","3,1%",  2 ,"  0,0 ","10,7%",  -   ,"0,0%","  15,8 ","  13,0 ",  -   ,"  1,5 ","  1,4 ","  116,3 ",,"15,5%","61,7%","-23,0%","64,5%","97,2%",,"  18,0 ",,"68,2%","102,0%","52,6%","-56,0%","133,0%",,"  18,0 ",,"68,2%","102,0%","52,6%","-56,0%","133,0%",,Chính thức
,199,APH,Tập đoàn An Phát Holdings,HOSE,Hàng & Dịch vụ Công nghiệp,Containers & Đóng gói,Containers & Đóng gói,  1.422 ,  5.830 ,"3,7%","3,4%","-6,9%","-8,2%",  186 ,"  1,1 ","0,0%",  -   ,"0,0%","  3,9 ","  6,6 ",  -   ,"  0,7 ","  0,6 ","  2.224,7 ",,"13,9%","-28,9%","-36,0%","-42,8%","-42,3%",,"  152,7 ",,"-64,9%","27,0%","945,0%","21,1%","226,9%",,"  65,0 ",,"-67,0%","11,5%","1298,0%","47,2%","367,5%",,Chính thức
,200,CQN,Cảng Quảng Ninh,UPCoM,Hàng & Dịch vụ Công nghiệp,"Kho bãi, hậu cần và bảo dưỡng","Kho bãi, hậu cần và bảo dưỡng",  2.336 ,  31.121 ,"-1,3%","-0,6%","-0,3%","-0,2%",  15 ,"  0,5 ","13,7%",  -   ,"0,0%","  20,1 ","  16,8 ",  -   ,"  2,3 ","  2,2 ","  213,7 ",,"12,3%","1,2%","12,8%","0,0%","16,8%",,"  43,8 ",,"22,3%","20,3%","20,2%","-27,8%","19,3%",,"  43,8 ",,"22,3%","20,3%","20,2%","-27,8%","19,3%",,Chính thức
,201,DTP,Dược phẩm CPC1 Hà Nội,UPCoM,Y tế,Dược phẩm,Y tế,  3.765 ,  116.000 ,"-4,0%","-1,9%","1,7%","-0,2%",  1 ,"  0,1 ","24,1%",  8.627 ,"0,1%","  10,6 ","  13,5 ","  13,4 ","  2,7 ","  3,0 ","  412,4 ","22,1%","16,0%","31,0%","34,6%","39,0%","25,2%","10,0%","  55,4 ","19,8%","1,5%","-0,9%","41,2%","38,4%","-6,4%","-1,2%","  55,4 ","19,8%","1,5%","-0,9%","41,2%","38,4%","-6,4%","-1,2%",Chính thức
,202,SBA,Sông Ba JSC,HOSE,Tiện ích,Sản xuất & Phân phối Điện,Sản xuất & Phân phối Điện,  1.694 ,  28.000 ,"-1,1%","-1,8%","-5,4%","-3,0%",  12 ,"  0,3 ","16,3%",  1.603 ,"-41,6%","  11,3 ","  10,2 ","  17,5 ","  1,8 ","  1,6 ","  72,4 ","30,0%","35,8%","32,3%","72,1%","53,7%","-11,4%","-39,2%","  32,7 ","33,7%","34,3%","40,6%","69,5%","50,9%","-9,6%","-42,8%","  32,7 ","33,7%","34,3%","40,6%","69,5%","50,9%","-9,6%","-42,8%",Chính thức
,203,TSJ,Hanoi Toserco,UPCoM,Du lịch và Giải trí,Vận tải hành khách & Du lịch,Vận tải hành khách & Du lịch,  2.768 ,  37.000 ,"22,5%","-15,7%","-0,3%","-0,2%",  0 ,"  0,0 ","11,7%",  -   ,"0,0%","  30,5 ","  27,2 ",  -   ,"  2,7 ","  3,1 ","  25,1 ",,"17,2%","-21,4%","-1,0%","5,3%","-2,3%",,"  10,5 ",,"-18,9%","21,1%","68,9%","17,6%","19,5%",,"  10,5 ",,"-18,9%","21,1%","68,9%","17,6%","19,5%",,Chính thức
,204,NET,Bột giặt Net,HNX,Hàng cá nhân & Gia dụng,Hàng cá nhân,Hàng cá nhân,  1.485 ,  66.300 ,"-1,0%","3,3%","-2,5%","-2,2%",  2 ,"  0,2 ","24,5%",  8.036 ,"23,9%","  9,7 ","  10,2 ","  8,3 ","  3,3 ","  2,6 ","  435,6 ","23,5%","6,2%","-9,5%","-3,4%","-0,9%","12,8%","14,3%","  38,2 ","21,2%","12,2%","-40,3%","-17,2%","-37,1%","-25,9%","13,4%","  38,2 ","21,2%","12,2%","-40,3%","-17,2%","-37,1%","-25,9%","13,4%",Chính thức
,205,LHG,KCN Long Hậu,HOSE,Bất động sản,Bất động sản,Bất động sản công nghiệp,  1.423 ,  28.450 ,"0,2%","0,5%","-1,9%","-1,4%",  95 ,"  2,7 ","16,1%",  3.314 ,"-43,7%","  8,1 ","  4,8 ","  8,6 ","  1,0 ","  0,7 ","  176,2 ","24,2%","206,6%","37,8%","23,7%","28,4%","-24,6%","5,4%","  112,2 ","67,7%","250,0%","37,3%","9,4%","-4,1%","1,9%","-43,3%","  112,2 ","67,7%","250,0%","37,3%","9,4%","-4,1%","1,9%","-43,3%",Chính thức
,206,PEG,TM Kỹ thuật và Đầu tư (PETEC),UPCoM,Tiện ích,Phân phối xăng dầu & khí đốt,Phân phối xăng dầu & khí đốt,  854 ,  3.430 ,"-25,4%","-17,2%","-4,7%","-13,0%",  2 ,"  0,0 ","0,0%",  27 ,"5465,2%","  593,6 ","  36,2 ","  128,4 ","  2,0 ","  1,3 ",  -   ,,"-38,4%","-26,5%","-28,0%","-1,2%",,"-5,6%","  8,8 ","164,9%","-11163,2%","106,9%","214,1%","99,0%","170,2%","5523,4%","  11,0 ","164,9%","-14807,0%","107,1%","213,3%","98,8%","187,7%","5523,4%",DN ước tính
,207,SZG,Sonadezi Giang Điền,UPCoM,Bất động sản,Bất động sản,Bất động sản công nghiệp,  2.009 ,  36.600 ,"0,6%","10,9%","-5,4%","-1,1%",  0 ,"  0,0 ","24,2%",  3.582 ,"-21,0%","  10,4 ","  8,1 ","  10,2 ","  2,2 ","  1,8 ","  133,1 ","25,9%","16,5%","39,4%","-19,3%","171,1%","23,9%","-20,9%","  67,9 ","34,6%","53,0%","96,5%","5,8%","-0,8%","21,7%","-16,9%","  67,9 ","34,6%","53,0%","96,5%","5,8%","-0,8%","21,7%","-16,9%",Chính thức
,208,DCL,Dược phẩm Cửu Long,HOSE,Y tế,Dược phẩm,Y tế,  2.724 ,  37.300 ,"0,4%","-34,1%","-31,3%","-13,3%",  599 ,"  29,2 ","-0,5%",  1.066 ,"1163,9%","  45,1 ","  (372,1)","  35,0 ","  1,4 ","  1,8 ","  324,1 ","17,8%","22,3%","14,2%","21,3%","-27,0%","-4,7%","37,5%","  (1,7)","-2,1%","12,9%","-127,3%","-470,5%","-80,1%","-106,7%","299,1%","  (1,8)","-2,3%","13,0%","-129,0%","-519,8%","-80,7%","-107,3%","299,1%",Chính thức
,209,VOS,Vận tải Biển Việt Nam,HOSE,Hàng & Dịch vụ Công nghiệp,Vận tải Thủy,Vận tải Thủy,  1.764 ,  12.600 ,"-2,0%","-2,7%","-3,5%","2,0%",  2.455 ,"  36,2 ","18,4%",  -   ,"0,0%","  7,0 ","  4,9 ",  -   ,"  1,1 ","  0,8 ","  709,0 ",,"-57,9%","-55,4%","-33,1%","-28,5%","53,4%",,"  4,3 ",,"-172,3%","-96,4%","1031,4%","2506,1%","108,0%",,"  4,3 ",,"-172,3%","-96,4%","1031,4%","2506,1%","108,0%",,Chính thức
,210,TIP,PT KCN Tín Nghĩa,HOSE,Bất động sản,Bất động sản,Bất động sản công nghiệp,  1.196 ,  18.199 ,"-0,3%","-3,2%","-5,2%","2,8%",  83 ,"  1,6 ","12,7%",  2.441 ,"-32,0%","  8,8 ","  5,1 ","  7,5 ","  0,8 ","  0,6 ","  33,1 ","12,5%","-12,5%","-11,9%","-4,6%","-16,8%","-1,4%","78,6%","  37,0 ","23,1%","-28,8%","4,5%","42,8%","39,7%","85,2%","-26,5%","  36,7 ","23,1%","-29,4%","5,3%","46,1%","42,4%","90,7%","-26,5%",Chính thức
,211,ND2,Đầu tư và PT điện Miền Bắc 2,UPCoM,Tiện ích,Sản xuất & Phân phối Điện,Sản xuất & Phân phối Điện,  1.800 ,  36.000 ,"0,0%","-1,4%","2,0%","-1,4%",  6 ,"  0,2 ","24,8%",  3.125 ,"-28,1%","  11,7 ","  8,3 ","  11,5 ","  2,2 ","  1,9 ","  41,3 ","11,1%","-10,9%","29,4%","0,7%","26,5%","5,6%","-9,1%","  (0,4)","-0,3%","-635,4%","68,5%","0,4%","126,8%","87,3%","-27,2%","  (0,4)","-0,3%","-635,4%","68,5%","0,4%","126,8%","87,3%","-27,2%",Chính thức
,212,CSM,Cao su Miền Nam,HOSE,Ô tô và phụ tùng,Lốp xe,Lốp xe,  1.269 ,  12.250 ,"-0,8%","2,1%","-3,5%","-8,2%",  276 ,"  3,5 ","3,6%",  927 ,"95,5%","  20,1 ","  25,8 ","  13,2 ","  1,0 ","  0,9 ","  1.105,3 ","21,5%","-11,0%","-12,6%","-7,2%","-17,2%","8,2%","24,1%","  26,0 ","27,1%","-1,2%","-26,5%","17,1%","-321,8%","33,9%","125,7%","  26,0 ","27,1%","-1,2%","-26,5%","17,1%","-321,8%","33,9%","125,7%",Chính thức
,213,S4A,Thủy điện Sê San 4A,HOSE,Tiện ích,Sản xuất & Phân phối Điện,Sản xuất & Phân phối Điện,  1.393 ,  33.000 ,"2,8%","1,6%","4,7%","6,3%",  1 ,"  0,0 ","29,3%",  2.357 ,"-43,1%","  12,5 ","  8,0 ","  14,0 ","  2,7 ","  2,2 ","  53,6 ","18,1%","6,9%","66,0%","0,8%","63,7%","13,6%","-9,1%","  47,4 ","47,7%","42,6%","789,6%","-15,9%","161,4%","156,9%","-31,7%","  47,4 ","47,7%","42,6%","789,6%","-15,9%","161,4%","156,9%","-31,7%",Chính thức
,214,PAC,Pin Ắc quy Miền Nam,HOSE,Hàng & Dịch vụ Công nghiệp,Hàng điện & điện tử,Điện tử & Thiết bị điện,  1.579 ,  22.650 ,"-5,6%","-14,2%","0,2%","1,1%",  763 ,"  19,2 ","11,0%",  1.412 ,"-11,1%","  13,5 ","  14,3 ","  16,0 ","  1,7 ","  1,5 ","  879,3 ","18,3%","8,4%","6,5%","14,1%","19,3%","2,0%","33,8%","  22,1 ","22,5%","4,7%","14,3%","-49,7%","2,8%","-24,1%","-16,4%","  22,1 ","22,5%","4,7%","14,3%","-49,7%","2,8%","-24,1%","-16,4%",Chính thức
,215,SLS,Mía đường Sơn La,HNX,Thực phẩm và đồ uống,Thực phẩm,Đường,  1.518 ,  155.000 ,"-3,6%","-3,6%","-4,0%","-4,3%",  4 ,"  0,7 ","16,7%",  -   ,"0,0%","  3,8 ","  5,3 ",  -   ,"  1,3 ","  0,9 ","  237,3 ",,"19,7%","-32,7%","67,5%","-22,5%","-18,0%",,"  16,3 ",,"-12,7%","-58,9%","-2,6%","-11,7%","-81,8%",,"  16,3 ",,"-12,7%","-58,9%","-2,6%","-11,7%","-81,8%",,Chính thức
,216,VLB,VLXD Biên Hòa,UPCoM,Xây dựng và Vật liệu,Vật liệu xây dựng & Nội thất,Vật liệu xây dựng & Nội thất,  2.150 ,  46.025 ,"-2,5%","0,5%","-4,8%","-4,9%",  25 ,"  1,1 ","42,3%",  -   ,"0,0%","  2,6 ","  6,8 ",  -   ,"  2,8 ","  2,8 ","  351,5 ",,"16,7%","20,5%","4,1%","6,0%","3,7%",,"  74,1 ",,"13,2%","49,3%","24,5%","60,8%","26,8%",,"  74,1 ",,"13,2%","49,3%","24,5%","60,8%","26,8%",,Chính thức
,217,HRC,Cao su Hòa Bình,HOSE,Hóa chất,"Nhựa, cao su & sợi",Cao su,  1.184 ,  39.200 ,"-10,2%","-21,3%","30,7%","32,4%",  5 ,"  0,3 ","6,6%",  -   ,"0,0%","  75,4 ","  29,1 ",  -   ,"  2,3 ","  1,9 ","  95,3 ",,"29,4%","225,2%","-13,0%","-10,9%","155,1%",,"  7,0 ",,"246,4%","565,5%","269,8%","-84,7%","391,6%",,"  7,0 ",,"246,4%","565,5%","269,8%","-84,7%","391,6%",,Chính thức
,218,DP3,Dược Phẩm TW3,HNX,Y tế,Dược phẩm,Y tế,  1.258 ,  58.500 ,"7,5%","6,0%","2,9%","18,3%",  18 ,"  1,1 ","29,1%",  3.349 ,"-56,9%","  10,4 ","  7,5 ","  17,5 ","  2,7 ","  2,0 ","  135,0 ","30,0%","-11,3%","-8,0%","26,3%","13,2%","46,9%","2,8%","  34,8 ","48,3%","8,3%","15,7%","8,1%","53,9%","45,7%","-53,9%","  34,8 ","48,3%","8,3%","15,7%","8,1%","53,9%","45,7%","-53,9%",Chính thức
,219,BSA,Thủy điện Buôn Đôn,UPCoM,Tiện ích,Sản xuất & Phân phối Điện,Sản xuất & Phân phối Điện,  1.352 ,  20.225 ,"-1,5%","-3,4%","-11,3%","-12,1%",  12 ,"  0,3 ","17,4%",  -   ,"0,0%","  8,7 ","  8,0 ",  -   ,"  1,5 ","  1,4 ","  47,7 ",,"47,5%","57,0%","-3,4%","34,2%","-4,3%",,"  15,7 ",,"1904,9%","1422,5%","25,9%","99,9%","77,4%",,"  15,7 ",,"1904,9%","1422,5%","25,9%","99,9%","77,4%",,Chính thức
,220,TOS,Dịch vụ biển Tân Cảng,UPCoM,Dầu khí,Thiết bị và Dịch vụ Dầu khí,Thiết bị và Dịch vụ Dầu khí,  8.749 ,  194.415 ,"9,1%","12,3%","15,0%","32,6%",  40 ,"  6,9 ","52,6%",  -   ,"0,0%","  7,6 ","  8,6 ",  -   ,"  2,4 ","  3,9 ","  1.229,2 ",,"73,2%","83,2%","61,7%","0,6%","39,4%",,"  225,5 ",,"448,8%","149,3%","202,7%","42,0%","5,2%",,"  201,2 ",,"473,7%","149,2%","218,1%","32,3%","-2,4%",,Chính thức
,221,PMW,Cấp Nước Phú Mỹ,UPCoM,Tiện ích,Nước,Nước,  1.845 ,  36.900 ,"7,6%","5,4%","3,4%","5,4%",  1 ,"  0,0 ","16,9%",  2.032 ,"0,3%","  16,8 ","  18,2 ","  18,2 ","  2,7 ","  3,1 ","  88,8 ","23,0%","-9,9%","-5,7%","5,1%","2,2%","5,5%","8,5%","  15,1 ","14,8%","5,0%","-5,1%","-6,5%","153,7%","-54,2%","-14,7%","  15,1 ","14,8%","5,0%","-5,1%","-6,5%","153,7%","-54,2%","-14,7%",Chính thức
,222,HAX,Ô tô Hàng Xanh,HOSE,Ô tô và phụ tùng,Sản xuất ô tô,Sản xuất ô tô,  1.101 ,  10.250 ,"-2,8%","-2,8%","-3,8%","-1,4%",  447 ,"  4,9 ","0,5%",  214 ,"332,0%","  49,2 ","  206,8 ","  47,9 ","  1,3 ","  1,0 ","  1.097,5 ",,"-7,6%","-8,3%","-25,1%","-16,7%","14,5%",,"  15,3 ","9,5%","-48,0%","-53,2%","-128,5%","-36,0%","-7,5%","309,4%","  4,8 ","21,1%","-76,9%","-159,2%","-145,7%","-1,9%","-5,7%","309,4%",Chính thức
,223,FOC,FPT Online,UPCoM,Truyền thông,Dịch vụ truyền thông,Dịch vụ truyền thông,  1.226 ,  66.557 ,"-0,6%","2,2%","-2,6%","4,4%",  19 ,"  1,3 ","22,6%",  -   ,"0,0%","  9,9 ","  7,2 ",  -   ,"  1,9 ","  1,5 ","  138,7 ",,"-7,6%","38,8%","9,9%","14,0%","18,1%",,"  31,8 ",,"15,2%","33,1%","1,2%","26,3%","69,7%",,"  31,8 ",,"15,2%","33,1%","1,2%","26,3%","69,7%",,Chính thức
,224,DNA,Điện nước An Giang,UPCoM,Tiện ích,Nước,Nước,  1.408 ,  25.000 ,"0,0%","-5,7%","-13,8%","0,8%",  0 ,"  0,0 ","17,2%",  -   ,"0,0%","  9,1 ","  9,4 ",  -   ,"  1,6 ","  1,6 ","  682,0 ",,"0,6%","0,7%","10,2%","7,8%","7,5%",,"  32,9 ",,"-27,3%","36,8%","30,1%","4,4%","-29,9%",,"  32,9 ",,"-27,3%","36,8%","30,1%","4,4%","-29,9%",,Chính thức
,225,CLL,Cảng Cát Lái,HOSE,Hàng & Dịch vụ Công nghiệp,"Kho bãi, hậu cần và bảo dưỡng","Kho bãi, hậu cần và bảo dưỡng",  1.020 ,  30.000 ,"0,7%","0,0%","-1,3%","-1,6%",  9 ,"  0,3 ","16,8%",  2.249 ,"-24,1%","  12,3 ","  10,1 ","  13,3 ","  2,0 ","  1,6 ","  88,1 ","22,7%","-3,5%","62,4%","42,1%","-0,7%","19,2%","-3,0%","  29,3 ","36,7%","1,2%","36,7%","12,2%","-28,6%","11,3%","-22,5%","  28,2 ","36,8%","0,2%","27,7%","5,1%","-23,4%","8,0%","-22,5%",Chính thức
,226,TTA,XD và PT Trường Thành,HOSE,Tiện ích,Sản xuất & Phân phối Điện,Xây dựng,  1.928 ,  10.800 ,"-4,0%","-12,9%","-0,9%","1,9%",  595 ,"  6,9 ","10,6%",  -   ,"0,0%","  9,8 ","  7,8 ",  -   ,"  0,8 ","  0,8 ","  172,3 ",,"2,9%","-3,3%","-9,1%","10,0%","15,7%",,"  59,7 ",,"21,0%","5,7%","-14,9%","8,2%","39,6%",,"  59,7 ",,"21,0%","5,7%","-14,9%","8,2%","39,6%",,Chính thức
,227,L14,Licogi 14,HNX,Xây dựng và Vật liệu,Xây dựng,Xây dựng,  762 ,  24.700 ,"0,8%","1,7%","-6,4%","-14,2%",  76 ,"  1,8 ","3,4%",  583 ,"18,8%","  35,2 ","  50,3 ","  42,3 ","  2,6 ","  1,7 ","  28,2 ","16,1%","42,9%","-26,3%","-94,8%","-35,7%","-11,1%","84,9%","  1,5 ","8,4%","111,0%","4,1%","4,1%","0,4%","-82,2%","-18,7%","  1,5 ","8,4%","111,0%","4,1%","4,1%","0,4%","-82,2%","-18,7%",Chính thức
,228,NSC,Tập đoàn Giống cây trồng Việt Nam,HOSE,Thực phẩm và đồ uống,Nuôi trồng nông & hải sản,Nuôi trồng nông & hải sản,  1.344 ,  76.500 ,"1,3%","4,9%","1,1%","1,7%",  1 ,"  0,1 ","14,8%",  13.873 ,"9,1%","  6,2 ","  6,0 ","  5,5 ","  1,0 ","  0,9 ","  362,9 ","12,7%","5,0%","5,7%","-0,9%","-20,5%","-1,4%","24,0%","  41,0 ","16,3%","3,5%","8,9%","-26,4%","4,8%","9,0%","11,2%","  41,2 ","16,9%","4,3%","9,2%","-26,9%","5,0%","11,2%","11,2%",Chính thức
,229,CNG,CNG Việt Nam,HOSE,Tiện ích,Phân phối xăng dầu & khí đốt,Phân phối xăng dầu & khí đốt,  813 ,  23.150 ,"-5,9%","-3,9%","-13,6%","-5,3%",  32 ,"  0,8 ","11,3%",  2.051 ,"0,5%","  11,1 ","  11,3 ","  11,3 ","  1,7 ","  1,3 ","  1.191,7 ","22,6%","34,7%","30,3%","17,9%","48,6%","40,2%","12,6%","  4,4 ","6,1%","0,3%","-16,7%","-4,2%","-78,1%","226,7%","4,9%","  4,4 ","6,1%","0,3%","-16,7%","-4,2%","-78,1%","226,7%","4,9%",Chính thức
,230,SGR,Địa ốc Sài Gòn,HOSE,Bất động sản,Bất động sản,Bất động sản dân cư,  1.062 ,  15.200 ,"-3,5%","0,0%","-7,6%","-18,3%",  139 ,"  2,2 ","4,6%",  1.124 ,"21,0%","  16,9 ","  16,6 ","  13,5 ","  1,7 ","  0,8 ","  19,2 ","1,5%","13,5%","251,0%","-65,7%","9,0%","-18,1%","483,2%","  4,7 ","5,9%","239,3%","598,6%","-63,4%","-105,7%","-75,0%","0,4%","  4,6 ","5,8%","236,4%","596,9%","-63,9%","-107,2%","-75,7%","0,4%",Chính thức
,231,D2D,Phát triển Đô thị số 2,HOSE,Bất động sản,Bất động sản,Bất động sản công nghiệp,  1.056 ,  34.900 ,"-4,0%","-8,2%","-1,7%","-0,9%",  66 ,"  2,4 ","33,0%",  6.330 ,"-19,1%","  33,7 ","  4,5 ","  5,5 ","  1,3 ","  1,5 ","  44,1 ","7,4%","257,2%","1908,7%","278,9%","-86,6%","-52,0%","-23,9%","  5,3 ","2,8%","752,7%","3459,3%","641,3%","-92,9%","-36,3%","-20,2%","  5,3 ","2,8%","752,7%","3459,3%","641,3%","-92,9%","-36,3%","-20,2%",Chính thức
,232,VAV,VIWACO,UPCoM,Tiện ích,Nước,Nước,  1.584 ,  33.000 ,"-2,4%","-6,8%","-6,3%","-7,0%",  1 ,"  0,0 ","18,7%",  2.490 ,"-22,5%","  9,4 ","  10,3 ","  13,3 ","  2,3 ","  1,8 ","  240,6 ","21,4%","6,4%","4,8%","3,6%","3,9%","1,0%","0,3%","  28,2 ","23,6%","36,4%","-28,7%","-50,5%","-24,9%","-48,1%","-33,7%","  28,2 ","23,6%","36,4%","-28,7%","-50,5%","-24,9%","-48,1%","-33,7%",Chính thức
,233,PVP,Vận tải Dầu khí Thái Bình Dương,HOSE,Hàng & Dịch vụ Công nghiệp,Dịch vụ vận tải,Vận tải Thủy,  1.867 ,  18.000 ,"24,6%","19,6%","22,9%","28,6%",  932 ,"  15,7 ","12,2%",  2.083 ,"-7,6%","  7,6 ","  8,0 ","  8,6 ","  0,8 ","  0,9 ","  644,8 ","23,9%","12,9%","54,8%","132,1%","-15,6%","53,1%","12,3%","  75,5 ","35,0%","-12,9%","-23,9%","0,5%","34,1%","87,1%","8,8%","  75,5 ","35,0%","-12,9%","-23,9%","0,5%","34,1%","87,1%","8,8%",Chính thức
,234,YEG,Tập đoàn Yeah1,HOSE,Truyền thông,Giải trí & Truyền thông,Giải trí & Truyền thông,  1.918 ,  10.000 ,"-2,9%","-0,5%","-19,4%","-18,7%",  1.320 ,"  14,8 ","2,9%",  542 ,"71,2%","  25,0 ","  31,6 ","  18,5 ","  1,0 ","  0,9 ","  208,3 ","12,6%","196,3%","118,0%","13,3%","43,9%","-4,4%","0,7%","  14,7 ","14,0%","93,7%","281,4%","-78,6%","-83,9%","-36,8%","35,7%","  10,6 ","10,2%","54,0%","147,4%","-67,0%","-83,1%","-60,0%","35,7%",Chính thức
,235,QNP,Cảng Quy Nhơn,HOSE,Hàng & Dịch vụ Công nghiệp,"Kho bãi, hậu cần và bảo dưỡng","Kho bãi, hậu cần và bảo dưỡng",  1.334 ,  33.000 ,"1,4%","1,1%","10,0%","13,0%",  2 ,"  0,1 ","17,4%",  3.860 ,"-1,8%","  10,8 ","  8,4 ","  8,5 ","  1,6 ","  1,4 ","  357,7 ","26,5%","-8,8%","-15,7%","2,6%","18,2%","42,5%","18,8%","  42,1 ","27,0%","-18,5%","-9,7%","38,4%","54,1%","62,7%","9,3%","  42,1 ","27,0%","-18,5%","-9,7%","38,4%","54,1%","62,7%","9,3%",Chính thức
,236,SBM,Đầu tư PT Bắc Minh,UPCoM,Xây dựng và Vật liệu,Xây dựng,Xây dựng,  1.554 ,  34.500 ,"-0,6%","0,0%","0,6%","2,0%",  0 ,"  0,0 ","25,7%",  2.290 ,"-31,0%","  12,0 ","  10,4 ","  15,1 ","  2,4 ","  2,7 ","  51,8 ","20,1%","-4,4%","-0,1%","-7,4%","23,1%","18,2%","-10,4%","  23,8 ","23,1%","-3,4%","-12,2%","-16,8%","27,1%","14,9%","-29,6%","  23,8 ","23,1%","-3,4%","-12,2%","-16,8%","27,1%","14,9%","-29,6%",Chính thức
,237,HWS,Cấp nước Huế,UPCoM,Tiện ích,Nước,Nước,  1.307 ,  14.954 ,"-0,9%","-0,7%","1,5%","1,0%",  4 ,"  0,1 ","12,9%",  1.635 ,"0,4%","  9,8 ","  9,2 ","  9,1 ","  1,2 ","  1,1 ","  155,4 ","22,7%","0,6%","-2,7%","-3,0%","4,9%","6,2%","2,4%","  34,3 ","24,0%","0,1%","6,9%","0,3%","20,9%","0,7%","0,5%","  34,3 ","24,0%","0,1%","6,9%","0,3%","20,9%","0,7%","0,5%",Chính thức
,238,SZB,Sonadezi Long Bình,HNX,Bất động sản,Bất động sản,Bất động sản công nghiệp,  1.290 ,  43.000 ,"1,9%","2,4%","11,7%","14,7%",  6 ,"  0,3 ","27,8%",  5.125 ,"-26,9%","  7,8 ","  6,1 ","  8,4 ","  1,7 ","  1,6 ","  129,9 ","25,8%","-50,0%","-8,0%","10,9%","82,1%","29,1%","-3,4%","  41,5 ","27,0%","-68,8%","-4,5%","8,2%","327,7%","26,2%","-23,8%","  41,5 ","27,0%","-68,8%","-4,5%","8,2%","327,7%","26,2%","-23,8%",Chính thức
,239,DSP,Dịch vụ Du lịch Phú Thọ,UPCoM,Du lịch và Giải trí,Vận tải hành khách & Du lịch,Vận tải hành khách & Du lịch,  1.424 ,  12.000 ,"0,0%","-2,4%","-7,7%","-11,1%",  0 ,"  0,0 ","-6,7%",  (238),"52,0%","  (131,0)","  (24,3)","  (50,5)","  1,5 ","  1,7 ","  50,3 ","21,2%","-28,3%","-4,9%","-9,8%","9,3%","8,0%","38,3%","  (6,8)","24,2%","-191,4%","-152,3%","-295,6%","142,3%","-34,7%","50,5%","  (6,8)","24,2%","-191,4%","-152,3%","-295,6%","142,3%","-34,7%","50,5%",Chính thức
,240,TTD,Bệnh viện Tim Tâm Đức,UPCoM,Y tế,Chăm sóc y tế,Y tế,  2.182 ,  140.300 ,"7,9%","17,9%","15,1%","61,8%",  0 ,"  0,0 ","26,9%",  5.530 ,"-7,1%","  13,8 ","  23,6 ","  25,4 ","  3,9 ","  6,2 ","  191,7 ","24,6%","1,3%","16,4%","5,8%","6,0%","6,6%","-6,7%","  13,4 ","15,6%","19,7%","43,5%","2,1%","-1,8%","-19,3%","-10,2%","  13,4 ","15,6%","19,7%","43,5%","2,1%","-1,8%","-19,3%","-10,2%",Chính thức
,241,CST,Than Cao Sơn - TKV,HNX,Tài nguyên Cơ bản,Khai thác Than,Khai thác Than,  587 ,  13.700 ,"-5,5%","-13,3%","4,6%","6,2%",  98 ,"  1,5 ","8,1%",  678 ,"-64,1%","  (1,8)","  7,2 ","  20,2 ","  0,8 ","  0,6 ","  2.312,4 ","42,5%","-20,4%","-11,4%","11,5%","-10,9%","-2,0%","-36,0%","  10,6 ","36,4%","-86,5%","-81,0%","88,5%","792,7%","-16,7%","-64,9%","  10,6 ","36,4%","-86,5%","-81,0%","88,5%","792,7%","-16,7%","-64,9%",Chính thức
,242,HTG,Dệt may Hòa Thọ,HOSE,Hàng cá nhân & Gia dụng,Hàng May mặc,Hàng May mặc,  1.516 ,  42.100 ,"0,0%","0,0%","-3,1%","-2,8%",  16 ,"  0,7 ","29,9%",  9.229 ,"2,5%","  5,9 ","  4,7 ","  4,6 ","  1,6 ","  1,3 ","  1.339,3 ","24,1%","8,3%","19,7%","1,3%","-1,8%","4,8%","2,5%","  64,5 ","19,0%","29,6%","88,8%","8,7%","-43,7%","11,5%","4,9%","  63,7 ","19,2%","24,5%","84,3%","7,0%","-42,8%","13,3%","4,9%",Chính thức
,243,EVG,Tập đoàn Everland,HOSE,Xây dựng và Vật liệu,Xây dựng,Xây dựng,  1.436 ,  6.670 ,"-3,8%","3,3%","-8,8%","-18,8%",  692 ,"  4,7 ","3,7%",  244 ,"-38,8%","  42,0 ","  16,7 ","  27,3 ","  0,6 ","  0,6 ","  323,1 ","44,3%","33,7%","-59,8%","-43,6%","136,6%","68,5%","-34,8%","  24,9 ","37,3%","497,6%","-65,8%","78,8%","1902,8%","117,2%","-32,4%","  19,0 ","36,1%","448,4%","-67,3%","82,8%","1197,1%","74,5%","-32,4%",Chính thức
,244,SZL,Sonadezi Long Thành,HOSE,Bất động sản,Bất động sản,Bất động sản công nghiệp,  1.416 ,  51.800 ,"6,6%","1,6%","5,7%","10,2%",  21 ,"  1,0 ","22,2%",  5.414 ,"1,1%","  10,4 ","  9,7 ","  9,6 ","  1,8 ","  2,0 ","  138,9 ","23,4%","8,6%","13,2%","9,0%","7,2%","11,1%","10,9%","  32,1 ","21,7%","14,1%","-1,2%","33,8%","112,2%","21,5%","5,2%","  32,1 ","21,7%","14,1%","-1,2%","33,8%","112,2%","21,5%","5,2%",Chính thức
,245,ITC,Đầu tư kinh doanh Nhà,HOSE,Bất động sản,Bất động sản,Bất động sản dân cư,  1.180 ,  12.300 ,"1,2%","3,4%","-5,4%","-11,2%",  159 ,"  1,8 ","2,1%",  524 ,"6,3%","  22,8 ","  25,0 ","  23,5 ","  0,5 ","  0,5 ","  213,0 ","26,3%","18,3%","40,3%","44,8%","17,6%","32,7%","9,7%","  15,8 ","24,7%","4,4%","10,3%","512,0%","8,8%","38,5%","0,5%","  8,5 ","17,0%","19,3%","4,8%","294,6%","-52,9%","-24,1%","0,5%",Chính thức
,246,BHA,Thủy điện Bắc Hà,UPCoM,Tiện ích,Sản xuất & Phân phối Điện,Sản xuất & Phân phối Điện,  1.538 ,  23.300 ,"2,4%","1,0%","-4,9%","1,5%",  2 ,"  0,0 ","16,9%",  1.223 ,"-53,2%","  10,2 ","  8,9 ","  19,0 ","  1,5 ","  1,4 ","  37,5 ","13,0%","-30,4%","-28,4%","-7,5%","27,2%","22,6%","-14,6%","  (4,8)","-5,9%","-594,3%","-48,3%","-8,0%","163,9%","54,0%","-51,7%","  (4,8)","-5,9%","-594,3%","-48,3%","-8,0%","163,9%","54,0%","-51,7%",Chính thức
,247,TRC,Cao su Tây Ninh,HOSE,Hóa chất,"Nhựa, cao su & sợi",Cao su,  2.220 ,  74.000 ,"1,9%","2,4%","-5,5%","-3,9%",  63 ,"  4,7 ","13,4%",  -   ,"0,0%","  11,8 ","  7,9 ",  -   ,"  0,8 ","  1,0 ","  275,4 ",,"55,4%","46,0%","8,4%","-14,3%","21,8%",,"  99,7 ",,"357,7%","172,2%","60,4%","-76,7%","41,6%",,"  99,7 ",,"357,7%","172,2%","60,4%","-76,7%","41,6%",,Chính thức
,248,PXL,KCN Dầu khí Long Sơn,UPCoM,Bất động sản,Bất động sản,Bất động sản công nghiệp,  2.234 ,  12.696 ,"-5,5%","-8,8%","-21,4%","-18,3%",  157 ,"  2,4 ","0,1%",  -   ,"0,0%","  1.965,7 ","  1.632,2 ",  -   ,"  1,3 ","  1,3 ","  3,0 ",,"-49,2%","-42,3%","62,9%","76,0%","104,5%",,"  0,3 ",,"-70,3%","23,5%","5,0%","196,9%","263,1%",,"  0,3 ",,"-70,3%","23,5%","5,0%","196,9%","263,1%",,Chính thức
,249,SMB,Bia Sài Gòn - Miền Trung,HOSE,Thực phẩm và đồ uống,Sản xuất bia,Bia và đồ uống,  1.194 ,  40.000 ,"-0,9%","1,8%","1,1%","0,4%",  13 ,"  0,5 ","27,5%",  4.365 ,"-27,2%","  6,9 ","  6,7 ","  9,2 ","  1,9 ","  1,8 ","  295,6 ","19,8%","-9,5%","-1,0%","-2,1%","-10,2%","-0,2%","9,1%","  30,8 ","23,7%","21,7%","-14,1%","23,6%","-24,5%","7,4%","-26,3%","  30,8 ","23,7%","21,7%","-14,1%","23,6%","-24,5%","7,4%","-26,3%",Chính thức
,250,TNC,Cao su Thống Nhất,HOSE,Hóa chất,"Nhựa, cao su & sợi",Cao su,  626 ,  32.500 ,"4,0%","18,0%","1,6%","-0,3%",  0 ,"  0,0 ","15,5%",  -   ,"0,0%","  23,3 ","  11,6 ",  -   ,"  2,5 ","  1,7 ","  38,9 ",,"-15,5%","11,3%","27,6%","36,7%","16,7%",,"  11,6 ",,"71,8%","202,3%","-68,8%","-53,4%","66,2%",,"  11,6 ",,"71,8%","202,3%","-68,8%","-53,4%","66,2%",,Chính thức
,251,LDW,Cấp thoát nước Lâm Đồng,UPCoM,Tiện ích,Nước,Nước,  2.206 ,  28.000 ,"0,0%","0,0%","0,0%","16,7%",  0 ,"  0,0 ","8,3%",  931 ,"-8,1%","  15,8 ","  27,6 ","  30,1 ","  1,4 ","  2,2 ","  81,7 ","22,6%","-2,2%","0,2%","1,9%","0,1%","1,4%","13,2%","  21,4 ","29,2%","-16,2%","-10,2%","-14,6%","-35,4%","-2,4%","-8,7%","  21,4 ","29,2%","-16,2%","-10,2%","-14,6%","-35,4%","-2,4%","-8,7%",Chính thức
,252,TIX,TANIMEX,HOSE,Bất động sản,Bất động sản,Bất động sản công nghiệp,  1.347 ,  44.900 ,"9,5%","3,2%","7,7%","9,5%",  0 ,"  0,0 ","14,9%",  -   ,"0,0%","  10,5 ","  10,7 ",  -   ,"  1,4 ","  1,6 ","  61,6 ",,"9,5%","30,6%","2,3%","2,0%","7,2%",,"  33,5 ",,"-5,5%","75,5%","-15,0%","12,3%","24,0%",,"  33,5 ",,"-5,5%","75,5%","-15,0%","12,3%","24,0%",,Chính thức
,253,ISH,Thủy điện Srok Phu Miêng,UPCoM,Tiện ích,Sản xuất & Phân phối Điện,Sản xuất & Phân phối Điện,  1.103 ,  24.500 ,"-4,7%","2,1%","2,1%","-1,9%",  2 ,"  0,0 ","15,9%",  1.797 ,"-10,1%","  13,3 ","  12,3 ","  13,6 ","  1,9 ","  2,0 ","  30,4 ","14,5%","-4,3%","12,8%","5,5%","19,0%","26,8%","-3,9%","  9,4 ","11,6%","-11,0%","14,4%","7,8%","15,8%","154,4%","-4,0%","  9,4 ","11,6%","-11,0%","14,4%","7,8%","15,8%","154,4%","-4,0%",Chính thức
,254,TMG,Kim loại màu Thái Nguyên - Vimico,UPCoM,Tài nguyên Cơ bản,Thép và sản phẩm thép,Thép và sản phẩm thép,  1.350 ,  75.000 ,"0,0%","15,4%","5,6%","3,6%",  0 ,"  0,0 ","38,6%",  -   ,"0,0%","  20,9 ","  13,5 ",  -   ,"  4,3 ","  4,8 ","  330,2 ",,"23,5%","2,0%","-3,2%","11,9%","6,2%",,"  28,0 ",,"212,2%","-23,4%","184,1%","108,1%","115,6%",,"  28,0 ",,"212,2%","-23,4%","184,1%","108,1%","115,6%",,Chính thức
,255,SKV,NGK Yến sào Khánh Hòa,UPCoM,Thực phẩm và đồ uống,Đồ uống & giải khát,Đồ uống & giải khát,  599 ,  26.037 ,"2,2%","3,2%","-1,4%","-2,3%",  4 ,"  0,1 ","17,6%",  3.087 ,"3,2%","  9,7 ","  8,7 ","  8,4 ","  2,1 ","  1,4 ","  499,2 ","33,7%","0,9%","-13,5%","-19,9%","-20,4%","37,0%","9,8%","  20,9 ","29,4%","6,3%","-1,8%","30,9%","16,8%","3,4%","4,2%","  20,9 ","29,4%","6,3%","-1,8%","30,9%","16,8%","3,4%","4,2%",Chính thức
,256,SKG,Tàu Cao tốc Superdong,HOSE,Du lịch và Giải trí,Vận tải hành khách & Du lịch,Vận tải hành khách & Du lịch,  635 ,  9.550 ,"2,8%","3,1%","-5,5%","-4,5%",  103 ,"  1,0 ","6,3%",  722 ,"-16,1%","  17,2 ","  11,1 ","  13,2 ","  1,0 ","  0,7 ","  126,5 ","26,1%","3,0%","9,7%","21,0%","12,6%","14,0%","14,6%","  24,9 ","52,0%","-22,6%","23,5%","336,5%","15,6%","59,2%","0,2%","  24,9 ","52,0%","-22,6%","23,5%","336,5%","15,6%","59,2%","0,2%",Chính thức
,257,SJD,Thủy điện Cần Đơn,HOSE,Tiện ích,Sản xuất & Phân phối Điện,Sản xuất & Phân phối Điện,  966 ,  14.000 ,"0,0%","0,7%","-0,7%","-0,4%",  83 ,"  1,2 ","16,6%",  -   ,"0,0%","  7,7 ","  5,7 ",  -   ,"  1,0 ","  0,9 ","  65,7 ",,"-6,4%","11,8%","3,7%","14,1%","20,2%",,"  21,2 ",,"-28,6%","43,7%","20,3%","-44,2%","88,2%",,"  21,1 ",,"-27,8%","42,1%","20,0%","-47,8%","84,0%",,Chính thức
,258,CLC,Thuốc lá Cát Lợi,HOSE,Hàng cá nhân & Gia dụng,Thuốc lá,Thuốc lá,  1.441 ,  55.000 ,"0,9%","1,9%","3,7%","0,5%",  2 ,"  0,1 ","19,2%",  -   ,"0,0%","  7,8 ","  8,2 ",  -   ,"  1,4 ","  1,5 ","  1.033,9 ",,"4,3%","16,2%","13,6%","13,8%","8,5%",,"  35,4 ",,"-5,0%","8,5%","12,6%","92,7%","-12,9%",,"  35,4 ",,"-5,0%","8,5%","12,6%","92,7%","-12,9%",,Chính thức
,259,HPI,Khu công nghiệp Hiệp Phước,UPCoM,Bất động sản,Bất động sản,Bất động sản công nghiệp,  1.056 ,  17.600 ,"-38,3%","-21,1%","-22,6%","-35,5%",  0 ,"  0,0 ","1,7%",  574 ,"365,3%","  33,7 ","  142,8 ","  30,7 ","  3,2 ","  2,4 ","  15,9 ","6,8%","13,3%","214,5%","-80,0%","-56,8%","-26,0%","306,4%","  1,1 ","3,2%","-17,5%","-69,0%","-62,3%","-145,0%","-82,0%","176,3%","  1,1 ","3,2%","-17,5%","-69,0%","-62,3%","-145,0%","-82,0%","176,3%",Chính thức
,260,ADS,Dệt sợi DAMSAN,HOSE,Hàng cá nhân & Gia dụng,Hàng May mặc,Hàng May mặc,  694 ,  9.090 ,"-0,2%","11,0%","5,9%","14,8%",  115 ,"  1,0 ","10,3%",  1.382 ,"9,1%","  12,6 ","  7,1 ","  6,6 ","  0,9 ","  0,7 ","  408,2 ","18,9%","-8,5%","13,9%","17,6%","32,3%","14,5%","15,4%","  14,1 ","12,2%","68,7%","346,2%","216,7%","6,3%","0,8%","9,1%","  13,7 ","13,0%","39,4%","298,0%","230,0%","16,9%","22,8%","9,1%",Chính thức
,261,AAH,Than Hợp Nhất,UPCoM,Tài nguyên Cơ bản,Khai thác Than,Khai khoáng,  365 ,  3.097 ,"-6,3%","-3,3%","-9,1%","-11,7%",  820 ,"  2,7 ","-1,1%",  -   ,"0,0%","  51,9 ","  (28,1)",  -   ,"  0,5 ","  0,3 ","  197,3 ",,"94,3%","0,1%","-26,3%","-75,9%","-2,9%",,"  2,5 ",,"1597,9%","-134,5%","-98,7%","-316,1%","-81,2%",,"  2,5 ",,"1597,9%","-134,5%","-98,7%","-316,1%","-81,2%",,Chính thức
,262,THG,XD Tiền Giang,HOSE,Xây dựng và Vật liệu,Vật liệu xây dựng & Nội thất,Vật liệu xây dựng & Nội thất,  1.379 ,  44.300 ,"-2,1%","-0,1%","-0,4%","-2,7%",  28 ,"  1,3 ","21,1%",  5.026 ,"-3,0%","  9,1 ","  8,6 ","  8,8 ","  1,7 ","  1,8 ","  447,0 ","17,3%","58,3%","66,1%","3,3%","14,5%","-13,1%","7,3%","  32,1 ","20,1%","77,7%","128,2%","-10,1%","-22,1%","0,9%","-2,4%","  32,0 ","20,5%","76,6%","126,8%","-10,7%","-22,2%","3,2%","-2,4%",Chính thức
,263,SKH,NGK Sanest Khánh Hòa,UPCoM,Thực phẩm và đồ uống,Đồ uống & giải khát,Đồ uống & giải khát,  792 ,  24.000 ,"-0,2%","-2,0%","-0,8%","-2,8%",  0 ,"  0,0 ","16,0%",  2.061 ,"2,4%","  11,6 ","  11,9 ","  11,6 ","  2,1 ","  1,8 ","  414,1 ","32,4%","14,7%","-11,6%","18,0%","-16,5%","27,6%","9,7%","  18,0 ","26,5%","11,4%","8,1%","22,8%","27,1%","5,2%","3,7%","  18,0 ","26,5%","11,4%","8,1%","22,8%","27,1%","5,2%","3,7%",Chính thức
,264,BCF,Thực phẩm Bích Chi,HNX,Thực phẩm và đồ uống,Thực phẩm,Thực phẩm khác,  1.632 ,  43.000 ,"2,4%","2,4%","4,9%","4,1%",  1 ,"  0,0 ","25,5%",  2.634 ,"-13,6%","  13,9 ","  14,1 ","  16,3 ","  3,1 ","  3,6 ","  179,6 ","22,4%","2,0%","1,8%","2,5%","5,4%","3,2%","2,0%","  21,6 ","21,6%","6,3%","12,0%","14,7%","34,6%","-15,8%","-14,5%","  21,6 ","21,6%","6,3%","12,0%","14,7%","34,6%","-15,8%","-14,5%",Chính thức
,265,CAP,Lâm nông sản Yên Bái,HNX,Tài nguyên Cơ bản,Sản xuất giấy,Sản xuất giấy,  701 ,  45.900 ,"0,4%","-2,3%","13,3%","14,8%",  34 ,"  1,5 ","0,0%",  -   ,"0,0%","  15,7 ",#DIV/0!,  -   ,"  3,1 ","  3,6 ",  -   ,,"61,1%","142,0%","-22,7%",,,,"  18,4 ",,"-100,2%","439,1%","386,0%",,"112653,1%",,#DIV/0!,#DIV/0!,"-100,2%","439,1%","386,0%", ,#DIV/0!,,DN ước tính
,266,NHA,PT Nhà và Đô thị Nam HN,HOSE,Xây dựng và Vật liệu,Xây dựng,Xây dựng,  839 ,  12.950 ,"-5,1%","-4,1%","-14,0%","-18,3%",  155 ,"  2,1 ","7,3%",  772 ,"-12,9%","  167,9 ","  18,4 ","  16,8 ","  1,9 ","  1,1 ","  14,3 ","5,5%","180,8%","24,0%","294,2%","-36,9%","-85,2%","-11,8%","  0,7 ","1,4%","188,9%","-49,8%","136,7%","-79,7%","-98,0%","-36,7%","  0,7 ","1,4%","188,9%","-49,8%","136,7%","-79,7%","-98,0%","-36,7%",Chính thức
,267,VRG,PT Đô thị và KCN Cao su VN,UPCoM,Bất động sản,Bất động sản,Bất động sản công nghiệp,  433 ,  16.715 ,"-2,8%","-1,8%","-8,3%","-6,7%",  9 ,"  0,2 ","9,5%",  -   ,"0,0%","  10,9 ","  14,0 ",  -   ,"  1,8 ","  1,3 ","  6,9 ",,"100,6%","-64,3%","213,3%","24,8%","-24,9%",,"  (6,2)",,"46,0%","-115,4%","144,1%","46,2%","-418,0%",,"  (6,2)",,"46,0%","-115,4%","144,1%","46,2%","-418,0%",,Chính thức
,268,NQN,Nước sạch Quảng Ninh,UPCoM,Tiện ích,Nước,Nước,  610 ,  12.000 ,"-11,1%","-14,3%","-11,1%","14,2%",  0 ,"  0,0 ","10,2%",  -   ,"0,0%","  12,5 ","  9,0 ",  -   ,"  1,1 ","  0,9 ","  232,5 ",,"5,9%","7,5%","10,5%","4,4%","24,1%",,"  16,1 ",,"5,1%","-0,7%","15,4%","63,1%","13,9%",,"  16,1 ",,"5,1%","-0,7%","15,4%","63,1%","13,9%",,Chính thức
,269,TDC,Becamex TDC,HOSE,Bất động sản,"Tư Vấn, Định giá, Môi giới Bất động sản",Bất động sản dân cư,  1.400 ,  11.000 ,"-0,5%","0,5%","-5,2%","-6,8%",  192 ,"  2,1 ","16,4%",  2.257 ,"6,0%","  18,0 ","  5,3 ","  4,9 ","  1,1 ","  0,8 ","  231,1 ","5,9%","5,9%","336,6%","298,3%","52,2%","83,1%","58,7%","  9,1 ","3,2%","182,1%","-37,4%","64,4%","-54,6%","-53,7%","4,2%","  8,2 ","2,9%","182,3%","-37,5%","64,5%","-54,7%","-57,3%","4,2%",Chính thức
,270,PGC,Gas Petrolimex,HOSE,Tiện ích,Phân phối xăng dầu & khí đốt,Phân phối xăng dầu & khí đốt,  818 ,  13.550 ,"-2,2%","-2,2%","-5,9%","0,7%",  167 ,"  2,6 ","13,1%",  1.521 ,"-18,3%","  8,4 ","  7,3 ","  8,9 ","  1,1 ","  0,9 ","  1.253,9 ","25,1%","12,5%","17,1%","9,4%","-1,8%","11,1%","7,1%","  26,3 ","27,4%","-2,2%","-9,1%","-12,7%","50,6%","-7,4%","-18,5%","  25,3 ","27,6%","-6,0%","-7,5%","-7,2%","56,9%","-0,8%","-18,5%",Chính thức
,271,BTP,Nhiệt điện Bà Rịa,HOSE,Tiện ích,Sản xuất & Phân phối Điện,Sản xuất & Phân phối Điện,  506 ,  8.370 ,"-1,1%","-1,5%","3,1%","-6,9%",  63 ,"  0,5 ","5,4%",  -   ,"0,0%","  15,0 ","  8,8 ",  -   ,"  0,7 ","  0,5 ","  54,8 ",,"15,4%","-57,0%","-9,3%","-8,4%","-3,8%",,"  25,9 ",,"13,8%","-102,0%","1121,6%","-24,1%","140,7%",,"  25,9 ",,"13,8%","-102,0%","1121,6%","-24,1%","140,7%",,Chính thức
,272,VNS,Ánh Dương Việt Nam,HOSE,Du lịch và Giải trí,Vận tải hành khách & Du lịch,Vận tải hành khách & Du lịch,  549 ,  8.090 ,"0,4%","-4,4%","-13,8%","-11,1%",  19 ,"  0,2 ","2,8%",  481 ,"4,8%","  8,0 ","  17,6 ","  16,8 ","  0,7 ","  0,5 ","  224,7 ","24,9%","-15,9%","-14,4%","-11,7%","-4,4%","-4,1%","2,3%","  6,2 ","18,9%","-35,7%","-41,3%","-55,9%","-76,0%","-56,4%","-16,5%","  6,2 ","18,9%","-35,7%","-41,3%","-55,9%","-76,0%","-56,3%","-16,5%",Chính thức
,273,VTO,VITACO,HOSE,Hàng & Dịch vụ Công nghiệp,Vận tải Thủy,Vận tải Thủy,  958 ,  12.000 ,"2,1%","2,6%","2,1%","5,3%",  462 ,"  5,7 ","11,4%",  1.288 ,"-22,4%","  9,3 ","  7,2 ","  9,3 ","  0,8 ","  0,8 ","  272,4 ","26,6%","6,3%","-0,1%","0,6%","-2,4%","-4,4%","-9,5%","  30,4 ","29,6%","-29,8%","4,3%","44,6%","25,7%","57,8%","-15,3%","  30,4 ","29,6%","-29,8%","4,3%","44,6%","25,7%","57,8%","-15,3%",Chính thức
,274,BSQ,Bia Sài Gòn - Quảng Ngãi,UPCoM,Thực phẩm và đồ uống,Sản xuất bia,Bia và đồ uống,  797 ,  17.700 ,"4,0%","1,3%","-6,8%","-7,8%",  2 ,"  0,0 ","12,1%",  2.579 ,"12,4%","  10,1 ","  7,7 ","  6,9 ","  1,1 ","  0,9 ","  414,0 ","21,8%","-16,2%","-20,3%","-4,5%","-20,2%","-1,7%","13,5%","  32,0 ","27,6%","-66,3%","-64,5%","348,6%","3,0%","258,1%","44,8%","  32,0 ","27,6%","-66,3%","-64,5%","348,6%","3,0%","258,1%","44,8%",Chính thức
,275,VIT,Viglacera Tiên Sơn,HNX,Xây dựng và Vật liệu,Vật liệu xây dựng & Nội thất,Vật liệu xây dựng & Nội thất,  1.754 ,  25.500 ,"-1,5%","-1,5%","13,8%","6,3%",  3 ,"  0,1 ","12,0%",  -   ,"0,0%","  845,8 ","  21,2 ",  -   ,"  1,6 ","  2,1 ","  863,5 ",,"-1,3%","8,6%","21,3%","1,0%","130,8%",,"  0,3 ",,"72,2%","19,2%","4,5%","-23,9%","102,9%",,"  0,3 ",,"72,2%","19,2%","4,5%","-23,9%","102,9%",,Chính thức
,276,AGP,Dược phẩm AGIMEXPHARM,UPCoM,Y tế,Dược phẩm,Y tế,  1.160 ,  37.909 ,"-1,1%","-0,9%","0,4%","3,6%",  3 ,"  0,1 ","11,1%",  1.882 ,"-1,7%","  17,5 ","  22,1 ","  20,1 ","  2,2 ","  2,1 ","  207,9 ","22,4%","11,0%","9,0%","2,4%","4,3%","3,3%","10,1%","  13,5 ","23,4%","31,4%","-4,8%","2,1%","2,3%","3,1%","10,7%","  13,5 ","23,4%","31,4%","-4,8%","2,1%","2,3%","3,1%","10,7%",Chính thức
,277,DFF,Tập đoàn Đua Fat,UPCoM,Xây dựng và Vật liệu,Xây dựng,Xây dựng,  40 ,  500 ,"-16,7%","0,0%","-16,7%","-28,6%",  241 ,"  0,1 ","186,4%",  -   ,"0,0%","  251,2 ","  (0,1)",  -   ,"  0,6 ","  (0,1)","  16,6 ",,"55,1%","32,1%","67,9%","-29,6%","-77,7%",,"  (45,6)",,"-450,2%","-98,8%","-594,8%","95,1%","61,0%",,"  (45,6)",,"-450,3%","-98,8%","-594,8%","95,1%","61,0%",,Chính thức
,278,EIC,EVN Quốc Tế,UPCoM,Xây dựng và Vật liệu,Xây dựng,Xây dựng,  819 ,  22.317 ,"-2,6%","-2,2%","-5,8%","-15,1%",  2 ,"  0,0 ","12,4%",  753 ,"-49,0%","  20,7 ","  15,1 ","  29,6 ","  2,0 ","  1,9 ","  1,7 ","2,6%","800,5%","-78,5%","-52,7%","31,9%","-18,4%","486,0%","  0,1 ","0,3%","-72,4%","98,9%","-99,9%","8178,7%","391,3%","-48,9%","  0,1 ","0,3%","-72,4%","98,9%","-99,9%","8178,7%","391,3%","-48,9%",Chính thức
,279,LBM,Khoáng sản Lâm Đồng,HOSE,Xây dựng và Vật liệu,Vật liệu xây dựng & Nội thất,Vật liệu xây dựng & Nội thất,  1.460 ,  29.200 ,"-2,5%","-2,8%","-12,7%","-18,4%",  27 ,"  0,9 ","22,2%",  2.399 ,"-35,8%","  10,7 ","  9,8 ","  12,2 ","  1,8 ","  2,2 ","  308,7 ","23,0%","37,8%","53,0%","36,1%","22,8%","25,9%","12,1%","  29,8 ","24,8%","-10,9%","153,7%","82,0%","78,3%","33,5%","-15,6%","  29,8 ","24,9%","-11,1%","154,5%","82,6%","78,7%","33,9%","-15,6%",Chính thức
,280,ICN,XD Dầu Khí IDICO,UPCoM,Xây dựng và Vật liệu,Xây dựng,Xây dựng,  949 ,  31.021 ,"-3,1%","-3,0%","-18,0%","-14,8%",  6 ,"  0,2 ","21,3%",  693 ,"-80,7%","  7,1 ","  8,6 ","  44,8 ","  2,9 ","  1,9 ","  26,3 ","16,5%","276,7%","2,9%","-79,5%","-78,7%","-85,5%","-64,5%","  7,0 ","33,3%","502,0%","14,6%","-94,5%","-86,2%","-88,0%","-86,9%","  7,0 ","33,3%","502,0%","14,6%","-94,5%","-86,2%","-88,0%","-86,9%",Chính thức
,281,SMC,Đầu tư Thương mại SMC,HOSE,Tài nguyên Cơ bản,Thép và sản phẩm thép,Thép và sản phẩm thép,  935 ,  12.700 ,"-8,0%","13,4%","-9,6%","-3,4%",  366 ,"  4,7 ","22,5%",  372 ,"-86,1%","  (1,8)","  4,7 ","  34,2 ","  0,9 ","  0,9 ","  1.072,5 ","15,3%","-17,2%","-13,0%","-31,0%","-24,8%","-41,9%","-0,1%","  17,2 ","57,4%","-99,9%","10,0%","5,6%","1541,6%","13474,5%","-84,8%","  18,6 ","67,9%","-99,0%","-25,9%","3,2%","1682,9%","884,0%","-84,8%",Chính thức
,282,VNB,Sách Việt Nam,UPCoM,Truyền thông,"Sách, ấn bản & sản phẩm văn hóa","Sách, ấn bản & sản phẩm văn hóa",  1.002 ,  14.753 ,"-1,3%","1,6%","-8,0%","-14,8%",  21 ,"  0,3 ","7,0%",  -   ,"0,0%","  12,1 ","  12,1 ",  -   ,"  0,8 ","  0,8 ","  4,3 ",,"-11,8%","0,5%","-19,3%","5,7%","-33,5%",,"  20,5 ",,"12,7%","28,3%","11,8%","-7,7%","-1,0%",,"  20,5 ",,"12,7%","28,3%","11,8%","-7,7%","-1,0%",,Chính thức
,283,CLM,Xuất nhập khẩu Than - Vinacomin,HNX,Tài nguyên Cơ bản,Khai thác Than,Khai thác Than,  814 ,  74.000 ,"-1,3%","-2,0%","2,8%","13,5%",  1 ,"  0,1 ","10,0%",  7.396 ,"2,2%","  5,7 ","  10,2 ","  10,0 ","  1,1 ","  1,0 ","  4.327,4 ","23,6%","-12,1%","17,1%","-22,9%","-14,1%","-19,5%","12,0%","  24,0 ","29,5%","-57,1%","-34,2%","-61,2%","-35,0%","20,0%","7,6%","  24,0 ","29,5%","-57,1%","-34,2%","-61,2%","-35,0%","20,0%","7,6%",Chính thức
,284,SRC,Cao su Sao Vàng,HOSE,Ô tô và phụ tùng,Lốp xe,Lốp xe,  1.473 ,  52.500 ,"1,0%","-2,4%","8,0%","1,6%",  6 ,"  0,3 ","5,6%",  2.851 ,"155,3%","  36,8 ","  47,0 ","  18,4 ","  1,7 ","  2,6 ","  345,9 ","17,3%","49,3%","14,4%","-1,9%","124,9%","32,5%","37,4%","  9,4 ","11,8%","-19,6%","-92,9%","16,2%","-74,8%","249,7%","224,9%","  9,4 ","11,8%","-19,6%","-92,9%","16,2%","-74,8%","249,7%","224,9%",Chính thức
,285,SFI,Vận tải SAFI,HOSE,Hàng & Dịch vụ Công nghiệp,Vận tải Thủy,Vận tải Thủy,  705 ,  29.000 ,"2,5%","5,5%","7,4%","16,0%",  4 ,"  0,1 ","12,0%",  -   ,"0,0%","  7,3 ","  7,5 ",  -   ,"  0,9 ","  0,9 ","  279,7 ",,"5,3%","11,7%","0,2%","-7,5%","14,4%",,"  20,3 ",,"8,5%","18,7%","55,3%","0,0%","12,9%",,"  20,3 ",,"9,5%","17,9%","55,3%","0,0%","12,9%",,Chính thức
,286,MH3,KCN Cao su Bình Long,UPCoM,Bất động sản,Bất động sản,Bất động sản công nghiệp,  643 ,  26.800 ,"-3,9%","-5,1%","-10,3%","-13,0%",  1 ,"  0,0 ","7,5%",  -   ,"0,0%","  15,6 ","  14,8 ",  -   ,"  1,5 ","  1,1 ","  24,7 ",,"5,5%","7,6%","11,7%","-6,2%","9,6%",,"  11,2 ",,"-1,9%","-44,8%","102,5%","11,7%","6,9%",,"  11,2 ",,"-1,9%","-44,8%","102,5%","11,7%","6,9%",,Chính thức
,287,PBC,Dược Phẩm TW 1- Pharbaco,UPCoM,Y tế,Dược phẩm,Y tế,  677 ,  5.803 ,"0,6%","1,3%","-4,8%","-7,1%",  16 ,"  0,1 ","1,7%",  -   ,"0,0%","  29,1 ","  30,3 ",  -   ,"  0,7 ","  0,5 ","  207,9 ",,"-7,6%","9,6%","20,0%","-13,2%","-5,7%",,"  10,7 ",,"43,5%","-526,1%","43,1%","146,8%","-45,9%",,"  10,7 ",,"43,5%","-525,1%","43,1%","146,8%","-45,9%",,Chính thức
,288,VIP,Vận tải Xăng dầu VIPCO,HOSE,Hàng & Dịch vụ Công nghiệp,Vận tải Thủy,Vận tải Thủy,  784 ,  11.450 ,"-3,0%","-4,6%","-2,1%","-6,2%",  341 ,"  4,2 ","5,5%",  1.282 ,"24,2%","  8,4 ","  11,1 ","  8,9 ","  0,7 ","  0,6 ","  145,5 ","20,7%","16,3%","11,0%","1,2%","-0,2%","-2,5%","15,6%","  9,9 ","11,3%","31,9%","64,8%","-24,9%","-77,4%","-60,5%","2,3%","  9,9 ","11,3%","31,9%","64,8%","-24,9%","-77,4%","-60,5%","2,3%",Chính thức
,289,BTH,Biến thế và Vật liệu Điện Hà Nội,UPCoM,Hàng & Dịch vụ Công nghiệp,Thiết bị điện,Điện tử & Thiết bị điện,  579 ,  23.177 ,"-2,2%","-1,4%","-9,4%","-8,8%",  8 ,"  0,2 ","49,7%",  -   ,"0,0%","  260,2 ","  2,8 ",  -   ,"  1,8 ","  1,1 ","  39,7 ",,"35538,1%","-99,5%","-97,7%","-35,0%","229,7%",,"  29,3 ",,"1023,2%","-97,4%","-88,6%","-28,5%","174,4%",,"  29,3 ",,"1023,2%","-97,4%","-88,6%","-28,5%","174,4%",,Chính thức
,290,TIS,Gang thép Thái Nguyên,UPCoM,Tài nguyên Cơ bản,Thép và sản phẩm thép,Thép và sản phẩm thép,  890 ,  4.838 ,"-2,1%","0,6%","-5,4%","-8,7%",  31 ,"  0,2 ","1,7%",  -   ,"0,0%","  87,0 ","  35,3 ",  -   ,"  0,6 ","  0,6 ","  3.642,5 ",,"29,8%","10,7%","15,3%","1,5%","28,6%",,"  14,9 ",,"-253,6%","1634,4%","85,3%","-89,5%","263,0%",,"  15,1 ",,"-262,0%","1223,3%","85,4%","-89,6%","263,7%",,Chính thức
,291,LSG,BĐS Sài Gòn Vina,UPCoM,Bất động sản,Bất động sản,Bất động sản dân cư,  3.125 ,  34.727 ,"-0,5%","3,3%","8,1%","7,5%",  52 ,"  1,9 ","2,4%",  1.316 ,"375,6%","  9,5 ","  125,5 ","  26,4 ","  1,4 ",  -   ,"  2,1 ","0,9%",,#DIV/0!,#DIV/0!,"2,5%",#DIV/0!,"2717,3%","  (11,3)","-9,6%","-6875,3%","-1714,3%","-20524,3%","1729,2%","27,9%","477,5%","  (11,3)","-9,6%","-6875,3%","-1714,3%","-20524,3%","1729,2%","27,9%","477,5%",Chính thức
,292,HVT,Hóa chất Việt trì,HNX,Hóa chất,"Sản phẩm hóa dầu, Nông dược & Hóa chất khác","Sản phẩm hóa dầu, Nông dược & Hóa chất khác",  761 ,  27.700 ,"0,4%","-0,7%","-2,8%","-2,5%",  27 ,"  0,8 ","23,1%",  -   ,"0,0%","  10,7 ","  6,7 ",  -   ,"  1,9 ","  1,4 ","  419,8 ",,"14,8%","5,5%","11,5%","10,4%","7,0%",,"  30,9 ",,"55,1%","46,2%","19,3%","-14,8%","90,8%",,"  30,9 ",,"55,1%","46,2%","19,3%","-14,8%","90,8%",,Chính thức
,293,MKP,Dược phẩm Mekophar,UPCoM,Y tế,Dược phẩm,Y tế,  662 ,  26.200 ,"-9,7%","-17,9%","-13,0%","3,2%",  9 ,"  0,3 ","1,6%",  1.108 ,"44,5%","  35,7 ","  34,2 ","  23,6 ","  0,6 ",  -   ,"  207,9 ","20,8%","-6,4%","-12,0%","10,4%","16,6%","-9,5%","6,5%","  1,6 ","5,8%","-194,6%","-117,8%","-248,6%","58,6%","112,0%","551,0%","  1,6 ","5,8%","-194,6%","-117,8%","-248,6%","58,6%","112,0%","551,0%",Chính thức
,294,WSB,Bia Sài Gòn - Miền Tây,UPCoM,Thực phẩm và đồ uống,Sản xuất bia,Bia và đồ uống,  812 ,  56.000 ,"6,3%","5,6%","5,6%","5,4%",  2 ,"  0,1 ","14,0%",  7.634 ,"0,1%","  9,8 ","  7,3 ","  7,3 ","  1,0 ","  1,0 ","  255,5 ","23,5%","-7,3%","16,3%","-1,7%","-5,9%","6,7%","12,8%","  30,1 ","27,2%","-13,9%","45,5%","41,2%","5,2%","72,9%","13,1%","  30,1 ","27,2%","-13,9%","45,5%","41,2%","5,2%","72,9%","13,1%",Chính thức
,295,SAF,Thực Phẩm SAFOCO,HNX,Thực phẩm và đồ uống,Thực phẩm,Thực phẩm khác,  644 ,  53.500 ,"3,8%","4,7%","3,8%","8,5%",  3 ,"  0,2 ","27,9%",  4.068 ,"0,7%","  13,0 ","  13,2 ","  13,2 ","  3,8 ","  3,4 ","  191,9 ","25,6%","0,3%","10,5%","-9,0%","7,6%","10,0%","1,6%","  12,5 ","25,5%","4,7%","3,0%","0,6%","0,3%","0,5%","0,8%","  12,5 ","25,5%","4,7%","3,0%","0,6%","0,3%","0,5%","0,8%",Chính thức
,296,SBR,Cao su Sông Bé,UPCoM,Hóa chất,"Nhựa, cao su & sợi",Cao su,  676 ,  8.300 ,"0,0%","0,0%","0,0%","-2,4%",  0 ,"  0,0 ","3,1%",  -   ,"0,0%","  19,9 ","  26,6 ",  -   ,"  0,8 ","  0,8 ","  68,8 ",,"660,9%","-68,9%","-4,7%","20,9%","-31,5%",,"  8,6 ",,"1458,6%","157,0%","-132,0%","-48,8%","-61,5%",,"  8,6 ",,"1458,6%","157,0%","-132,0%","-48,8%","-61,5%",,Chính thức
,297,VDP,Dược phẩm VIDIPHA,HOSE,Y tế,Dược phẩm,Y tế,  1.170 ,  53.000 ,"-4,5%","-12,3%","15,2%","-8,6%",  2 ,"  0,1 ","8,3%",  -   ,"0,0%","  11,2 ","  19,0 ",  -   ,"  1,1 ","  1,5 ","  195,9 ",,"4,4%","18,6%","68,0%","-34,9%","-6,8%",,"  11,9 ",,"-19,5%","16,6%","-23,0%","-15,4%","-15,7%",,"  11,9 ",,"-19,5%","16,6%","-23,0%","-15,4%","-15,7%",,Chính thức
,298,NVT,Ninh Vân Bay,HOSE,Bất động sản,Bất động sản,Văn phòng cho thuê,  715 ,  7.900 ,"-1,3%","3,4%","6,3%","-0,5%",  2 ,"  0,0 ","8,1%",  -   ,"0,0%","  59,8 ","  15,6 ",  -   ,"  3,4 ","  3,2 ","  148,4 ",,"6,1%","15,8%","20,1%","13,6%","23,2%",,"  35,0 ",,"-96,5%","672,9%","60,7%","147,2%","5919,0%",,"  13,5 ",,"-509,9%","365,4%","151,2%","45,4%","191,6%",,Chính thức
,299,DP1,Dược phẩm Trung ương CPC1,UPCoM,Y tế,Dược phẩm,Y tế,  639 ,  30.461 ,"-5,4%","-4,9%","-5,1%","-12,2%",  4 ,"  0,1 ","18,0%",  5.895 ,"19,0%","  6,8 ","  6,1 ","  5,2 ","  1,8 ","  1,0 ","  569,3 ","24,1%","-4,2%","6,8%","7,0%","11,7%","17,3%","10,7%","  22,0 ","17,8%","-13,1%","0,7%","-4,6%","75,9%","-29,3%","9,4%","  22,0 ","17,8%","-13,1%","0,7%","-4,6%","75,9%","-29,3%","9,4%",Chính thức
,300,DHA,Hóa An,HOSE,Xây dựng và Vật liệu,Vật liệu xây dựng & Nội thất,Vật liệu xây dựng & Nội thất,  663 ,  45.050 ,"-2,7%","-7,9%","-29,6%","-32,8%",  90 ,"  4,8 ","24,0%",  4.554 ,"-38,9%","  9,0 ","  5,9 ","  9,9 ","  1,6 ","  1,4 ","  101,1 ","26,2%","-7,4%","47,2%","67,7%","46,9%","33,8%","-4,6%","  26,2 ","39,1%","177,7%","69,1%","111,3%","146,3%","7,5%","-38,9%","  26,2 ","39,1%","177,7%","69,1%","111,3%","146,3%","7,5%","-38,9%",Chính thức
,301,PSD,Phân phối Tổng hợp Dầu khí,HNX,Bán lẻ,Phân phối hàng chuyên dụng,Bán lẻ,  948 ,  18.300 ,"0,6%","9,6%","2,8%","16,6%",  142 ,"  2,5 ","25,1%",  3 ,"-99,9%","  8,7 ","  5,4 ","  6.586,5 ","  1,2 ","  1,2 ","  2.517,2 ","28,0%","-7,8%","35,4%","43,8%","81,2%","87,5%","15,1%","  54,2 ","37667,5%","10,2%","79,7%","59,2%","159,3%","144,9%","-99,9%","  54,2 ","37667,5%","10,2%","79,5%","59,1%","159,3%","144,9%","-99,9%",Chính thức
,302,TSC,Kỹ thuật NN Cần Thơ,HOSE,Hóa chất,"Sản phẩm hóa dầu, Nông dược & Hóa chất khác","Sản phẩm hóa dầu, Nông dược & Hóa chất khác",  470 ,  2.390 ,"-0,4%","-7,4%","-17,3%","-21,9%",  193 ,"  0,5 ","-1,0%",  255 ,"346,0%","  (1.250,7)","  (15,5)","  9,4 ","  0,3 ","  0,2 ","  156,7 ","17,4%","43,1%","22,5%","24,0%","-7,1%","-14,6%","20,7%","  (9,9)","-95,7%","23,4%","14,4%","1796,2%","-419,5%","-217,9%","346,0%","  (11,3)","-22,6%","-426,1%","-23,3%","204,8%","-949,0%","-759,3%","346,0%",Chính thức
,303,HUG,May Hưng Yên,UPCoM,Hàng cá nhân & Gia dụng,Hàng May mặc,Hàng May mặc,  613 ,  31.400 ,"0,0%","0,0%","10,6%","8,3%",  0 ,"  0,0 ","28,0%",  2.870 ,"-35,4%","  8,8 ","  7,1 ","  10,9 ","  2,3 ","  1,9 ","  226,7 ","31,7%","12,5%","57,1%","9,9%","-0,1%","20,7%","-9,4%","  17,2 ","30,7%","53,8%","92,1%","-5,1%","26,1%","2,9%","-30,5%","  17,2 ","30,7%","53,8%","92,1%","-5,1%","26,1%","2,9%","-30,5%",Chính thức
,304,BTS,Xi măng Bút Sơn,HNX,Xây dựng và Vật liệu,Vật liệu xây dựng & Nội thất,Vật liệu xây dựng & Nội thất,  643 ,  5.200 ,"2,0%","2,0%","-3,7%","-3,7%",  15 ,"  0,1 ","5,9%",  -   ,"0,0%","  (2,2)","  10,2 ",  -   ,"  0,6 ","  0,6 ","  608,0 ",,"19,2%","-2,8%","-17,6%","10,3%","-0,9%",,"  3,0 ",,"48,6%","130,9%","138,4%","147,1%","110,7%",,"  3,0 ",,"48,6%","130,9%","138,4%","147,1%","110,7%",,Chính thức
,305,DSN,Công viên nước Đầm Sen,HOSE,Du lịch và Giải trí,Dịch vụ giải trí,Dịch vụ giải trí,  462 ,  38.250 ,"-1,2%","0,7%","-8,8%","-9,6%",  8 ,"  0,3 ","21,4%",  6.048 ,"0,7%","  6,5 ","  6,4 ","  6,3 ","  2,1 ","  1,4 ","  36,5 ","19,2%","-25,4%","-20,7%","-7,1%","-6,0%","-3,4%","4,7%","  8,7 ","11,9%","-47,1%","-29,4%","-9,0%","19,5%","1,1%","0,9%","  8,7 ","11,9%","-47,1%","-29,4%","-8,9%","19,4%","1,0%","0,9%",Chính thức
,306,NTH,Thủy điện Nước Trong,HNX,Tiện ích,Sản xuất & Phân phối Điện,Sản xuất & Phân phối Điện,  616 ,  57.000 ,"0,0%","0,0%","1,8%","1,8%",  0 ,"  0,0 ","35,6%",  3.732 ,"-38,8%","  10,5 ","  9,3 ","  15,3 ","  3,4 ","  3,2 ","  32,6 ","35,0%","30,0%","20,6%","35,7%","8,3%","-12,0%","-29,3%","  18,0 ","44,8%","43,0%","30,2%","71,1%","14,8%","-14,2%","-41,5%","  18,0 ","44,8%","43,0%","30,2%","71,1%","14,8%","-14,2%","-41,5%",Chính thức
,307,GSP,Vận tải Sản phẩm Khí Quốc tế,HOSE,Hàng & Dịch vụ Công nghiệp,Vận tải Thủy,Vận tải Thủy,  756 ,  11.200 ,"0,5%","-2,2%","0,9%","7,7%",  178 ,"  2,1 ","10,4%",  1.540 ,"11,0%","  7,9 ","  8,1 ","  7,3 ","  0,9 ","  0,8 ","  713,5 ","22,3%","8,7%","130,7%","38,2%","41,1%","50,5%","-10,7%","  26,4 ","25,4%","2,8%","-14,0%","-89,7%","187,7%","-11,0%","7,3%","  26,4 ","25,4%","2,8%","-14,0%","-89,7%","187,7%","-11,0%","7,3%",Chính thức
,308,KHW,Cấp thoát nước Khánh Hòa,UPCoM,Tiện ích,Nước,Nước,  958 ,  33.500 ,"1,5%","8,1%","8,1%","15,5%",  0 ,"  0,0 ","21,2%",  3.119 ,"-0,4%","  11,0 ","  10,7 ","  10,7 ","  2,1 ","  2,2 ","  106,0 ","22,2%","6,4%","5,5%","5,3%","1,4%","6,1%","4,9%","  15,3 ","17,2%","-6,9%","0,2%","0,0%","11,8%","5,5%","0,4%","  15,3 ","17,2%","-6,9%","0,2%","0,0%","11,8%","5,5%","0,4%",Chính thức
,309,VTQ,Việt Trung Quảng Bình,UPCoM,Hóa chất,"Nhựa, cao su & sợi",Cao su,  104 ,  6.100 ,"-18,7%","-22,8%","-47,4%","-39,6%",  1 ,"  0,0 ","5,3%",  328 ,"-19,1%","  24,0 ","  15,1 ","  18,6 ","  3,7 ","  0,8 ","  38,0 ","29,3%","-38,4%","-15,2%","-6,0%","1,9%","293,4%","17,3%","  (3,9)","-69,5%","-35,6%","112,9%","-32,1%","76,5%","6,3%","-11,9%","  (3,9)","-69,5%","-35,6%","112,9%","-32,1%","76,5%","6,3%","-11,9%",Chính thức
,310,TVD,Than Vàng Danh,HNX,Tài nguyên Cơ bản,Khai thác Than,Khai thác Than,  459 ,  10.200 ,"-3,8%","-11,3%","0,0%","1,0%",  232 ,"  2,7 ","12,2%",  1.355 ,"-22,8%","  4,8 ","  5,8 ","  7,5 ","  0,8 ","  0,7 ","  1.525,7 ","22,7%","-1,7%","-10,2%","5,9%","20,1%","-7,5%","0,9%","  20,6 ","33,8%","-46,5%","-47,7%","124,7%","-69,1%","13,2%","-20,4%","  20,6 ","33,8%","-46,5%","-47,7%","124,7%","-69,1%","13,2%","-20,4%",Chính thức
,311,VLW,Cấp nước Vĩnh Long,UPCoM,Tiện ích,Nước,Nước,  1.228 ,  42.500 ,"-8,8%","15,2%","18,1%","37,1%",  0 ,"  0,0 ","14,8%",  -   ,"0,0%","  9,9 ","  16,4 ",  -   ,"  1,6 ","  2,4 ","  58,4 ",,"1,0%","6,5%","1,5%","-0,7%","33,3%",,"  18,5 ",,"-2,3%","-15,6%","-21,4%","6,3%","51,8%",,"  18,5 ",,"-2,3%","-15,6%","-21,4%","6,3%","51,8%",,Chính thức
,312,DRL,Thủy điện - Điện lực 3,HOSE,Tiện ích,Sản xuất & Phân phối Điện,Sản xuất & Phân phối Điện,  432 ,  45.450 ,"-0,4%","-0,1%","-2,3%","-2,3%",  6 ,"  0,3 ","41,5%",  -   ,"0,0%","  10,9 ","  9,1 ",  -   ,"  4,7 ","  3,6 ","  21,6 ",,"16,5%","28,2%","6,2%","3,4%","-4,1%",,"  11,0 ",,"14,5%","23,0%","-10,7%","7,2%","-11,5%",,"  11,0 ",,"14,5%","23,0%","-10,7%","7,2%","-11,5%",,Chính thức
,313,ACL,Thủy sản CL An Giang,HOSE,Thực phẩm và đồ uống,Nuôi trồng nông & hải sản,Nuôi trồng thủy hải sản,  662 ,  13.200 ,"6,0%","0,0%","-1,5%","-5,0%",  6 ,"  0,1 ","4,3%",  1.396 ,"98,9%","  40,5 ","  18,8 ","  9,5 ","  0,8 ","  0,8 ","  428,0 ","21,4%","32,3%","3,5%","30,6%","25,0%","2,3%","-5,3%","  3,4 ","4,9%","13,9%","132,5%","316,5%","380,0%","32,8%","104,3%","  3,4 ","4,9%","13,9%","132,5%","316,5%","380,0%","32,8%","104,3%",Chính thức
,314,BSG,Xe khách Sài Gòn,UPCoM,Du lịch và Giải trí,Vận tải hành khách & Du lịch,Vận tải hành khách & Du lịch,  1.050 ,  17.500 ,"-2,8%","-2,8%","-3,3%","-5,9%",  0 ,"  0,0 ","-2,5%",  -   ,"0,0%","  45,6 ","  (109,1)",  -   ,"  2,3 ",  -   ,"  89,4 ",,"-24,8%","-32,0%","-25,9%","-38,4%","-19,7%",,"  (11,4)",,"-84,5%","-35,2%","-71,3%","-164,4%","-862,5%",,"  (11,4)",,"-84,5%","-35,2%","-71,3%","-164,4%","-862,5%",,Chính thức
,315,SFG,Phân bón Miền Nam,HOSE,Hóa chất,"Sản phẩm hóa dầu, Nông dược & Hóa chất khác",Phân bón,  524 ,  10.950 ,"0,5%","1,4%","7,4%","5,3%",  7 ,"  0,1 ","5,4%",  702 ,"-4,8%","  15,6 ","  14,9 ","  15,6 ","  0,8 ","  0,8 ","  1.018,9 ","44,3%","41,6%","27,9%","127,0%","-35,7%","109,1%","11,3%","  9,7 ","28,7%","56,6%","53,1%","21,2%","-60,2%","50,6%","4,9%","  9,7 ","28,7%","56,6%","53,1%","21,2%","-60,2%","50,6%","4,9%",Chính thức
,316,DAT,ĐT Du lịch và PT Thủy sản,HOSE,Thực phẩm và đồ uống,Nuôi trồng nông & hải sản,Nuôi trồng thủy hải sản,  584 ,  8.430 ,"-2,2%","4,1%","-17,4%","-21,2%",  4 ,"  0,0 ","8,0%",  1.011 ,"-8,9%","  8,7 ","  7,6 ","  8,3 ","  0,7 ","  0,6 ","  641,9 ","24,7%","-17,5%","-6,4%","-30,8%","2,7%","10,5%","2,6%","  18,4 ","26,2%","-4,5%","0,8%","24,0%","69,9%","37,6%","-2,6%","  18,4 ","26,2%","-4,5%","0,8%","24,0%","69,9%","37,6%","-2,6%",Chính thức
,317,HDM,Dệt May Huế,UPCoM,Hàng cá nhân & Gia dụng,Hàng May mặc,Hàng May mặc,  736 ,  36.600 ,"-2,3%","-3,7%","-1,9%","1,1%",  2 ,"  0,1 ","30,1%",  6.986 ,"-10,2%","  5,2 ","  4,7 ","  5,2 ","  1,5 ",  -   ,"  473,1 ","20,0%","4,3%","30,9%","24,6%","7,9%","-5,8%","4,3%","  36,8 ","26,2%","40,5%","79,7%","33,0%","-0,4%","18,3%","-6,9%","  36,8 ","26,2%","40,5%","79,7%","33,0%","-0,4%","18,3%","-6,9%",Chính thức
,318,HNF,Bánh kẹo Hữu Nghị,UPCoM,Thực phẩm và đồ uống,Thực phẩm,Thực phẩm khác,  750 ,  25.000 ,"-5,3%","-5,7%","-15,0%","-26,3%",  0 ,"  0,0 ","14,4%",  -   ,"0,0%","  7,6 ","  7,4 ",  -   ,"  1,4 ","  1,1 ","  542,2 ",,"-14,7%","-4,6%","-0,7%","-13,4%","40,8%",,"  27,8 ",,"44,4%","-78,8%","-12,2%","-65,9%","-4,6%",,"  27,8 ",,"44,4%","-78,8%","-12,2%","-65,9%","-4,6%",,Chính thức
,319,POS,Vận hành và Xây lắp PTSC,UPCoM,Dầu khí,Thiết bị và Dịch vụ Dầu khí,Thiết bị và Dịch vụ Dầu khí,  689 ,  14.988 ,"-1,0%","-6,3%","-14,4%","-2,1%",  75 ,"  1,3 ","12,0%",  -   ,"0,0%","  10,7 ","  6,6 ",  -   ,"  0,9 ","  0,8 ","  638,1 ",,"-6,1%","-10,6%","85,9%","17,6%","60,6%",,"  18,9 ",,"-40,8%","-15,3%","55,0%","134,6%","3,8%",,"  18,9 ",,"-40,8%","-15,3%","55,0%","134,6%","3,8%",,Chính thức
,320,EVE,Everpia,HOSE,Hàng cá nhân & Gia dụng,Hàng May mặc,Hàng May mặc,  432 ,  10.300 ,"0,5%","-1,4%","-1,4%","-3,3%",  22 ,"  0,2 ","4,2%",  1.165 ,"24,5%","  230,7 ","  11,0 ","  8,8 ","  0,5 ","  0,5 ","  151,7 ","16,0%","-14,4%","11,6%","-1,1%","8,2%","5,9%","26,5%","  1,1 ","2,3%","-33,6%","227,9%","163,3%","10,9%","3,3%","24,7%","  0,8 ","1,6%","-35,4%","224,0%","162,1%","13,3%","6,9%","24,7%",Chính thức
,321,GSM,Thủy điện Hương Sơn,UPCoM,Tiện ích,Sản xuất & Phân phối Điện,Sản xuất & Phân phối Điện,  851 ,  29.800 ,"2,6%","2,8%","1,4%","-3,5%",  5 ,"  0,1 ","19,7%",  -   ,"0,0%","  12,0 ","  7,5 ",  -   ,"  1,3 ","  1,5 ","  51,1 ",,"115,1%","186,9%","42,0%","-4,5%","4,7%",,"  21,0 ",,"1707,4%","912,7%","30,7%","-14,7%","-5,7%",,"  21,0 ",,"1707,4%","912,7%","30,7%","-14,7%","-5,7%",,Chính thức
,322,LAI,XD Long An IDICO,UPCoM,Xây dựng và Vật liệu,Xây dựng,Xây dựng,  312 ,  11.394 ,"0,3%","-2,2%","-16,4%","-24,4%",  21 ,"  0,3 ","11,1%",  641 ,"-59,0%","  9,8 ","  7,3 ","  17,8 ","  2,1 ","  0,8 ","  38,9 ","15,2%","-83,1%","196,1%","463,2%","-77,8%","-22,9%","-5,2%","  3,0 ","17,4%","-91,8%","-47,7%","408,6%","-103,2%","-69,4%","-64,7%","  3,0 ","17,4%","-91,8%","-47,7%","408,6%","-103,2%","-69,4%","-64,7%",Chính thức
,323,DC4,Dicera Holdings,HOSE,Xây dựng và Vật liệu,Xây dựng,Xây dựng,  869 ,  8.850 ,"-3,0%","-3,7%","-11,3%","-14,9%",  230 ,"  2,2 ","15,6%",  1.852 ,"-5,9%","  (2,6)","  4,6 ","  4,8 ","  0,9 ","  0,7 ","  173,5 ","12,3%","160,4%","-0,9%","83,5%","68,3%","-40,5%","-14,0%","  48,8 ","26,8%","800,0%","-27,3%","69,1%","60,9%","20,3%","0,1%","  48,8 ","26,8%","792,5%","-27,4%","68,8%","60,2%","20,2%","0,1%",Chính thức
,324,HGM,Khoáng sản Hà Giang,HNX,Tài nguyên Cơ bản,Khai khoáng,Khai khoáng,  2.180 ,  173.000 ,"-8,2%","-9,0%","-27,9%","-24,7%",  9 ,"  1,8 ","82,7%",  10.222 ,"-69,1%","  11,1 ","  5,2 ","  16,9 ","  5,7 ","  4,2 ","  77,2 ","21,0%","193,7%","233,4%","53,9%","-27,5%","-49,9%","-47,0%","  43,1 ","33,4%","441,2%","310,2%","97,1%","-4,5%","-57,7%","-72,9%","  43,1 ","33,4%","441,2%","310,2%","97,1%","-4,5%","-57,7%","-72,9%",Chính thức
,325,DRH,DRH Holdings,HOSE,Bất động sản,Bất động sản,Bất động sản dân cư,  296 ,  2.390 ,"-3,2%","-9,5%","-4,0%","7,7%",  951 ,"  2,6 ","1,2%",  -   ,"0,0%","  39,5 ","  12,6 ",  -   ,"  0,3 ","  0,2 ",  -   ,,"11,8%","93,1%","71,6%","109,2%",,,"  (19,2)",,"-457,4%","71,1%","19,5%","175,0%","25,4%",,"  (17,9)",,"-456,5%","71,1%","19,4%","174,2%","30,3%",,DN ước tính
,326,PVB,Bọc ống Dầu khí Việt Nam,HNX,Dầu khí,Thiết bị và Dịch vụ Dầu khí,Thiết bị và Dịch vụ Dầu khí,  581 ,  26.900 ,"-5,3%","-9,1%","-31,2%","-24,9%",  355 ,"  12,5 ","17,8%",  -   ,"0,0%","  (4,7)","  7,6 ",  -   ,"  1,5 ","  1,3 ","  309,4 ",,"-14,3%","267,2%","1143,9%","294,2%","193,0%",,"  19,4 ",,"-80,4%","225,2%","502,7%","266,7%","383,1%",,"  19,4 ",,"-80,4%","225,2%","502,7%","266,7%","383,1%",,Chính thức
,327,ADP,Sơn Á Đông,HOSE,Xây dựng và Vật liệu,Vật liệu xây dựng & Nội thất,Vật liệu xây dựng & Nội thất,  526 ,  22.850 ,"0,2%","-0,2%","-2,4%","-1,1%",  6 ,"  0,1 ","25,3%",  1.910 ,"-37,4%","  8,5 ","  7,5 ","  12,0 ","  2,1 ","  1,9 ","  154,4 ","28,1%","20,7%","-28,4%","-34,7%","-29,4%","-23,1%","-15,6%","  15,8 ","36,0%","-2,2%","-18,5%","-30,6%","14,5%","-28,1%","-42,5%","  15,8 ","36,0%","-2,2%","-18,5%","-30,6%","14,5%","-28,1%","-42,5%",Chính thức
,328,PIC,Đầu tư Điện lực 3,HNX,Tiện ích,Sản xuất & Phân phối Điện,Sản xuất & Phân phối Điện,  540 ,  16.200 ,"-4,1%","-4,7%","-3,6%","-2,4%",  2 ,"  0,0 ","9,3%",  770 ,"-28,3%","  17,2 ","  15,1 ","  21,1 ","  1,6 ","  1,4 ","  34,0 ","27,6%","35,9%","81,9%","57,6%","6,3%","-17,6%","-20,7%","  12,3 ","48,1%","53,4%","954,9%","606,6%","-62,5%","-29,0%","-37,2%","  12,3 ","48,1%","53,4%","954,9%","606,6%","-62,5%","-29,0%","-37,2%",Chính thức
,329,CCL,ĐT & PT Đô thị Dầu khí Cửu Long,HOSE,Bất động sản,Bất động sản,Bất động sản dân cư,  296 ,  4.960 ,"-0,8%","1,2%","-13,9%","-19,6%",  107 ,"  0,6 ","3,1%",  504 ,"32,2%","  9,1 ","  13,0 ","  9,9 ","  0,6 ","  0,4 ","  69,3 ","23,1%","-18,3%","48,6%","0,5%","-44,7%","2,9%","-2,3%","  8,2 ","27,4%","1,2%","-1,2%","-45,4%","-266,1%","-41,0%","5,6%","  8,2 ","27,4%","1,2%","-1,2%","-45,4%","-266,1%","-41,0%","5,6%",Chính thức
,330,KTL,Kim khí Thăng Long,UPCoM,Tài nguyên Cơ bản,Thép và sản phẩm thép,Thép và sản phẩm thép,  403 ,  21.000 ,"-7,1%","-11,8%","-8,7%","-1,9%",  1 ,"  0,0 ","14,1%",  -   ,"0,0%","  11,6 ","  6,5 ",  -   ,"  1,1 ","  0,9 ","  263,3 ",,"5,4%","-4,7%","1,2%","-5,3%","18,2%",,"  3,4 ",,"144,2%","27,6%","11,5%","-19,9%","28,8%",,"  3,4 ",,"144,2%","27,6%","11,5%","-19,9%","28,8%",,Chính thức
,331,HC3,Xây dựng số 3 Hải Phòng,UPCoM,Xây dựng và Vật liệu,Xây dựng,Xây dựng,  538 ,  26.000 ,"0,0%","0,0%","-7,1%","1,9%",  1 ,"  0,0 ","6,3%",  -   ,"0,0%","  13,8 ","  11,3 ",  -   ,"  0,8 ","  0,9 ","  14,5 ",,"-22,7%","-12,4%","-1,1%","5,9%","0,0%",,"  10,9 ",,"-47,4%","-40,2%","149,5%","128,0%","57,6%",,"  10,9 ",,"-47,4%","-40,2%","149,5%","128,0%","57,6%",,Chính thức
,332,KHP,Điện lực Khánh Hòa,HOSE,Tiện ích,Sản xuất & Phân phối Điện,Sản xuất & Phân phối Điện,  628 ,  10.400 ,"-0,5%","-4,6%","-12,6%","-15,5%",  19 ,"  0,2 ","12,5%",  -   ,"0,0%","  15,0 ","  7,1 ",  -   ,"  0,9 ","  0,9 ","  1.752,8 ",,"2,2%","7,5%","16,6%","7,3%","16,2%",,"  1,9 ",,"-395,5%","78,5%","45,7%","-27,9%","106,4%",,"  1,9 ",,"-395,5%","78,5%","45,7%","-27,9%","106,4%",,Chính thức
,333,XHC,Nội thất Xuân Hòa,UPCoM,Hàng cá nhân & Gia dụng,Thiết bị gia dụng,Thiết bị gia dụng,  348 ,  16.500 ,"0,0%","-11,8%","8,6%","-29,8%",  0 ,"  0,0 ","15,9%",  -   ,"0,0%","  9,1 ","  5,3 ",  -   ,"  1,4 ","  0,9 ","  139,9 ",,"6,5%","-33,1%","12,5%","-13,1%","19,5%",,"  0,4 ",,"3,8%","27,2%","108,5%","-93,8%","20,7%",,"  0,4 ",,"3,8%","27,2%","108,5%","-93,8%","20,7%",,Chính thức
,334,FDC,FIDECO,HOSE,Bất động sản,Bất động sản,Văn phòng cho thuê,  726 ,  18.800 ,"1,4%","8,4%","16,8%","15,3%",  7 ,"  0,1 ","36,7%",  721 ,"-86,7%","  69,1 ","  3,5 ","  26,1 ","  1,3 ","  1,1 ","  18,0 ","24,7%","281,8%","337,3%","150,1%","42,1%","-3,2%","-0,8%","  6,8 ","24,3%","2903,9%","823,0%","288,0%","4666,6%","-38,2%","-87,0%","  6,8 ","24,3%","2903,9%","823,0%","288,0%","4666,6%","-38,2%","-87,0%",Chính thức
,335,TKU,Công nghiệp Tung Kuang,HNX,Tài nguyên Cơ bản,Nhôm,Thép và sản phẩm thép,  581 ,  12.400 ,"-3,9%","-7,5%","-12,1%","-8,2%",  2 ,"  0,0 ","4,2%",  704 ,"42,3%","  2,6 ","  25,1 ","  17,6 ","  1,2 ","  1,0 ","  140,0 ","20,0%","11,3%","-24,2%","-29,8%","-18,1%","-35,7%","1,3%","  8,2 ","24,9%","63,9%","-55,4%","-129,2%","-3,2%","-52,9%","1,1%","  8,2 ","24,9%","63,9%","-55,4%","-129,2%","-3,2%","-52,9%","1,1%",Chính thức
,336,HUB,Xây lắp Huế,HOSE,Xây dựng và Vật liệu,Xây dựng,Xây dựng,  417 ,  13.800 ,"-0,7%","-2,8%","-8,3%","-10,4%",  9 ,"  0,1 ","11,8%",  2.072 ,"-15,2%","  7,4 ","  5,6 ","  6,7 ","  0,8 ","  0,6 ","  68,4 ","12,4%","-3,8%","-4,7%","29,1%","-19,1%","-6,3%","80,1%","  14,6 ","22,5%","-39,9%","12,2%","50,5%","4,2%","23,8%","-12,9%","  13,4 ","21,4%","-39,9%","5,1%","60,7%","7,3%","16,9%","-12,9%",Chính thức
,337,CLW,Cấp nước Chợ Lớn,HOSE,Tiện ích,Nước,Nước,  611 ,  47.000 ,"-2,1%","-2,1%","19,0%","9,8%",  0 ,"  0,0 ","22,8%",  4.425 ,"-2,0%","  10,6 ","  10,4 ","  10,6 ","  2,1 ","  2,2 ","  305,3 ","23,8%","-6,6%","-2,1%","-1,8%","2,1%","0,0%","0,7%","  13,8 ","24,1%","-43,8%","17,6%","-10,7%","311,9%","15,6%","1,2%","  13,8 ","24,1%","-43,8%","17,6%","-10,7%","311,9%","15,6%","1,2%",Chính thức
,338,NBC,Than Núi Béo,HNX,Tài nguyên Cơ bản,Khai thác Than,Khai thác Than,  348 ,  9.400 ,"-7,8%","-16,1%","5,6%","9,3%",  232 ,"  2,5 ","7,2%",  783 ,"-22,5%","  6,2 ","  9,3 ","  12,0 ","  0,8 ","  0,7 ","  443,6 ","15,4%","24,5%","-25,3%","-3,0%","-5,7%","-38,7%","7,3%","  6,3 ","21,8%","-36,4%","-73,3%","101,7%","-77,2%","-37,0%","-29,5%","  6,3 ","21,8%","-36,4%","-73,3%","101,7%","-77,2%","-37,0%","-29,5%",Chính thức
,339,MST,Đầu tư MST,HNX,Xây dựng và Vật liệu,Xây dựng,Xây dựng,  920 ,  8.100 ,"-3,6%","-2,4%","26,6%","22,7%",  2.937 ,"  22,4 ","2,3%",  989 ,"304,0%","  15,3 ","  39,9 ","  8,2 ","  0,5 ","  0,8 ","  393,2 ","13,3%","29,1%","21,1%","40,0%","-4,9%","8,0%","95,4%","  7,5 ","6,7%","120,0%","3,4%","1,6%","27,6%","3,5%","393,2%","  7,5 ","6,7%","120,0%","3,4%","1,6%","27,6%","3,5%","393,2%",Chính thức
,340,XDH,Đầu tư XD Dân dụng Hà Nội,UPCoM,Bất động sản,Bất động sản,Bất động sản dân cư,  438 ,  16.200 ,"1,3%","-4,7%","-4,7%","-11,5%",  1 ,"  0,0 ","6,6%",  1.110 ,"-17,1%","  17,9 ","  12,1 ","  14,6 ","  0,9 ","  0,8 ","  41,0 ","13,7%","-60,3%","-52,7%","84,0%","67,2%","132,7%","84,1%","  6,0 ","20,0%","-20,8%","-49,9%","-72,2%","159,7%","134,6%","-8,3%","  6,0 ","20,0%","-20,8%","-49,9%","-72,2%","159,7%","134,6%","-8,3%",Chính thức
,341,VAF,Phân lân Văn Điển,UPCoM,Hóa chất,"Sản phẩm hóa dầu, Nông dược & Hóa chất khác",Phân bón,  -   ,  -   ,"0,0%","0,0%","0,0%","0,0%",  -   ,  -   ,"33,6%",  -   ,"0,0%","  8,7 ",  -   ,  -   ,"  1,1 ",  -   ,"  674,3 ",,"41,5%","5,7%","22,8%","70,0%","-1,1%",,"  73,6 ",,"123,4%","298,8%","99,0%","211,5%","116,8%",,"  73,6 ",,"123,4%","298,8%","99,0%","211,5%","116,8%",,Chính thức
,342,PDV,Vận tải Phương Đông Việt,HOSE,Hàng & Dịch vụ Công nghiệp,Vận tải Thủy,Vận tải Thủy,  740 ,  9.330 ,"0,1%","0,9%","-5,0%","-5,8%",  85 ,"  0,9 ","9,3%",  -   ,"0,0%","  6,0 ","  7,8 ",  -   ,"  0,9 ","  0,7 ","  440,9 ",,"10,5%","21,9%","82,6%","56,9%","25,7%",,"  19,0 ",,"-47,1%","-92,1%","-80,6%","3303,1%","38,4%",,"  19,0 ",,"-47,1%","-92,1%","-80,6%","3303,1%","38,4%",,Chính thức
,343,HNI,May Hữu Nghị,UPCoM,Hàng cá nhân & Gia dụng,Hàng May mặc,Hàng May mặc,  716 ,  30.100 ,"0,0%","0,0%","13,6%","11,5%",  0 ,"  0,0 ","18,8%",  -   ,"0,0%","  7,5 ","  7,6 ",  -   ,"  1,3 ","  1,3 ","  168,6 ",,"6,1%","-8,8%","-36,6%","-18,3%","-11,7%",,"  9,8 ",,"8,9%","-6,7%","-34,2%","-9,9%","-0,9%",,"  9,8 ",,"8,9%","-6,7%","-34,2%","-9,9%","-0,9%",,Chính thức
,344,MCP,In và Bao bì Mỹ Châu,HOSE,Hàng & Dịch vụ Công nghiệp,Containers & Đóng gói,Containers & Đóng gói,  536 ,  27.000 ,"-2,7%","-2,2%","0,4%","-4,6%",  16 ,"  0,4 ","2,3%",  -   ,"0,0%","  30,3 ","  85,4 ",  -   ,"  2,0 ","  2,0 ","  88,6 ",,"-24,3%","-19,8%","-4,7%","9,9%","-0,9%",,"  (2,2)",,"-88,1%","-84,0%","-70,3%","-52,0%","-377,4%",,"  (2,2)",,"-88,1%","-84,0%","-70,3%","-52,0%","-377,4%",,Chính thức
,345,PCT,Vận tải Biển Global Pacific,HNX,Hàng & Dịch vụ Công nghiệp,Dịch vụ vận tải,"Kho bãi, hậu cần và bảo dưỡng",  840 ,  10.500 ,"5,0%","0,0%","11,7%","26,5%",  4 ,"  0,0 ","8,6%",  800 ,"-33,3%","  8,5 ","  13,9 ","  13,1 ","  0,8 ","  1,2 ","  190,5 ","25,8%","90,5%","42,2%","15,2%","19,2%","0,7%","0,4%","  20,2 ","31,5%","-5,2%","-61,7%","-76,8%","3,1%","32,8%","15,7%","  20,2 ","31,5%","-5,2%","-61,7%","-76,8%","3,1%","32,8%","15,7%",Chính thức
,346,COM,Vật tư - Xăng dầu,HOSE,Bán lẻ,Phân phối hàng chuyên dụng,Bán lẻ,  487 ,  34.500 ,"-1,4%","10,9%","-3,1%","19,1%",  0 ,"  0,0 ","7,4%",  1.062 ,"-51,3%","  32,4 ","  15,8 ","  32,5 ","  1,1 ","  1,2 ","  1.022,7 ","29,2%","-16,6%","-20,0%","-5,6%","-0,3%","13,0%","-4,2%","  4,4 ","29,6%","-31,2%","-28,8%","-10,9%","46,5%","72,1%","-48,2%","  4,4 ","29,6%","-31,2%","-28,8%","-10,9%","46,5%","72,1%","-48,2%",Chính thức
,347,TPP,Nhựa Tân Phú VN,HNX,Hàng & Dịch vụ Công nghiệp,Containers & Đóng gói,Containers & Đóng gói,  635 ,  10.100 ,"-8,2%","-3,8%","-10,6%","-4,7%",  2 ,"  0,0 ","29,6%",  1.304 ,"-71,0%","  19,0 ","  2,7 ","  7,7 ","  0,9 ","  0,7 ","  756,3 ","21,7%","8,2%","4,5%","-0,7%","-12,0%","0,5%","10,4%","  8,9 ","10,8%","86,4%","181,1%","313,3%","704,5%","44,0%","-64,3%","  8,9 ","10,8%","86,4%","181,1%","313,3%","704,5%","44,0%","-64,3%",Chính thức
,348,MDF,Gỗ MDF VRG - Quảng Trị,UPCoM,Tài nguyên Cơ bản,Lâm sản và Chế biến gỗ,Lâm sản và Chế biến gỗ,  248 ,  4.508 ,"-3,4%","-5,4%","-18,0%","-19,7%",  5 ,"  0,0 ","1,5%",  -   ,"0,0%","  2,6 ","  26,0 ",  -   ,"  0,7 ","  0,4 ","  269,3 ",,"5,7%","-17,9%","-14,7%","11,8%","18,3%",,"  2,1 ",,"106,2%","-65,0%","-84,6%","103,9%","211,3%",,"  2,1 ",,"106,2%","-65,0%","-84,6%","103,9%","211,3%",,Chính thức
,349,WCS,Bến xe Miền Tây,HNX,Hàng & Dịch vụ Công nghiệp,"Kho bãi, hậu cần và bảo dưỡng","Kho bãi, hậu cần và bảo dưỡng",  855 ,  285.000 ,"0,0%","3,6%","4,7%","2,1%",  0 ,"  0,1 ","29,6%",  -   ,"0,0%","  9,3 ","  10,2 ",  -   ,"  2,7 ","  2,8 ","  43,9 ",,"9,1%","10,0%","6,9%","8,6%","3,2%",,"  21,1 ",,"8,5%","11,2%","6,6%","18,8%","0,6%",,"  21,1 ",,"8,5%","11,2%","6,6%","18,8%","0,6%",,Chính thức
,350,VET,Thuốc thú y trung ương Navetco,UPCoM,Hóa chất,"Sản phẩm hóa dầu, Nông dược & Hóa chất khác","Sản phẩm hóa dầu, Nông dược & Hóa chất khác",  246 ,  15.400 ,"-1,3%","-4,4%","-3,8%","-7,2%",  1 ,"  0,0 ","6,0%",  825 ,"-30,0%","  6,6 ","  13,1 ","  18,7 ","  1,3 ","  0,8 ","  51,0 ","15,9%","23,0%","-16,0%","-39,9%","-17,3%","-9,0%","5,3%","  0,8 ","5,8%","-76,2%","101,8%","139,2%","110,0%","77,1%","-27,6%","  0,8 ","5,8%","-76,2%","101,8%","139,2%","110,0%","77,1%","-27,6%",Chính thức
,351,TTS,Cán thép Thái Trung,UPCoM,Tài nguyên Cơ bản,Thép và sản phẩm thép,Thép và sản phẩm thép,  579 ,  11.400 ,"14,0%","60,6%","153,3%","153,3%",  0 ,"  0,0 ","0,0%",  -   ,"0,0%","  179,4 ","  (5.109,3)",  -   ,"  1,0 ","  1,9 ","  1.536,2 ",,"27,2%","12,6%","17,1%","-5,9%","-0,7%",,"  (1,8)",,"-87,5%","-80,2%","-103,8%","155,8%","-424,7%",,"  (1,8)",,"-87,5%","-80,2%","-103,8%","155,8%","-424,7%",,Chính thức
,352,PSN,PTSC Thanh Hóa,UPCoM,Hàng & Dịch vụ Công nghiệp,"Kho bãi, hậu cần và bảo dưỡng","Kho bãi, hậu cần và bảo dưỡng",  380 ,  9.500 ,"0,0%","0,0%","0,0%","10,5%",  0 ,"  0,0 ","6,9%",  -   ,"0,0%","  11,6 ","  10,0 ",  -   ,"  0,8 ","  0,7 ","  389,2 ",,"-16,4%","-6,3%","27,8%","47,0%","97,5%",,"  10,6 ",,"-25,8%","-39,0%","52,8%","17,8%","46,1%",,"  10,6 ",,"-25,8%","-39,0%","52,8%","17,8%","46,1%",,Chính thức
,353,PWS,Cấp thoát nước Phú Yên,UPCoM,Tiện ích,Nước,Nước,  503 ,  13.100 ,"18,0%","0,0%","9,2%","9,2%",  0 ,"  0,0 ","5,9%",  365 ,"-46,0%","  15,3 ","  19,4 ","  35,9 ","  1,0 ","  1,2 ","  32,5 ","22,5%","-2,5%","-3,3%","-1,2%","-1,2%","8,1%","8,1%","  7,0 ","50,2%","-36,9%","-44,5%","-29,4%","-43,2%","43,6%","-41,2%","  7,0 ","50,2%","-36,9%","-44,5%","-29,4%","-43,2%","43,6%","-41,2%",Chính thức
,354,ABS,DV Nông nghiệp Bình Thuận,HOSE,Hóa chất,"Sản phẩm hóa dầu, Nông dược & Hóa chất khác",Bán lẻ,  232 ,  2.900 ,"-2,7%","-3,0%","0,0%","-6,8%",  229 ,"  0,7 ","-99,8%",  -   ,"0,0%","  26,1 ","  (0,5)",  -   ,"  0,5 ","  0,6 ","  43,0 ",,"83,0%","-79,6%","-70,3%","-55,1%","-34,8%",,"  (1,7)",,"-149,2%","-8752,1%","540,5%","-4692,7%","-2,2%",,"  (1,7)",,"-149,2%","-8752,1%","540,5%","-4692,7%","-2,2%",,Chính thức
,355,HII,An Tiến Industries,HOSE,Hóa chất,"Nhựa, cao su & sợi",Nhựa,  424 ,  5.750 ,"4,9%","3,4%","-3,9%","-6,5%",  243 ,"  1,3 ","5,8%",  -   ,"0,0%","  10,7 ","  3,2 ",  -   ,"  0,4 ","  0,5 ","  2.341,8 ",,"22,8%","19,3%","0,9%","-18,9%","15,0%",,"  77,6 ",,"-96,1%","143,3%","274,7%","-166,2%","6306,4%",,"  75,8 ",,"-119,1%","207,7%","264,7%","-164,4%","1914,6%",,Chính thức
,356,HAR,BĐS An Dương Thảo Điền,HOSE,Bất động sản,Bất động sản,Bất động sản dân cư,  335 ,  3.500 ,"-4,6%","6,7%","-5,9%","-10,9%",  199 ,"  0,7 ","1,1%",  -   ,"0,0%","  12,8 ","  28,2 ",  -   ,"  0,4 ","  0,3 ","  4,4 ",,"-4,0%","-2,9%","-7,5%","-14,4%","1,2%",,"  1,9 ",,"127,0%","40,1%","144,9%","-39,9%","-73,3%",,"  1,9 ",,"127,0%","40,1%","144,9%","-39,9%","-73,3%",,Chính thức
,357,TDH,Thủ Đức House,HOSE,Bất động sản,Bất động sản,Bất động sản dân cư,  508 ,  4.510 ,"21,2%","18,7%","2,5%","3,2%",  137 ,"  0,6 ","69,8%",  342 ,"-64,8%","  (5,2)","  4,6 ","  13,2 ","  2,5 ","  2,7 ","  47,4 ","19,0%","-21,1%","-10,8%","440,5%","399,3%","492,8%","103,4%","  6,5 ","16,9%","435,2%","142,0%","184,6%","101,7%","14,3%","-64,5%","  6,7 ","17,4%","511,7%","141,7%","185,0%","101,7%","18,5%","-64,5%",Chính thức
,358,PHN,Pin Hà Nội,HNX,Hàng & Dịch vụ Công nghiệp,Hàng điện & điện tử,Điện tử & Thiết bị điện,  450 ,  62.000 ,"-8,8%","-4,5%","3,3%","-8,6%",  0 ,"  0,0 ","21,0%",  4.191 ,"-10,9%","  9,3 ","  13,2 ","  14,8 ","  2,9 ","  2,7 ","  129,1 ","25,8%","-10,0%","-10,3%","-6,9%","-2,3%","13,8%","20,6%","  10,6 ","35,0%","-46,0%","-34,2%","-35,8%","-39,3%","-8,4%","-13,4%","  10,6 ","35,0%","-46,0%","-34,2%","-35,8%","-39,3%","-8,4%","-13,4%",Chính thức
,359,BSL,Bia Sài Gòn - Sông Lam,UPCoM,Thực phẩm và đồ uống,Sản xuất bia,Bia và đồ uống,  564 ,  12.533 ,"5,8%","8,6%","19,6%","20,5%",  12 ,"  0,1 ","13,5%",  2.310 ,"53,1%","  16,1 ","  8,3 ","  5,4 ","  0,9 ","  1,1 ","  210,1 ","21,2%","-4,1%","-1,3%","-12,7%","-0,3%","22,4%","11,2%","  22,0 ","21,2%","-277,3%","-21,3%","-4,6%","70,3%","703,7%","146,1%","  22,0 ","21,2%","-277,3%","-21,3%","-4,6%","70,3%","703,7%","146,1%",Chính thức
,360,TDW,Cấp nước Thủ Đức,HOSE,Tiện ích,Nước,Nước,  424 ,  49.900 ,"2,0%","12,6%","2,9%","1,8%",  3 ,"  0,1 ","23,5%",  7.218 ,"4,0%","  7,9 ","  7,2 ","  6,9 ","  1,8 ","  1,6 ","  325,3 ","23,4%","-1,4%","1,7%","3,6%","3,5%","2,5%","3,7%","  10,0 ","16,4%","-18,6%","-5,7%","2,2%","49,5%","-12,4%","1,5%","  10,0 ","16,4%","-18,6%","-5,7%","2,2%","49,5%","-12,4%","1,5%",Chính thức
,361,HTI,PT Hạ tầng IDICO,HOSE,Xây dựng và Vật liệu,Xây dựng,Xây dựng,  598 ,  23.950 ,"0,4%","-2,4%","-7,5%","2,4%",  40 ,"  1,0 ","23,2%",  4.017 ,"-28,6%","  6,1 ","  4,3 ","  6,0 ","  0,9 ","  0,9 ","  120,3 ","24,5%","2,3%","12,1%","2,7%","-9,3%","6,7%","-1,1%","  29,9 ","29,8%","299,6%","122,6%","75,3%","177,4%","-49,2%","-40,8%","  29,9 ","29,8%","299,6%","122,6%","75,3%","177,4%","-49,2%","-40,8%",Chính thức
,362,NBT,Cấp thoát nước Bến Tre,UPCoM,Tiện ích,Nước,Nước,  465 ,  15.800 ,"-2,5%","-5,8%","-10,2%","-12,1%",  0 ,"  0,0 ","11,7%",  -   ,"0,0%","  8,5 ","  8,7 ",  -   ,"  1,1 ","  1,0 ","  62,9 ",,"-2,1%","-6,0%","4,2%","5,1%","5,2%",,"  12,6 ",,"-12,6%","-19,9%","34,4%","-33,5%","-3,8%",,"  12,6 ",,"-12,6%","-19,9%","34,4%","-33,5%","-3,8%",,Chính thức
,363,VNA,Vận tải biển Vinaship,UPCoM,Hàng & Dịch vụ Công nghiệp,Vận tải Thủy,Vận tải Thủy,  541 ,  15.914 ,"-2,2%","-3,2%","1,6%","-9,1%",  4 ,"  0,1 ","13,8%",  3.060 ,"29,6%","  11,4 ","  6,7 ","  5,2 ","  1,1 ","  0,9 ","  111,1 ","14,1%","-4,9%","12,7%","-18,0%","2,6%","-12,8%","29,5%","  37,1 ","35,7%","-69,8%","-99,1%","-132,5%","24,5%","44623,6%","140,3%","  37,1 ","35,7%","-69,8%","-99,1%","-132,5%","24,5%","44623,6%","140,3%",Chính thức
,364,DQC,Tập đoàn Điện Quang,HOSE,Hàng cá nhân & Gia dụng,Thiết bị gia dụng,Thiết bị gia dụng,  336 ,  12.200 ,"35,6%","22,0%","17,3%","16,8%",  25 ,"  0,3 ","2,2%",  405 ,"-34,0%","  8,2 ","  19,9 ","  30,1 ","  0,4 ","  0,4 ","  278,9 ","27,9%","0,9%","-9,3%","12,1%","44,1%","63,4%","8,7%","  10,2 ","63,6%","1224,1%","618,2%","100,2%","97,1%","240,0%","228,7%","  10,2 ","91,1%","26083,4%","399,6%","107,6%","102,2%","249,6%","228,7%",Chính thức
,365,VVS,Đầu tư Phát triển Máy Việt Nam,HOSE,Ô tô và phụ tùng,Sản xuất ô tô,Sản xuất ô tô,  2.432 ,  113.000 ,"-9,5%","-9,2%","41,8%","72,5%",  230 ,"  27,3 ","76,7%",  17.096 ,"-20,3%","  11,0 ","  5,3 ","  6,6 ","  1,6 ","  3,0 ","  2.750,6 ","29,0%","41,7%","98,4%","168,2%","115,3%","142,1%","18,0%","  166,5 ","45,2%","210,0%","376,9%","110,7%","2325,0%","538,9%","14,6%","  166,5 ","45,2%","210,0%","376,9%","110,7%","2325,0%","538,9%","14,6%",Chính thức
,366,NCS,Suất ăn Hàng không Nội Bài,UPCoM,Thực phẩm và đồ uống,Thực phẩm,Thực phẩm khác,  739 ,  41.200 ,"0,5%","0,5%","-0,7%","6,7%",  2 ,"  0,1 ","29,9%",  -   ,"0,0%","  10,2 ","  10,4 ",  -   ,"  3,1 ","  2,8 ","  257,2 ",,"16,5%","24,2%","15,8%","22,0%","23,9%",,"  21,0 ",,"14,6%","44,3%","17,1%","22,7%","21,2%",,"  21,0 ",,"14,6%","44,3%","17,1%","22,7%","21,2%",,Chính thức
,367,HNM,HANOIMILK,UPCoM,Thực phẩm và đồ uống,Thực phẩm,Sản phẩm từ sữa,  343 ,  7.724 ,"-3,4%","-5,5%","0,5%","-3,5%",  446 ,"  3,6 ","2,8%",  -   ,"0,0%","  11,3 ","  26,1 ",  -   ,"  0,9 ","  0,7 ","  189,6 ",,"46,1%","1,8%","-29,2%","10,1%","-1,3%",,"  3,7 ",,"33,5%","-47,3%","-80,0%","-53,6%","-53,7%",,"  3,7 ",,"33,5%","-47,3%","-80,0%","-53,6%","-53,7%",,Chính thức
,368,SSC,Giống cây trồng Miền Nam,HOSE,Thực phẩm và đồ uống,Nuôi trồng nông & hải sản,Nuôi trồng nông & hải sản,  380 ,  28.600 ,"-1,4%","1,4%","-8,2%","-7,6%",  0 ,"  0,0 ","3,1%",  3.014 ,"250,3%","  10,7 ","  33,2 ","  9,5 ","  1,1 ","  1,0 ","  37,2 ","9,7%","-23,4%","-28,8%","-21,6%","-14,0%","-29,0%","27,1%","  0,0 ","0,1%","-64,1%","-39,0%","-34,2%","-147,2%","-98,8%","188,8%","  0,0 ","0,1%","-64,1%","-39,0%","-34,2%","-147,2%","-98,8%","188,8%",Chính thức
,369,SBG,Tập Đoàn Cơ Khí Công Nghệ Cao Siba,HOSE,Hàng & Dịch vụ Công nghiệp,Công nghiệp phức hợp,Công nghiệp phức hợp,  595 ,  11.900 ,"1,7%","3,0%","-11,9%","-20,9%",  68 ,"  0,8 ","5,1%",  1.211 ,"95,7%","  13,5 ","  19,2 ","  9,8 ","  1,0 ","  1,0 ","  167,7 ","9,1%","-23,3%","-57,4%","-52,2%","-62,7%","-74,6%","13,7%","  2,0 ","3,3%","231,3%","-24,6%","-75,3%","27,5%","-78,4%","58,0%","  1,9 ","3,1%","248,0%","-24,3%","-75,2%","25,7%","-79,9%","58,0%",Chính thức
,370,MHC,CTCP MHC,HOSE,Hàng & Dịch vụ Công nghiệp,Dịch vụ vận tải,Vận tải Thủy,  430 ,  9.900 ,"1,4%","4,7%","0,4%","-18,9%",  44 ,"  0,4 ","28,2%",  736 ,"-82,2%","  4,3 ","  2,4 ","  13,5 ","  0,7 ","  0,7 ",  -   ,,"-32,8%","993,5%","-83,9%",,,"352,6%","  0,0 ","0,0%","-344,7%","17277,3%","1305,9%","92,9%","100,0%","-80,5%","  0,0 ","0,0%","-343,6%","15752,2%","1307,7%","99,4%","100,1%","-80,5%",Chính thức
,371,HCD,SX và Thương mại HCD,HOSE,Hóa chất,"Nhựa, cao su & sợi",Nhựa,  297 ,  8.040 ,"-0,7%","0,8%","4,0%","6,1%",  32 ,"  0,3 ","3,9%",  823 ,"57,1%","  9,0 ","  15,4 ","  9,8 ","  0,7 ","  0,6 ","  205,9 ","25,7%","-8,2%","-17,5%","-20,1%","13,0%","16,4%","1,2%","  7,4 ","24,2%","-43,7%","109,0%","-57,8%","-44,7%","-8,4%","51,7%","  7,4 ","24,2%","-43,7%","109,0%","-57,8%","-44,7%","-8,4%","51,7%",Chính thức
,372,ABT,Thủy sản Bến Tre,HOSE,Thực phẩm và đồ uống,Nuôi trồng nông & hải sản,Nuôi trồng thủy hải sản,  704 ,  59.800 ,"-0,3%","-1,2%","-1,5%","-10,5%",  6 ,"  0,4 ","25,6%",  12.567 ,"-6,3%","  5,9 ","  4,5 ","  4,8 ","  1,0 ","  1,1 ","  187,8 ","24,4%","34,4%","11,9%","27,0%","14,3%","14,7%","8,9%","  22,3 ","15,0%","98,2%","82,9%","117,6%","-11,1%","0,6%","-6,3%","  22,3 ","15,0%","98,2%","82,9%","117,6%","-11,1%","0,6%","-6,3%",Chính thức
,373,NNC,Đá Núi Nhỏ,HOSE,Xây dựng và Vật liệu,Vật liệu xây dựng & Nội thất,Vật liệu xây dựng & Nội thất,  981 ,  44.750 ,"-6,8%","-15,6%","-18,9%","-32,5%",  65 ,"  3,3 ","33,3%",  4.380 ,"-43,9%","  9,8 ","  5,7 ","  10,2 ","  1,5 ","  1,7 ","  120,3 ","33,4%","35,1%","39,7%","50,3%","34,5%","71,6%","-7,9%","  39,6 ","41,3%","187,6%","74,5%","163,1%","161,1%","143,8%","-35,1%","  39,6 ","41,3%","187,6%","74,5%","163,1%","161,1%","143,8%","-35,1%",Chính thức
,374,ICT,Viễn thông - Tin học Bưu điện,HOSE,Công nghệ Thông tin,Phần mềm,Công nghệ Thông tin,  573 ,  17.800 ,"0,0%","0,0%","-3,0%","-1,1%",  18 ,"  0,3 ","4,9%",  1.107 ,"11,6%","  21,7 ","  18,0 ","  16,1 ","  0,7 ","  0,9 ","  519,6 ","22,2%","87,9%","-58,4%","45,2%","213,7%","175,4%","10,8%","  4,8 ","13,5%","105,2%","-8,9%","6,8%","-4,2%","2,1%","12,0%","  4,8 ","13,5%","105,2%","-8,9%","6,8%","-4,2%","2,1%","12,0%",Chính thức
,375,BSH,Bia Sài Gòn - Hà Nội,UPCoM,Thực phẩm và đồ uống,Sản xuất bia,Bia và đồ uống,  304 ,  16.912 ,"-5,5%","-14,2%","-1,9%","8,0%",  1 ,"  0,0 ","12,4%",  2.667 ,"25,1%","  9,5 ","  7,9 ","  6,3 ","  1,2 ","  1,0 ","  131,0 ","20,9%","-16,5%","-24,7%","-8,5%","7,2%","20,6%","10,5%","  7,5 ","15,5%","-122,3%","-53,8%","7,9%","38,0%","647,2%","62,5%","  7,5 ","15,5%","-122,3%","-53,8%","7,9%","38,0%","647,2%","62,5%",Chính thức
,376,CCI,CIDICO,HOSE,Tiện ích,Phân phối xăng dầu & khí đốt,Bất động sản công nghiệp,  444 ,  19.000 ,"-3,3%","-21,7%","-18,0%","-17,1%",  1 ,"  0,0 ","17,1%",  -   ,"0,0%","  12,6 ","  9,0 ",  -   ,"  1,5 ","  1,5 ","  102,0 ",,"-12,5%","-14,1%","-10,1%","-1,7%","10,9%",,"  14,7 ",,"31,1%","43,2%","88,3%","238,4%","-5,2%",,"  14,7 ",,"31,1%","43,2%","88,3%","238,4%","-5,2%",,Chính thức
,377,PSP,DV Dầu Khí Đình Vũ,UPCoM,Hàng & Dịch vụ Công nghiệp,Dịch vụ vận tải,Vận tải Thủy,  768 ,  19.200 ,"0,0%","-2,1%","4,4%","9,9%",  2 ,"  0,0 ","2,5%",  -   ,"0,0%","  104,0 ","  67,9 ",  -   ,"  1,1 ","  1,7 ","  73,9 ",,"8,2%","10,4%","17,9%","61,0%","18,5%",,"  2,7 ",,"-16,3%","1282,2%","20,1%","10,0%","-4,3%",,"  2,7 ",,"-16,3%","1282,2%","20,1%","10,0%","-4,3%",,Chính thức
,378,IST,ICD Tân Cảng Sóng Thần,UPCoM,Hàng & Dịch vụ Công nghiệp,"Kho bãi, hậu cần và bảo dưỡng","Kho bãi, hậu cần và bảo dưỡng",  540 ,  36.000 ,"1,2%","-6,7%","2,0%","-4,1%",  0 ,"  0,0 ","33,2%",  -   ,"0,0%","  7,5 ","  6,1 ",  -   ,"  2,0 ","  1,8 ","  132,0 ",,"17,6%","16,2%","13,0%","4,3%","11,8%",,"  23,5 ",,"9,5%","41,1%","45,0%","-1,4%","38,6%",,"  23,5 ",,"9,5%","41,1%","45,0%","-1,4%","38,6%",,Chính thức
,379,SZE,Môi trường Sonadezi,UPCoM,Hàng & Dịch vụ Công nghiệp,Chất thải & Môi trường,Chất thải & Môi trường,  246 ,  8.200 ,"7,3%","-12,8%","-10,9%","-18,0%",  9 ,"  0,1 ","2,7%",  324 ,"1,7%","  13,2 ","  25,8 ","  25,3 ","  0,9 ","  0,7 ","  79,7 ","23,6%","-4,0%","61,8%","-18,8%","-10,9%","-18,0%","-20,3%","  2,6 ","26,6%","8,8%","-36,0%","-129,7%","-58,6%","-65,2%","-32,6%","  2,6 ","26,6%","8,8%","-36,0%","-129,7%","-58,6%","-65,2%","-32,6%",Chính thức
,380,TSB,Ắc quy Tia Sáng,HNX,Hàng & Dịch vụ Công nghiệp,Hàng điện & điện tử,Điện tử & Thiết bị điện,  129 ,  19.100 ,"-2,1%","-1,6%","-23,0%","-31,3%",  5 ,"  0,1 ","0,8%",  -   ,"0,0%","  110,7 ","  212,0 ",  -   ,"  3,5 ","  1,7 ","  43,9 ",,"-16,1%","24,1%","3,6%","13,4%","3,2%",,"  (1,3)",,"-93,3%","-93,2%","-17,7%","265,0%","-738,3%",,"  (1,3)",,"-93,3%","-93,2%","-17,7%","265,0%","-738,3%",,Chính thức
,381,POT,Thiết bị Bưu điện Postef,HNX,Công nghệ Thông tin,Phần cứng,Công nghệ Thông tin,  408 ,  21.000 ,"2,9%","6,1%","-5,0%","-1,9%",  4 ,"  0,1 ","6,9%",  608 ,"-43,1%","  52,7 ","  19,7 ","  34,6 ","  1,2 ","  1,3 ","  134,9 ","6,9%","39,0%","-0,2%","-31,1%","34,7%","1,5%","10,6%","  0,5 ","3,8%","-12900,7%","48,5%","22,8%","692,1%","104,8%","8,3%","  0,5 ","3,8%","-12900,7%","48,5%","22,8%","692,1%","104,8%","8,3%",Chính thức
,382,BNW,Nước sạch Bắc Ninh,UPCoM,Tiện ích,Nước,Nước,  586 ,  15.600 ,"-8,2%","-3,3%","-6,1%","-22,9%",  0 ,"  0,0 ","9,0%",  -   ,"0,0%","  10,9 ","  16,1 ",  -   ,"  0,9 ","  1,5 ","  74,5 ",,"2,4%","4,2%","4,2%","1,8%","18,8%",,"  9,9 ",,"-6,7%","-11,0%","-51,8%","-45,0%","15,3%",,"  9,9 ",,"-6,7%","-11,0%","-51,8%","-45,0%","15,3%",,Chính thức
,383,HDW,Nước sạch Hải Dương,UPCoM,Tiện ích,Nước,Nước,  542 ,  17.000 ,"-3,4%","-4,5%","11,4%","-5,6%",  0 ,"  0,0 ","11,8%",  1.565 ,"-8,9%","  9,7 ","  9,9 ","  10,9 ","  1,0 ","  1,2 ","  150,5 ","24,5%","9,8%","6,7%","5,0%","2,9%","4,9%","1,9%","  18,7 ","37,5%","11,3%","-26,7%","-0,8%","36,8%","50,4%","2,9%","  18,7 ","37,5%","11,3%","-26,7%","-0,8%","36,8%","50,4%","2,9%",Chính thức
,384,CBI,Gang thép Cao Bằng,UPCoM,Tài nguyên Cơ bản,Thép và sản phẩm thép,Thép và sản phẩm thép,  598 ,  13.900 ,"0,0%","-0,7%","12,3%","5,3%",  2 ,"  0,0 ","-294,9%",  -   ,"0,0%","  12,2 ","  (3,0)",  -   ,"  2,7 ","  22,0 ","  386,9 ","18,1%","-38,8%","5,4%","1,7%","22,0%","-7,5%","3,6%","  (44,8)",,"-5371,3%","-928,1%","56,6%","95,3%","11,4%",,"  (44,8)",,"-5371,3%","-928,1%","56,6%","95,3%","11,4%",,Chính thức
,385,DAH,Tập đoàn Khách sạn Đông Á,HOSE,Du lịch và Giải trí,Khách sạn,Khách sạn,  228 ,  2.710 ,"-12,0%","-9,7%","-19,1%","-26,8%",  56 ,"  0,2 ","-7,7%",  51 ,"106,3%","  109,9 ","  (3,3)","  53,1 ","  0,4 ","  0,3 ","  9,8 ","19,6%","-43,4%","-33,4%","-45,2%","24,2%","-12,9%","-4,7%","  (1,1)","-24,9%","-2426,6%","-1641,2%","-1891,1%","-1071,6%","60,9%","106,1%","  (1,1)","-24,9%","-6295,5%","-1273,2%","-1881,3%","-1072,2%","60,9%","106,1%",Chính thức
,386,HLC,Than Hà Lầm,HNX,Tài nguyên Cơ bản,Khai thác Than,Khai thác Than,  300 ,  11.800 ,"-8,5%","-10,6%","0,0%","-18,1%",  24 ,"  0,3 ","18,2%",  1.490 ,"-52,0%","  3,9 ","  3,8 ","  7,9 ","  0,8 ","  0,7 ","  828,8 ","26,4%","14,7%","11,4%","29,0%","-51,1%","-1,2%","9,3%","  11,9 ","31,4%","-29,5%","10,5%","542,1%","-187,0%","-20,9%","-53,9%","  11,9 ","31,4%","-29,5%","10,5%","542,1%","-187,0%","-20,9%","-53,9%",Chính thức
,387,BAX,Công ty Thống Nhất,HNX,Xây dựng và Vật liệu,Xây dựng,Xây dựng,  273 ,  33.300 ,"0,0%","2,5%","-2,1%","-2,1%",  0 ,"  0,0 ","17,1%",  3.288 ,"-30,2%","  13,4 ","  7,1 ","  10,1 ","  1,6 ","  1,2 ","  31,0 ","22,6%","7,6%","115,8%","28,0%","50,2%","62,3%","24,5%","  8,5 ","31,6%","-1,2%","39,1%","24,8%","71,3%","48,6%","-24,7%","  8,5 ","31,6%","-1,2%","39,1%","24,8%","71,3%","48,6%","-24,7%",Chính thức
,388,CTB,Bơm Hải Dương,HNX,Hàng & Dịch vụ Công nghiệp,Máy công nghiệp,Công nghiệp nặng,  341 ,  16.400 ,"-3,5%","-0,6%","-6,3%","-3,5%",  2 ,"  0,0 ","12,8%",  -   ,"0,0%","  6,5 ","  8,6 ",  -   ,"  1,1 ","  1,0 ","  56,4 ",,"22,0%","128,0%","-8,8%","-41,5%","-32,3%",,"  12,1 ",,"262,7%","347,2%","-1,0%","-73,5%","9,3%",,"  12,1 ",,"262,7%","347,2%","-1,0%","-73,5%","9,3%",,Chính thức
,389,SP2,Thủy điện Sử Pán 2,UPCoM,Tiện ích,Sản xuất & Phân phối Điện,Sản xuất & Phân phối Điện,  468 ,  22.700 ,"-2,2%","-0,9%","0,2%","3,2%",  3 ,"  0,1 ","38,8%",  2.459 ,"-19,4%","  9,7 ","  7,4 ","  9,2 ","  5,2 ","  2,7 ","  16,5 ","9,7%","-26,5%","11,4%","-11,2%","15,1%","13,2%","-2,4%","  (6,2)","-12,2%","-13,0%","43,7%","-13,1%","147,0%","36,5%","-14,6%","  (6,2)","-12,2%","-13,0%","43,7%","-13,1%","147,0%","36,5%","-14,6%",Chính thức
,390,VSA,Đại lý Hàng hải VN,HNX,Hàng & Dịch vụ Công nghiệp,Dịch vụ vận tải,"Kho bãi, hậu cần và bảo dưỡng",  289 ,  20.500 ,"5,1%","2,5%","-2,4%","1,0%",  2 ,"  0,0 ","6,8%",  1.935 ,"18,9%","  10,9 ","  12,6 ","  10,6 ","  0,9 ","  0,9 ","  279,6 ","22,6%","9,0%","6,7%","-15,9%","-5,4%","1,9%","14,6%","  7,1 ","26,0%","39,7%","-29,1%","377,2%","-73,2%","-10,0%","14,9%","  7,1 ","26,0%","39,7%","-29,1%","377,2%","-73,2%","-10,0%","14,9%",Chính thức
,391,SAV,Savimex,HOSE,Tài nguyên Cơ bản,Lâm sản và Chế biến gỗ,Vật liệu xây dựng & Nội thất,  409 ,  15.700 ,"9,4%","18,1%","18,1%","15,9%",  8 ,"  0,1 ","4,1%",  1.475 ,"164,8%","  10,8 ","  28,2 ","  10,6 ","  1,1 ","  1,1 ","  299,3 ","24,9%","27,5%","-6,1%","-13,3%","-3,9%","8,7%","13,0%","  21,8 ","56,8%","120,3%","-169,1%","59,9%","-160,9%","29,9%","304,8%","  21,8 ","56,8%","120,3%","-169,1%","59,9%","-160,9%","29,9%","304,8%",Chính thức
,392,HMC,Kim khí TP.HCM,HOSE,Tài nguyên Cơ bản,Thép và sản phẩm thép,Thép và sản phẩm thép,  325 ,  11.900 ,"2,2%","3,5%","5,3%","1,7%",  8 ,"  0,1 ","8,9%",  1.026 ,"-23,1%","  3,9 ","  8,9 ","  11,6 ","  0,8 ","  0,8 ","  2.344,0 ","42,5%","44,1%","32,4%","30,5%","38,8%","96,3%","-4,3%","  13,2 ","47,0%","121,3%","61,4%","11,1%","-28,1%","65,0%","-10,3%","  13,2 ","47,0%","121,3%","61,4%","11,1%","-28,1%","65,0%","-10,3%",Chính thức
,393,THT,Than Hà Tu,HNX,Tài nguyên Cơ bản,Khai thác Than,Khai thác Than,  216 ,  8.800 ,"-5,4%","-6,4%","1,2%","11,4%",  82 ,"  0,8 ","28,6%",  1.406 ,"-66,1%","  2,1 ","  2,1 ","  6,3 ","  0,7 ","  0,6 ","  810,2 ","14,0%","-16,2%","-18,1%","32,6%","142,3%","-26,6%","9,0%","  8,8 ","25,4%","-409,2%","-15,0%","3663,3%","258,1%","116,7%","-14,4%","  8,8 ","25,4%","-409,2%","-15,0%","3663,3%","258,1%","116,7%","-14,4%",Chính thức
,394,TCT,Cáp treo Tây Ninh,HOSE,Du lịch và Giải trí,Vận tải hành khách & Du lịch,Vận tải hành khách & Du lịch,  244 ,  19.050 ,"-3,1%","-4,8%","-4,3%","-1,8%",  7 ,"  0,1 ","6,1%",  -   ,"0,0%","  18,4 ","  11,2 ",  -   ,"  0,8 ","  0,7 ","  17,4 ",,"23,8%","121,9%","127,8%","100,7%","-16,2%",,"  8,8 ",,"48,4%","127,9%","2045,2%","565,6%","-29,3%",,"  8,8 ",,"48,4%","127,9%","2045,2%","565,6%","-29,3%",,Chính thức
,395,DNC,Điện nước Hải Phòng,HNX,Tiện ích,Sản xuất & Phân phối Điện,Sản xuất & Phân phối Điện,  565 ,  56.300 ,"-2,9%","-6,5%","10,7%","15,3%",  1 ,"  0,0 ","35,1%",  3.229 ,"-39,8%","  10,4 ","  10,5 ","  17,4 ","  3,4 ","  3,6 ","  245,5 ","18,7%","13,4%","13,7%","25,8%","29,1%","18,3%","15,7%","  8,0 ","24,7%","14,1%","10,6%","30,2%","87,3%","-18,1%","-41,7%","  8,0 ","24,7%","14,1%","10,6%","30,2%","87,3%","-18,1%","-41,7%",Chính thức
,396,DHM,Khoáng sản Dương Hiếu,HOSE,Tài nguyên Cơ bản,Khai khoáng,Khai khoáng,  249 ,  7.200 ,"-5,3%","1,4%","20,0%","16,9%",  17 ,"  0,1 ","1,9%",  -   ,"0,0%","  14,2 ","  36,9 ",  -   ,"  0,7 ","  0,7 ","  1.082,4 ",,"-55,6%","-49,5%","27,3%","50,1%","149,6%",,"  2,0 ",,"-62,9%","-735,3%","2029,1%","587,5%","96,5%",,"  2,0 ",,"-62,9%","-735,3%","2029,1%","587,5%","96,5%",,Chính thức
,397,UIC,Phát triển Nhà và Đô thị IDICO,HOSE,Tiện ích,Sản xuất & Phân phối Điện,Xây dựng,  540 ,  65.000 ,"6,2%","8,0%","5,7%","14,0%",  4 ,"  0,2 ","19,6%",  -   ,"0,0%","  5,7 ","  5,0 ",  -   ,"  0,7 ","  0,9 ","  810,3 ",,"17,3%","15,0%","14,6%","9,7%","10,1%",,"  24,8 ",,"78,1%","107,3%","57,3%","76,6%","32,0%",,"  24,8 ",,"78,1%","107,3%","57,3%","76,6%","32,0%",,Chính thức
,398,BTW,Cấp nước Bến Thành,HNX,Tiện ích,Nước,Nước,  660 ,  70.500 ,"8,0%","18,7%","15,0%","18,7%",  1 ,"  0,0 ","16,7%",  5.214 ,"10,6%","  9,7 ","  15,0 ","  13,5 ","  1,6 ",  -   ,"  137,1 ","24,5%","-3,2%","-1,3%","-1,1%","-1,9%","2,2%","1,4%","  14,8 ","30,3%","-20,8%","-50,3%","-18,1%","184,6%","-22,0%","1,1%","  14,8 ","30,3%","-20,8%","-50,3%","-18,1%","184,6%","-22,0%","1,1%",Chính thức
,399,DM7,Dệt may 7,UPCoM,Hàng cá nhân & Gia dụng,Hàng May mặc,Hàng May mặc,  302 ,  19.600 ,"0,0%","0,0%","25,6%","-10,9%",  0 ,"  0,0 ","16,8%",  -   ,"0,0%","  6,9 ","  6,2 ",  -   ,"  1,2 ","  1,0 ","  101,2 ",,"38,2%","23,9%","-70,6%","18,7%","-49,1%",,"  6,0 ",,"1,9%","-71,6%","-96,9%","319,7%","-50,1%",,"  6,0 ",,"1,9%","-71,6%","-96,9%","319,7%","-50,1%",,Chính thức
,400,NDW,Cấp nước Nam Định,UPCoM,Tiện ích,Nước,Nước,  496 ,  14.500 ,"0,0%","0,0%","1,4%","1,4%",  0 ,"  0,0 ","7,9%",  809 ,"-11,6%","  9,5 ","  15,8 ","  17,9 ","  0,8 ","  1,2 ","  67,9 ","25,3%","-5,0%","1,4%","3,9%","-1,6%","5,7%","-3,2%","  9,7 ","34,9%","-7,7%","-5,3%","-2,0%","-150,9%","0,1%","-10,9%","  9,7 ","34,9%","-7,7%","-5,3%","-2,0%","-150,9%","0,1%","-10,9%",Chính thức
,401,PNP,Tân Cảng - Phú Hữu,UPCoM,Hàng & Dịch vụ Công nghiệp,Vận tải Thủy,Vận tải Thủy,  321 ,  19.909 ,"-1,6%","-1,3%","-0,5%","-13,1%",  1 ,"  0,0 ","18,6%",  -   ,"0,0%","  7,8 ","  7,2 ",  -   ,"  1,5 ","  1,3 ","  87,9 ",,"-12,0%","4,6%","-5,5%","9,4%","9,4%",,"  11,4 ",,"-15,2%","8,3%","-7,9%","35,4%","14,1%",,"  11,4 ",,"-15,2%","8,3%","-7,9%","35,4%","14,1%",,Chính thức
,402,AFX,XNK Nông sản Thực phẩm An Giang,HOSE,Bán lẻ,Phân phối thực phẩm,Thực phẩm khác,  375 ,  10.700 ,"0,0%","3,4%","-1,4%","-9,3%",  90 ,"  0,9 ","11,9%",  2.158 ,"24,5%","  12,3 ","  6,2 ","  5,0 ","  0,7 ","  0,7 ","  884,0 ","23,4%","-22,4%","17,1%","105,0%","52,7%","187,0%","34,4%","  18,0 ","23,9%","13,5%","-27,3%","70,1%","180,5%","286,3%","59,6%","  18,0 ","23,9%","13,5%","-27,3%","70,1%","180,5%","286,3%","59,6%",Chính thức
,403,MED,Dược Mediplantex,HNX,Y tế,Dược phẩm,Y tế,  253 ,  20.400 ,"0,0%","0,0%","-9,3%","-13,2%",  0 ,"  0,0 ","6,0%",  -   ,"0,0%","  23,2 ","  12,9 ",  -   ,"  0,9 ","  0,8 ","  88,7 ",,"-28,1%","-37,9%","-5,5%","10,8%","17,5%",,"  5,9 ",,"-43,1%","-38,8%","12,3%","130,8%","171,8%",,"  5,9 ",,"-43,1%","-38,8%","12,3%","130,8%","171,8%",,Chính thức
,404,CLH,Xi măng La Hiên,HNX,Xây dựng và Vật liệu,Vật liệu xây dựng & Nội thất,Vật liệu xây dựng & Nội thất,  271 ,  22.600 ,"2,3%","1,4%","5,1%","4,6%",  5 ,"  0,1 ","21,8%",  2.000 ,"-42,5%","  6,6 ","  6,5 ","  11,3 ","  1,5 ","  1,3 ","  179,4 ","28,5%","25,2%","16,4%","-1,5%","-4,1%","22,5%","-10,8%","  2,3 ","9,7%","507,4%","13,3%","-15,6%","1,4%","6,5%","-42,3%","  2,3 ","9,7%","507,4%","13,3%","-15,6%","1,4%","6,5%","-42,3%",Chính thức
,405,TYA,Dây và Cáp điện Taya,HOSE,Hàng & Dịch vụ Công nghiệp,Hàng điện & điện tử,Điện tử & Thiết bị điện,  555 ,  18.100 ,"0,0%","0,8%","-4,7%","4,0%",  21 ,"  0,4 ","20,2%",  2.422 ,"-40,8%","  13,1 ","  4,4 ","  7,5 ","  0,8 ","  0,8 ","  576,1 ","23,7%","34,2%","27,2%","15,1%","29,6%","16,9%","3,6%","  27,9 ","37,5%","38,7%","83,2%","17,5%","66,3%","34,5%","-37,3%","  27,9 ","37,5%","38,7%","83,2%","17,5%","66,3%","34,5%","-37,3%",Chính thức
,406,CHS,Chiếu sáng TPHCM,UPCoM,Tiện ích,Tiện ích khác,Tiện ích khác,  312 ,  11.000 ,"0,0%","5,8%","1,5%","-4,4%",  1 ,"  0,0 ","8,3%",  -   ,"0,0%","  9,1 ","  11,5 ",  -   ,"  1,0 ",  -   ,"  37,8 ",,"-24,7%","-41,1%","49,9%","21,4%","-39,7%",,"  3,5 ",,"-2,3%","-40,9%","-4,2%","12,5%","-50,6%",,"  3,5 ",,"-2,3%","-40,9%","-4,2%","12,5%","-50,6%",,Chính thức
,407,GMC,Garmex Sài Gòn,UPCoM,Hàng cá nhân & Gia dụng,Hàng May mặc,Hàng May mặc,  169 ,  5.127 ,"11,5%","8,0%","-3,3%","-5,1%",  2 ,"  0,0 ","-6,4%",  (798),"-19,6%","  (6,7)","  (7,7)","  (6,4)","  0,6 ","  0,5 ","  0,4 ","20,2%","156,4%","147,2%","289,1%","-70,6%","20,9%","12,7%","  (5,7)","21,7%","-721,6%","-1262,6%","25,6%","85,5%","25,8%","-9,7%","  (5,7)","21,7%","-721,6%","-1262,6%","25,6%","85,5%","25,8%","-9,7%",Chính thức
,408,NAW,Cấp nước Nghệ An,UPCoM,Tiện ích,Nước,Nước,  348 ,  9.300 ,"-2,1%","-2,1%","-2,1%","-2,1%",  0 ,"  0,0 ","5,2%",  273 ,"-50,2%","  101,5 ","  17,0 ","  34,1 ","  0,8 ","  0,9 ","  98,4 ","24,2%","10,3%","11,8%","18,2%","12,7%","23,5%","8,0%","  1,5 ","14,3%","-38,4%","53,6%","1850,5%","-77,0%","75,5%","-48,2%","  1,5 ","14,3%","-38,4%","53,6%","1850,5%","-77,0%","75,5%","-48,2%",Chính thức
,409,XMP,Thủy điện Xuân Minh,UPCoM,Tiện ích,Sản xuất & Phân phối Điện,Sản xuất & Phân phối Điện,  237 ,  15.800 ,"0,1%","-4,7%","1,3%","0,0%",  0 ,"  0,0 ","16,3%",  1.561 ,"-23,3%","  22,5 ","  7,8 ","  10,1 ","  1,5 ","  1,2 ","  22,6 ","29,4%","3,4%","27,2%","6,9%","12,6%","15,7%","-4,7%","  10,1 ","43,1%","34,8%","134,3%","87,0%","19,0%","37,6%","-15,7%","  10,1 ","43,1%","34,8%","134,3%","87,0%","19,0%","37,6%","-15,7%",Chính thức
,410,SC5,Xây dựng Số 5,HOSE,Xây dựng và Vật liệu,Xây dựng,Xây dựng,  257 ,  17.150 ,"9,6%","14,3%","7,2%","10,7%",  2 ,"  0,0 ","10,2%",  2.136 ,"-23,7%","  8,4 ","  6,1 ","  8,0 ","  0,7 ","  0,6 ","  235,4 ","9,4%","-39,2%","-3,2%","-3,5%","9,2%","-49,7%","-0,2%","  5,4 ","16,8%","-58,5%","86,2%","-10,2%","44,2%","18,7%","-22,2%","  5,4 ","16,8%","-58,5%","86,2%","-10,2%","44,2%","18,7%","-22,2%",Chính thức
,411,TTE,ĐT Năng lượng Trường Thịnh,HOSE,Tiện ích,Sản xuất & Phân phối Điện,Sản xuất & Phân phối Điện,  966 ,  33.900 ,"0,0%","0,0%","-13,3%","-13,3%",  0 ,"  0,0 ","26,1%",  -   ,"0,0%","  282,7 ","  10,6 ",  -   ,"  2,4 ","  2,6 ","  35,5 ",,"-5,6%","30,0%","36,0%","17,8%","10,5%",,"  9,5 ",,"13,9%","52,8%","109,5%","3808,4%","240,7%",,"  9,4 ",,"14,2%","52,4%","106,1%","4108,6%","242,5%",,Chính thức
,412,RIC,Quốc tế Hoàng Gia,UPCoM,Du lịch và Giải trí,Dịch vụ giải trí,Dịch vụ giải trí,  598 ,  8.500 ,"-15,4%","-26,7%","-35,6%","-29,1%",  2 ,"  0,0 ","4,0%",  -   ,"0,0%","  (9,0)","  25,4 ",  -   ,"  0,7 ","  1,0 ","  44,0 ",,"8,2%","31,9%","5,1%","22,1%","51,0%",,"  7,4 ",,"26,4%","623,6%","76,8%","212,6%","178,7%",,"  7,4 ",,"26,4%","623,6%","76,8%","212,6%","178,7%",,Chính thức
,413,PSB,Sao Mai Bến Đình,UPCoM,Xây dựng và Vật liệu,Xây dựng,Xây dựng,  270 ,  5.391 ,"-5,6%","-3,1%","14,7%","10,9%",  179 ,"  1,2 ","0,5%",  -   ,"0,0%","  105,3 ","  105,9 ",  -   ,"  0,5 ","  0,5 ","  118,9 ",,"58,4%","68,9%","-7,3%","260,2%","101,2%",,"  1,3 ",,"-26,1%","153,8%","-95,7%","106,3%","279,9%",,"  1,3 ",,"-26,1%","153,8%","-95,7%","106,3%","279,9%",,Chính thức
,414,DTG,Dược phẩm Tipharco,HNX,Y tế,Dược phẩm,Y tế,  153 ,  15.900 ,"2,6%","0,6%","4,6%","2,6%",  1 ,"  0,0 ","9,5%",  2.396 ,"24,5%","  9,3 ","  8,3 ","  6,6 ","  1,1 ","  0,8 ","  70,7 ","19,6%","-12,7%","-20,5%","4,0%","-16,4%","21,2%","13,7%","  6,0 ","26,2%","-91,9%","-95,0%","-69,5%","11,1%","1628,2%","79,5%","  6,0 ","26,2%","-92,0%","-94,9%","-69,5%","11,1%","1628,2%","79,5%",Chính thức
,415,TV4,Tư vấn XD Điện 4,HNX,Hàng & Dịch vụ Công nghiệp,Tư vấn & Hỗ trợ KD,Tư vấn & Hỗ trợ KD,  277 ,  14.000 ,"-8,5%","-8,5%","-6,7%","-6,7%",  9 ,"  0,1 ","15,9%",  -   ,"0,0%","  8,8 ","  6,4 ",  -   ,"  1,1 ","  1,0 ","  60,7 ",,"278,1%","11,6%","103,5%","-2,2%","32,5%",,"  3,6 ",,"632,8%","-12,3%","159,9%","29,6%","32,4%",,"  3,6 ",,"632,8%","-12,3%","159,9%","29,6%","32,4%",,Chính thức
,416,BGW,Nước sạch Bắc Giang,UPCoM,Tiện ích,Nước,Nước,  290 ,  16.000 ,"0,0%","0,0%","0,0%","-20,4%",  1 ,"  0,0 ","9,3%",  1.058 ,"5,6%","  24,8 ","  16,0 ","  15,1 ","  1,6 ","  1,5 ","  46,5 ","23,1%","17,4%","9,1%","7,9%","4,5%","1,6%","2,1%","  3,9 ","20,1%","30,4%","76,7%","14,6%","54,4%","90,3%","17,5%","  3,9 ","20,1%","30,4%","76,7%","14,6%","54,4%","90,3%","17,5%",Chính thức
,417,BDW,Cấp thoát nước Bình Định,UPCoM,Tiện ích,Nước,Nước,  331 ,  26.700 ,"3,9%","-1,1%","0,8%","-4,3%",  0 ,"  0,0 ","15,2%",  2.810 ,"-18,4%","  7,7 ","  7,8 ","  9,5 ","  1,5 ","  1,1 ","  82,1 ","23,6%","-2,2%","10,1%","13,7%","12,8%","28,1%","12,3%","  10,1 ","29,1%","-34,0%","-10,5%","28,8%","58,5%","86,9%","-8,3%","  10,1 ","29,1%","-34,0%","-10,5%","28,8%","58,5%","86,9%","-8,3%",Chính thức
,418,CFV,Cà phê Thắng Lợi,UPCoM,Thực phẩm và đồ uống,Đồ uống & giải khát,Đồ uống & giải khát,  254 ,  20.100 ,"6,4%","-1,0%","-15,6%","1,5%",  0 ,"  0,0 ","7,3%",  958 ,"-14,7%","  46,1 ","  17,9 ","  21,0 ","  1,9 ","  1,2 ","  116,9 ","21,3%","-45,6%","92,6%","212,2%","252,2%","29,8%","44,2%","  1,4 ","11,4%","-93,8%","-97,1%","-192,4%","-1,4%","122,8%","-30,1%","  1,4 ","11,4%","-93,8%","-97,1%","-192,4%","-1,4%","122,8%","-30,1%",Chính thức
,419,VCC,Vinaconex 25,HNX,Xây dựng và Vật liệu,Xây dựng,Xây dựng,  252 ,  10.500 ,"2,9%","-0,9%","9,4%","6,1%",  23 ,"  0,3 ","8,0%",  1.285 ,"33,0%","  21,0 ","  10,9 ","  8,2 ","  1,0 ","  0,9 ","  355,2 ","17,7%","26,4%","77,8%","77,0%","34,2%","42,0%","23,7%","  4,7 ","15,2%","114,4%","3124,1%","398,3%","-43,2%","201,5%","53,8%","  4,7 ","15,2%","114,4%","3124,1%","398,3%","-43,2%","201,5%","53,8%",Chính thức
,420,NBW,Cấp nước Nhà Bè,HNX,Tiện ích,Nước,Nước,  338 ,  31.000 ,"-0,6%","-8,8%","-3,1%","-2,8%",  0 ,"  0,0 ","15,8%",  -   ,"0,0%","  11,4 ","  11,9 ",  -   ,"  1,8 ","  1,8 ","  223,8 ",,"1,1%","1,6%","1,3%","-0,1%","0,7%",,"  8,4 ",,"69,6%","8,5%","-61,5%","14,0%","-28,7%",,"  8,4 ",,"69,6%","8,5%","-61,5%","14,0%","-28,7%",,Chính thức
,421,VE4,Xây dựng điện VNECO4,HNX,Xây dựng và Vật liệu,Xây dựng,Xây dựng,  787 ,  260.000 ,"0,0%","0,0%","0,0%","0,0%",  -   ,"  0,0 ","-4,9%",  -   ,"0,0%","  1.638,1 ","  (1.096,9)",  -   ,"  25,4 ","  26,1 ","  5,0 ",,"-32,9%","-45,0%","134,5%","-47,1%","-26,7%",,"  (0,7)",,"104,6%","-98,4%","-1045,5%","664,9%","-1405,8%",,"  (0,7)",,"104,6%","-98,4%","-1045,5%","664,9%","-1405,8%",,Chính thức
,422,ABC,Truyền thông VMG,UPCoM,Viễn thông,Viễn thông di động,Viễn thông,  217 ,  10.651 ,"-6,1%","-9,1%","-1,9%","-3,1%",  32 ,"  0,4 ","18,4%",  -   ,"0,0%","  10,3 ","  2,2 ",  -   ,"  0,5 ","  0,4 ","  314,5 ",,"83,8%","156,3%","-0,1%","-50,2%","-22,4%",,"  7,7 ",,"1738,4%","225,0%","-55,1%","3177,9%","38,2%",,"  7,7 ",,"1738,4%","225,0%","-55,1%","3177,9%","38,2%",,Chính thức
,423,CQT,Xi măng Quán Triều VVMI,UPCoM,Xây dựng và Vật liệu,Vật liệu xây dựng & Nội thất,Vật liệu xây dựng & Nội thất,  213 ,  8.500 ,"9,0%","0,0%","16,4%","4,9%",  1 ,"  0,0 ","4,9%",  352 ,"-30,9%","  28,0 ","  16,7 ","  24,1 ","  0,9 ","  0,8 ","  153,2 ","25,0%","10,3%","35,6%","-13,3%","-16,8%","15,9%","3,1%","  1,1 ","12,1%","68,1%","521,0%","-32,3%","-48,5%","152,4%","-8,7%","  1,1 ","12,1%","68,1%","521,0%","-32,3%","-48,5%","152,4%","-8,7%",Chính thức
,424,LDP,Dược Lâm Đồng - Ladophar,HNX,Y tế,Dược phẩm,Y tế,  148 ,  7.900 ,"-1,3%","-2,5%","-21,8%","-28,8%",  82 ,"  0,7 ","18,9%",  -   ,"0,0%","  (1,3)","  5,2 ",  -   ,"  1,7 ","  0,8 ","  59,9 ",,"34,4%","4,8%","11,4%","2,8%","-1,7%",,"  0,9 ",,"471,0%","-25,7%","90,4%","621,6%","-7,8%",,"  0,9 ",,"471,0%","-25,7%","90,4%","621,6%","-7,8%",,Chính thức
,425,SFC,Nhiên liệu Sài Gòn,HOSE,Tiện ích,Phân phối xăng dầu & khí đốt,Phân phối xăng dầu & khí đốt,  203 ,  18.000 ,"0,0%","-7,7%","-2,2%","0,0%",  1 ,"  0,0 ","14,2%",  -   ,"0,0%","  10,5 ","  8,1 ",  -   ,"  1,3 ","  1,2 ","  385,0 ",,"-13,6%","-17,9%","-7,2%","-0,9%","8,2%",,"  8,9 ",,"-7,6%","14,5%","91,4%","-6,9%","61,1%",,"  8,9 ",,"-7,6%","14,5%","91,4%","-6,9%","61,1%",,Chính thức
,426,CCA,XNK Thuỷ sản Cần Thơ,UPCoM,Thực phẩm và đồ uống,Nuôi trồng nông & hải sản,Nuôi trồng thủy hải sản,  276 ,  15.266 ,"0,4%","1,8%","3,2%","5,8%",  1 ,"  0,0 ","15,8%",  -   ,"0,0%","  19,3 ","  6,2 ",  -   ,"  0,9 ",  -   ,"  295,5 ",,"18,3%","48,7%","-17,8%","9,4%","-14,9%",,"  10,4 ",,"471,1%","273,8%","304,9%","53,2%","9,1%",,"  10,4 ",,"471,1%","273,8%","304,9%","53,2%","9,1%",,Chính thức
,427,VSI,Đầu tư và Xây dựng Cấp thoát nước,HOSE,Xây dựng và Vật liệu,Xây dựng,Văn phòng cho thuê,  360 ,  27.300 ,"-2,5%","-4,2%","9,2%","13,8%",  3 ,"  0,1 ","19,9%",  3.284 ,"8,7%","  9,9 ","  9,0 ","  8,3 ","  1,3 ","  1,7 ","  110,2 ","19,8%","49,8%","293,8%","174,2%","85,0%","24,9%","-3,0%","  9,8 ","22,6%","96,4%","63,7%","22,4%","21,4%","51,4%","18,4%","  9,7 ","22,4%","96,0%","71,0%","25,2%","22,1%","50,7%","18,4%",Chính thức
,428,ITD,Công nghệ ITD,HOSE,Công nghệ Thông tin,Phần mềm,Công nghệ Thông tin,  428 ,  16.350 ,"0,6%","0,0%","2,2%","10,7%",  49 ,"  0,8 ","33,9%",  -   ,"0,0%","  26,9 ","  5,9 ",  -   ,"  1,1 ","  1,2 ","  162,5 ",,"88,7%","12,0%","44,5%","-1,9%","-59,1%",,"  21,8 ",,"1438,3%","472,0%","247,6%","343,0%","-60,9%",,"  9,4 ",,"6995,7%","100,1%","29123,3%","784,1%","-78,0%",,Chính thức
,429,BMV,Bột mỳ Vinafood 1,UPCoM,Thực phẩm và đồ uống,Thực phẩm,Thực phẩm khác,  99 ,  4.100 ,"-1,3%","-14,6%","-14,6%","-27,4%",  0 ,"  0,0 ","1,6%",  162 ,"0,1%","  168,3 ","  25,3 ","  25,3 ","  1,7 ","  0,4 ","  160,0 ","20,6%","-5,6%","5,2%","-1,4%","-6,5%","8,5%","22,4%","  1,2 ","31,8%","1561,6%","-13,9%","286,3%","-46,6%","23,1%","6,5%","  1,2 ","31,8%","1561,6%","-13,9%","286,3%","-46,6%","23,1%","6,5%",Chính thức
,430,ABR,Đầu tư Nhãn Hiệu Việt,HOSE,Hàng & Dịch vụ Công nghiệp,Tư vấn & Hỗ trợ KD,Tư vấn & Hỗ trợ KD,  289 ,  14.450 ,"11,2%","12,9%","18,0%","12,0%",  1 ,"  0,0 ","5,5%",  709 ,"4,3%","  13,2 ","  21,3 ","  20,4 ","  0,9 ","  1,2 ","  6,3 ","28,2%","-61,4%","254,8%","-3,9%","13,3%","-0,5%","-12,3%","  2,4 ","16,7%","-22,9%","-39,3%","-19,3%","-15,6%","-35,5%","-4,8%","  2,4 ","16,7%","-22,9%","-39,3%","-19,3%","-15,6%","-35,5%","-4,8%",Chính thức
,431,VID,Viễn Đông,HOSE,Tài nguyên Cơ bản,Sản xuất giấy,Sản xuất giấy,  203 ,  4.980 ,"0,8%","1,6%","0,0%","0,6%",  4 ,"  0,0 ","0,1%",  209 ,"1664,9%","  27,0 ","  421,2 ","  23,9 ","  0,5 ","  0,4 ","  253,9 ","25,4%","0,0%","-17,4%","7,8%","-5,8%","11,7%","-12,0%","  0,2 ","1,0%","-90,8%","255,7%","-1,5%","-303,7%","5,2%","1723,2%","  0,1 ","1,7%","-92,6%","687,5%","-0,5%","-243,6%","11,9%","1723,2%",Chính thức
,432,HNR,Cồn Rượu và Nước Giải Khát Hà Nội,UPCoM,Thực phẩm và đồ uống,Vang & Rượu mạnh,Vang & Rượu mạnh,  240 ,  12.000 ,"0,0%","0,0%","0,0%","0,0%",  -   ,  -   ,"-1,2%",  (250),"-19,7%","  (29,3)","  (57,6)","  (48,1)","  0,7 ",  -   ,"  39,6 ","18,6%","2,2%","26,8%","6,2%","2,5%","10,6%","75,5%","  2,0 ","-39,1%","65,7%","90,4%","11,7%","-51,6%","153,1%","6,7%","  2,0 ","-39,1%","65,7%","90,4%","11,7%","-51,6%","153,1%","6,7%",Chính thức
,433,BMC,Khoáng sản Bình Định,HOSE,Tài nguyên Cơ bản,Khai khoáng,Khai khoáng,  164 ,  13.200 ,"-1,9%","-1,9%","-23,3%","-10,5%",  55 ,"  0,8 ","5,4%",  -   ,"0,0%","  10,6 ","  13,5 ",  -   ,"  1,0 ","  0,7 ","  23,6 ",,"-71,5%","-18,1%","-15,2%","-50,7%","103,0%",,"  1,5 ",,"-81,2%","-44,1%","-30,4%","-67,4%","65,2%",,"  1,5 ",,"-81,2%","-44,1%","-30,4%","-67,4%","65,2%",,Chính thức
,434,C47,Xây dựng 47,HOSE,Xây dựng và Vật liệu,Xây dựng,Xây dựng,  333 ,  9.150 ,"-13,7%","-2,7%","-6,6%","-8,5%",  66 ,"  0,6 ","12,6%",  1.621 ,"1,1%","  20,8 ","  5,7 ","  5,6 ","  0,6 ","  0,7 ","  435,3 ","24,2%","197,7%","229,6%","108,9%","-21,4%","3,9%","8,0%","  16,6 ","27,7%","746,6%","1188,7%","1635,4%","5095,0%","57,0%","12,7%","  16,2 ","27,4%","746,2%","940,4%","1198,1%","2575,8%","59,6%","12,7%",Chính thức
,435,PJT,Vận tải thủy PETROLIMEX,HOSE,Hàng & Dịch vụ Công nghiệp,Vận tải Thủy,Vận tải Thủy,  214 ,  8.600 ,"1,2%","-8,4%","-12,0%","-9,5%",  4 ,"  0,0 ","6,8%",  836 ,"-6,1%","  11,0 ","  8,4 ","  10,3 ","  0,8 ","  0,7 ","  187,8 ","23,2%","-12,1%","12,0%","9,0%","2,3%","12,8%","12,9%","  7,1 ","34,0%","-43,5%","-57,7%","42,8%","160,6%","94,2%","-6,1%","  7,1 ","34,0%","-43,5%","-57,7%","42,8%","160,6%","94,2%","-6,1%",Chính thức
,436,TDS,Thép Thủ Đức,UPCoM,Tài nguyên Cơ bản,Thép và sản phẩm thép,Thép và sản phẩm thép,  97 ,  7.956 ,"-7,3%","-3,0%","-4,7%","-2,5%",  10 ,"  0,1 ","4,0%",  327 ,"-54,8%","  (96,0)","  11,0 ","  24,3 ","  0,5 ","  0,4 ","  835,6 ",,"18,4%","59,4%","72,1%","61,6%","108,3%",,"  4,1 ","102,4%","-21,7%","144,4%","124,1%","-94,6%","89,6%","-42,1%","  4,1 ","102,4%","-21,7%","144,4%","124,1%","-94,6%","89,6%","-42,1%",Chính thức
,437,SCJ,Xi măng Sài Sơn,UPCoM,Xây dựng và Vật liệu,Vật liệu xây dựng & Nội thất,Vật liệu xây dựng & Nội thất,  162 ,  2.800 ,"-3,5%","0,0%","-15,2%","-24,3%",  6 ,"  0,0 ","2,2%",  217 ,"-19,4%","  5,5 ","  10,4 ","  12,9 ","  0,3 ","  0,2 ","  199,6 ","16,5%","-12,6%","-5,7%","-12,1%","-15,2%","-21,2%","7,1%","  1,0 ","8,3%","-1043,0%","146,2%","20,4%","-40,0%","132,4%","10,7%","  1,0 ","8,3%","-1043,0%","146,2%","20,4%","-40,0%","132,4%","10,7%",Chính thức
,438,NFC,Phân lân Ninh Bình,HNX,Hóa chất,"Sản phẩm hóa dầu, Nông dược & Hóa chất khác",Phân bón,  1.023 ,  65.000 ,"4,7%","4,8%","2,9%","17,5%",  2 ,"  0,1 ","49,6%",  9.154 ,"-6,5%","  8,4 ","  6,6 ","  7,1 ","  1,9 ","  2,7 ","  515,1 ","36,2%","61,8%","25,4%","7,9%","40,7%","13,8%","14,7%","  54,0 ","37,5%","273,5%","76,2%","283,1%","201,1%","39,2%","3,8%","  54,0 ","37,5%","273,5%","76,2%","283,1%","201,1%","39,2%","3,8%",Chính thức
,439,HID,Halcom Vietnam,HOSE,Xây dựng và Vật liệu,Xây dựng,Xây dựng,  350 ,  4.560 ,"-6,8%","-8,8%","-29,1%","-27,4%",  671 ,"  3,3 ","-6,9%",  129 ,"118,4%","  23,7 ","  (6,5)","  35,2 ","  0,3 ","  0,5 ","  75,8 ","12,7%","179,6%","57,8%","124,6%","-23,0%","-37,6%","9,7%","  (15,0)","-81,0%","-106,6%","-62,2%","1236,8%","-644,4%","-1429,4%","124,7%","  (13,4)","-134,4%","-97,7%","-36,6%","697,9%","-1122,0%","-3322,6%","124,7%",Chính thức
,440,CCT,Cảng Cần Thơ,UPCoM,Hàng & Dịch vụ Công nghiệp,"Kho bãi, hậu cần và bảo dưỡng","Kho bãi, hậu cần và bảo dưỡng",  253 ,  8.900 ,"-15,2%","-15,2%","-22,6%","-22,6%",  0 ,"  0,0 ","2,0%",  303 ,"55,4%","  71,4 ","  47,2 ","  29,3 ","  1,1 ","  0,9 ","  37,4 ","16,9%","-4,7%","29,6%","42,2%","18,9%","13,3%","16,2%","  2,5 ","28,7%","220,1%","-25,2%","13,2%","14,6%","3,0%","62,9%","  2,5 ","28,7%","220,1%","-25,2%","13,2%","14,6%","3,0%","62,9%",Chính thức
,441,SPB,Sợi Phú Bài,UPCoM,Hàng cá nhân & Gia dụng,Hàng May mặc,Hàng May mặc,  200 ,  15.000 ,"3,5%","3,5%","-13,8%","-5,1%",  0 ,"  0,0 ","6,5%",  1.804 ,"45,3%","  10,1 ","  12,1 ","  8,3 ","  1,1 ","  0,8 ","  280,1 ","22,9%","-20,8%","-7,6%","-5,6%","-28,5%","8,8%","10,3%","  3,5 ","14,7%","27,0%","-9,4%","794,4%","-81,1%","-37,1%","9,4%","  3,5 ","14,7%","27,0%","-9,4%","794,4%","-81,1%","-37,1%","9,4%",Chính thức
,442,BCE,XD và GT Bình Dương,HOSE,Xây dựng và Vật liệu,Xây dựng,Xây dựng,  380 ,  10.850 ,"-1,4%","-3,1%","-6,5%","-0,5%",  52 ,"  0,6 ","20,1%",  3.029 ,"24,0%","  10,0 ","  4,4 ","  3,6 ","  0,8 ","  0,8 ","  63,0 ","2,7%","-11,4%","612,3%","1735,2%","121,0%","571,8%","167,9%","  (21,4)","-20,1%","-8,2%","147,1%","131,9%","-2,4%","-318,8%","4,2%","  (21,4)","-20,1%","-8,2%","147,1%","131,9%","-2,4%","-318,8%","4,2%",Chính thức
,443,FCS,Lương thực TP Hồ Chí Minh,UPCoM,Thực phẩm và đồ uống,Thực phẩm,Thực phẩm khác,  121 ,  4.100 ,"-21,2%","-40,6%","-29,3%","-32,8%",  0 ,"  0,0 ","1,3%",  -   ,"0,0%","  87,3 ","  158,8 ",  -   ,"  3,7 ","  2,0 ","  79,7 ",,"-30,4%","-31,1%","-4,7%","-9,1%","7,7%",,"  (0,6)",,"-494,7%","-1860,1%","109,0%","992,9%","48,5%",,"  (0,6)",,"-494,7%","-1860,1%","109,0%","992,9%","48,5%",,Chính thức
,444,CMD,VLXD và Nội thất TP.HCM,UPCoM,Xây dựng và Vật liệu,Vật liệu xây dựng & Nội thất,Vật liệu xây dựng & Nội thất,  212 ,  18.890 ,"-0,7%","-0,9%","-12,6%","-14,3%",  4 ,"  0,1 ","13,2%",  -   ,"0,0%","  7,9 ","  6,7 ",  -   ,"  1,0 ","  0,9 ","  227,5 ",,"-0,6%","14,3%","16,9%","23,4%","46,4%",,"  8,9 ",,"-7,8%","-9,0%","-2,7%","22,8%","4,5%",,"  8,9 ",,"-7,8%","-9,0%","-2,7%","22,8%","4,5%",,Chính thức
,445,QHD,Que hàn Việt Đức,HNX,Hàng & Dịch vụ Công nghiệp,Công nghiệp phức hợp,Công nghiệp phức hợp,  358 ,  54.000 ,"0,0%","0,0%","14,2%","14,2%",  0 ,"  0,0 ","21,2%",  2.172 ,"-47,7%","  11,2 ","  13,0 ","  24,9 ","  1,8 ","  2,7 ","  131,7 ","26,9%","21,8%","31,1%","33,5%","14,3%","38,0%","10,8%","  8,1 ","56,1%","-14,3%","64,9%","309,6%","171,8%","63,9%","-40,9%","  8,1 ","56,1%","-14,3%","64,9%","309,6%","171,8%","63,9%","-40,9%",Chính thức
,446,LAF,Chế biến Hàng XK Long An,HOSE,Thực phẩm và đồ uống,Thực phẩm,Thực phẩm khác,  260 ,  17.100 ,"1,5%","-1,2%","1,7%","-2,6%",  4 ,"  0,1 ","17,1%",  2.942 ,"5,3%","  7,0 ","  6,1 ","  5,8 ","  1,1 ","  1,0 ","  134,0 ","19,1%","-22,5%","18,7%","21,7%","85,2%","76,8%","13,6%","  6,3 ","14,0%","-29,5%","22,7%","-41,5%","-0,5%","63,0%","11,7%","  6,3 ","14,0%","-29,5%","22,7%","-41,5%","-0,5%","63,0%","11,7%",Chính thức
,447,LAW,Cấp thoát nước Long An,UPCoM,Tiện ích,Nước,Nước,  348 ,  28.500 ,"-4,4%","-13,6%","-17,2%","-13,6%",  0 ,"  0,0 ","15,0%",  2.308 ,"-14,1%","  16,8 ","  10,6 ","  12,3 ","  1,6 ","  1,6 ","  98,2 ","26,9%","10,6%","11,2%","10,0%","8,5%","13,3%","1,9%","  8,6 ","30,7%","8,2%","352,2%","9,2%","-140,2%","53,9%","-5,6%","  8,6 ","30,7%","8,2%","352,2%","9,2%","-140,2%","53,9%","-5,6%",Chính thức
,448,VDL,Thực phẩm Lâm Đồng,HNX,Thực phẩm và đồ uống,Vang & Rượu mạnh,Vang & Rượu mạnh,  210 ,  14.300 ,"0,0%","45,9%","43,0%","57,1%",  2 ,"  0,0 ","5,0%",  -   ,"0,0%","  8,1 ","  26,7 ",  -   ,"  1,0 ","  1,3 ","  26,8 ",,"-52,0%","30,6%","18,1%","5,4%","37,7%",,"  4,7 ",,"110,6%","41,8%","250,6%","75,5%","391,5%",,"  4,7 ",,"110,6%","41,8%","250,6%","75,5%","391,5%",,Chính thức
,449,HVH,Đầu tư và Công nghệ HVC,HOSE,Xây dựng và Vật liệu,Xây dựng,Xây dựng,  740 ,  11.650 ,"-2,5%","-4,1%","-10,4%","-13,1%",  100 ,"  1,2 ","8,1%",  -   ,"0,0%","  16,3 ","  12,4 ",  -   ,"  0,8 ","  1,4 ","  286,5 ",,"-28,4%","13,6%","90,2%","250,5%","283,5%",,"  23,9 ",,"-35,3%","12,8%","115,0%","115,5%","301,3%",,"  23,8 ",,"-36,1%","12,0%","130,3%","114,7%","307,9%",,Chính thức
,450,KMR,MIRAE,HOSE,Hàng cá nhân & Gia dụng,Hàng May mặc,Hàng May mặc,  156 ,  2.740 ,"0,7%","0,7%","-6,5%","-7,4%",  18 ,"  0,1 ","0,8%",  106 ,"16,8%","  33,4 ","  30,1 ","  25,8 ","  0,3 ","  0,2 ","  84,3 ","26,9%","9,9%","-45,5%","-38,3%","-34,0%","-21,7%","6,0%","  0,2 ","2,7%","33,0%","-76,5%","-1649,2%","44,7%","-76,1%","6,0%","  0,2 ","2,7%","33,0%","-76,5%","-1649,2%","44,7%","-76,1%","6,0%",Chính thức
,451,CDP,Dược phẩm TW Codupha,UPCoM,Y tế,Dược phẩm,Y tế,  252 ,  13.854 ,"-13,4%","-15,8%","26,0%","15,5%",  56 ,"  0,8 ","16,3%",  1.716 ,"-15,1%","  10,0 ","  6,9 ","  8,1 ","  0,9 ","  1,1 ","  598,0 ","17,3%","13,4%","-18,0%","15,0%","7,0%","-12,8%","5,0%","  8,5 ","27,2%","77,4%","54,4%","47,9%","219,2%","39,9%","-11,7%","  8,5 ","27,2%","77,4%","54,4%","47,9%","219,2%","39,9%","-11,7%",Chính thức
,452,SMA,Thiết bị Phụ tùng Sài Gòn,HOSE,Tiện ích,Sản xuất & Phân phối Điện,Sản xuất & Phân phối Điện,  193 ,  9.500 ,"5,6%","-5,0%","14,5%","11,8%",  6 ,"  0,1 ","6,4%",  973 ,"30,1%","  33,8 ","  12,7 ","  9,8 ","  0,8 ","  0,8 ","  5,5 ","7,1%","-16,5%","49,6%","1,8%","22,1%","49,3%","0,7%","  (5,1)","-25,5%","12,5%","236,5%","-55,7%","16,9%","29,5%","51,2%","  (5,1)","-25,5%","12,5%","236,5%","-55,7%","16,9%","29,5%","51,2%",Chính thức
,453,LGL,Long Giang Land,HOSE,Bất động sản,Bất động sản,Bất động sản công nghiệp,  324 ,  6.290 ,"10,5%","31,0%","-3,5%","3,0%",  86 ,"  0,5 ","2,6%",  -   ,"0,0%","  2,1 ","  18,5 ",  -   ,"  0,3 ","  0,5 ","  6,9 ",,"17,9%","-81,4%","-80,3%","-76,9%","-80,1%",,"  1,6 ",,"239,4%","109,7%","78,6%","228,1%","-63,8%",,"  1,6 ",,"226,0%","109,4%","78,7%","227,4%","-63,8%",,Chính thức
,454,NSL,Cấp nước Sơn La,UPCoM,Tiện ích,Nước,Nước,  225 ,  18.000 ,"0,0%","0,0%","-12,2%","-12,2%",  0 ,"  0,0 ","5,1%",  1.220 ,"124,1%","  13,7 ","  33,1 ","  14,8 ","  1,8 ","  1,7 ","  38,8 ","24,5%","3,6%","-0,6%","3,5%","-0,5%","11,0%","11,7%","  5,9 ","38,9%","-29,4%","-79,4%","-23,7%","-14,8%","-5,8%","112,6%","  5,9 ","38,9%","-29,4%","-79,4%","-23,7%","-14,8%","-5,8%","112,6%",Chính thức
,455,NAP,Cảng Nghệ Tĩnh,HNX,Hàng & Dịch vụ Công nghiệp,"Kho bãi, hậu cần và bảo dưỡng","Kho bãi, hậu cần và bảo dưỡng",  237 ,  11.000 ,"0,0%","8,9%","-1,8%","4,8%",  0 ,"  0,0 ","10,6%",  837 ,"-32,6%","  10,6 ","  8,9 ","  13,1 ","  0,9 ","  0,9 ","  63,4 ","22,3%","-9,0%","30,9%","21,1%","41,5%","5,9%","15,4%","  6,3 ","34,9%","-36,5%","190,9%","94,9%","13,5%","47,7%","-27,0%","  6,3 ","34,9%","-36,5%","190,9%","94,9%","13,5%","47,7%","-27,0%",Chính thức
,456,VGP,Cảng Rau Quả,HNX,Hàng & Dịch vụ Công nghiệp,"Kho bãi, hậu cần và bảo dưỡng","Kho bãi, hậu cần và bảo dưỡng",  198 ,  25.300 ,"-0,8%","1,6%","-6,6%","-8,0%",  16 ,"  0,4 ","7,0%",  2.203 ,"-0,1%","  12,2 ","  11,5 ","  11,5 ","  1,0 ",  -   ,"  3.378,2 ","27,6%","78,3%","-5,9%","36,5%","-17,9%","12,6%","3,1%","  0,4 ","2,3%","9,2%","1,1%","-6,3%","2,3%","1,9%","0,0%","  0,4 ","2,3%","9,2%","1,1%","-6,3%","2,3%","1,9%","0,0%",Chính thức
,457,TNB,Thép Nhà Bè,UPCoM,Tài nguyên Cơ bản,Thép và sản phẩm thép,Thép và sản phẩm thép,  265 ,  9.000 ,"1,1%","0,9%","-9,1%","-9,1%",  0 ,"  0,0 ","3,0%",  136 ,"-60,5%","  22,8 ","  26,1 ","  66,2 ","  0,9 ","  0,8 ","  704,5 ","35,4%","14,1%","18,7%","80,3%","39,2%","110,5%","4,7%","  5,3 ","131,3%","-90,3%","601,8%","116,3%","-76,1%","6972,7%","-19,3%","  5,3 ","131,3%","-90,3%","601,8%","116,3%","-76,1%","6972,7%","-19,3%",Chính thức
,458,PVL,Địa ốc Dầu khí,UPCoM,Bất động sản,Bất động sản,Bất động sản dân cư,  150 ,  3.000 ,"-9,1%","-5,5%","-28,6%","-18,9%",  26 ,"  0,1 ","0,3%",  32 ,"318,3%","  (35,2)","  392,3 ","  93,8 ","  1,1 ","  1,0 ","  2,6 ","12,8%","-94,6%","-58,5%","166,2%","9753,2%","19321,0%","773,6%","  1,3 ","78,3%","-7,6%","-315,3%","136,1%","98,4%","181,7%","166,6%","  1,3 ","78,3%","-7,6%","-315,3%","136,1%","98,4%","181,7%","166,6%",Chính thức
,459,PJC,TM và Vận tải Petrolimex HN,HNX,Tiện ích,Phân phối xăng dầu & khí đốt,Phân phối xăng dầu & khí đốt,  200 ,  27.300 ,"9,6%","-10,8%","-4,3%","2,5%",  0 ,"  0,0 ","28,1%",  4.845 ,"-20,0%","  6,6 ","  4,5 ","  5,6 ","  1,3 ",  -   ,"  403,3 ","25,9%","-1,0%","0,2%","14,4%","20,4%","39,2%","20,6%","  15,1 ","42,5%","31,4%","25,8%","50,9%","45,0%","107,0%","-3,0%","  15,1 ","42,5%","31,4%","25,8%","50,9%","45,0%","107,0%","-3,0%",Chính thức
,460,PCE,Phân bón và Hóa chất DK Miền Trung,HNX,Hóa chất,"Sản phẩm hóa dầu, Nông dược & Hóa chất khác",Phân bón,  199 ,  19.900 ,"1,0%","0,0%","3,7%","6,4%",  2 ,"  0,0 ","14,9%",  2.094 ,"-28,8%","  9,0 ","  6,8 ","  9,5 ","  1,0 ",  -   ,"  1.239,0 ","30,2%","37,3%","28,5%","-15,0%","-2,4%","26,5%","12,9%","  10,7 ","51,0%","1,7%","26,6%","-55,0%","-47,1%","60,2%","-17,5%","  10,7 ","51,0%","1,7%","26,6%","-55,0%","-47,1%","60,2%","-17,5%",Chính thức
,461,PTC,Đầu tư ICAPITAL,HOSE,Xây dựng và Vật liệu,Xây dựng,Xây dựng,  219 ,  6.800 ,"-9,3%","0,0%","6,3%","2,4%",  25 ,"  0,2 ","11,7%",  -   ,"0,0%","  4,9 ","  4,5 ",  -   ,"  0,5 ","  0,5 ","  0,0 ",,"200,0%","276,6%",,,,,"  4,4 ",,"183,3%","-21,4%","501,8%","45,7%","1,5%",,"  4,4 ",,"183,3%","-21,4%","501,8%","45,7%","1,5%",,Chính thức
,462,SVT,Công nghệ SG Viễn Đông,HOSE,Bán lẻ,Dịch vụ tiêu dùng chuyên ngành,Sản xuất giấy,  188 ,  10.850 ,"-4,4%","-4,8%","-3,6%","-1,8%",  7 ,"  0,1 ","9,5%",  1.294 ,"0,6%","  8,0 ","  8,4 ","  8,4 ","  0,9 ","  0,8 ","  7,0 ","15,5%",,,"723,6%","978,6%","924,2%","214,0%","  0,3 ","1,1%","13,0%","-42,5%","-39,6%","58,5%","-94,8%","-16,6%","  0,3 ","1,1%","13,0%","-42,5%","-39,6%","58,5%","-94,8%","-16,6%",Chính thức
,463,KGM,XNK Kiên Giang,UPCoM,Bán lẻ,Bán lẻ phức hợp,Bán lẻ,  142 ,  5.600 ,"-2,1%","-2,9%","3,7%","0,0%",  9 ,"  0,1 ","5,6%",  535 ,"-11,5%","  20,5 ","  9,3 ","  10,5 ","  0,7 ",  -   ,"  628,2 ","17,1%","-14,7%","-15,7%","-31,7%","-57,3%","-54,2%","-29,7%","  4,5 ","33,4%","14,7%","19,3%","184,5%","103,2%","24,1%","-6,1%","  4,5 ","33,4%","14,7%","19,3%","184,5%","103,2%","24,1%","-6,1%",Chính thức
,464,HMH,Tập đoàn Hải Minh,HNX,Hàng & Dịch vụ Công nghiệp,Dịch vụ vận tải,"Kho bãi, hậu cần và bảo dưỡng",  235 ,  17.000 ,"4,2%","-5,6%","1,3%","12,0%",  1 ,"  0,0 ","11,9%",  1.497 ,"-28,4%","  19,8 ","  8,4 ","  11,4 ","  0,9 ","  0,9 ","  30,7 ","20,5%","22,5%","11,1%","7,4%","12,4%","10,8%","23,2%","  12,4 ","59,8%","299,5%","-19,6%","-20,6%","187,4%","11,2%","-23,0%","  12,4 ","59,7%","302,1%","-19,1%","-20,5%","183,5%","10,6%","-23,0%",Chính thức
,465,MES,Cơ điện Công trình,UPCoM,Xây dựng và Vật liệu,Xây dựng,Xây dựng,  186 ,  10.000 ,"0,0%","0,0%","0,0%","0,0%",  -   ,  -   ,"0,5%",  3 ,"-93,2%","  (351,8)","  252,6 ","  3.720,0 ","  1,1 ","  1,1 ","  1,2 ","7,6%","7,1%","-40,7%","-6,9%","-62,1%","144,8%","648,5%","  (0,0)","-49,3%","-16,1%","783,3%","-92,9%","480,3%","95,3%","-78,9%","  (0,0)","-49,3%","-16,1%","783,3%","-92,9%","480,3%","95,3%","-78,9%",Chính thức
,466,GIC,ĐT Dịch vụ và PT Xanh,HNX,Hàng & Dịch vụ Công nghiệp,"Kho bãi, hậu cần và bảo dưỡng","Kho bãi, hậu cần và bảo dưỡng",  277 ,  10.900 ,"7,9%","5,8%","-1,7%","-3,1%",  10 ,"  0,1 ","5,9%",  487 ,"-48,9%","  11,3 ","  19,5 ","  22,4 ","  0,8 ","  1,1 ","  40,0 ","26,7%","4,6%","0,5%","-6,9%","-5,1%","9,3%","-3,8%","  2,3 ","18,7%","-2,8%","-15,7%","-33,3%","28,8%","-14,3%","-15,0%","  2,3 ","18,7%","-2,8%","-15,7%","-33,3%","28,8%","-14,3%","-15,0%",Chính thức
,467,THP,Thủy sản và TMại Thuận Phước,UPCoM,Thực phẩm và đồ uống,Nuôi trồng nông & hải sản,Nuôi trồng thủy hải sản,  192 ,  8.900 ,"1,1%","1,1%","-9,2%","-13,6%",  2 ,"  0,0 ","10,7%",  370 ,"-80,1%","  10,9 ","  4,8 ","  24,0 ","  0,5 ","  0,5 ","  654,9 ","24,3%","1,2%","-8,2%","18,9%","17,1%","-0,1%","-18,3%","  3,7 ","45,8%","614,7%","-6,7%","154,1%","614,3%","21,1%","-79,7%","  3,7 ","45,8%","614,7%","-6,7%","154,1%","614,3%","21,1%","-79,7%",Chính thức
,468,TTB,Tập đoàn Tiến Bộ,UPCoM,Xây dựng và Vật liệu,Vật liệu xây dựng & Nội thất,Vật liệu xây dựng & Nội thất,  183 ,  1.800 ,"0,0%","0,0%","0,0%","0,0%",  -   ,  -   ,"0,0%",  -   ,"0,0%","  295,1 ","  943,3 ",  -   ,"  0,2 ","  0,2 ","  35,1 ",,"308,8%","-21,2%","68,7%","25,4%","7,0%",,"  0,1 ",,"115,5%","116,2%","113,7%","-96,2%","7,5%",,"  0,1 ",,"115,5%","116,2%","113,7%","-96,2%","7,5%",,Chính thức
,469,SED,Phát triển GD Phương Nam,HNX,Truyền thông,"Sách, ấn bản & sản phẩm văn hóa","Sách, ấn bản & sản phẩm văn hóa",  162 ,  17.500 ,"-3,9%","-5,9%","-6,9%","-11,6%",  8 ,"  0,2 ","10,3%",  3.210 ,"-17,7%","  4,2 ","  4,5 ","  5,5 ","  0,6 ","  0,5 ","  47,7 ","3,8%","-19,5%","9,5%","-37,7%","-55,9%","-33,0%","14,7%","  2,0 ","6,7%","-51,7%","32,7%","-48,6%","-96,9%","-2,2%","-17,8%","  2,0 ","6,7%","-51,7%","32,7%","-48,6%","-96,9%","-2,2%","-17,8%",Chính thức
,470,HU4,Đầu tư và Xây dựng HUD4,UPCoM,Xây dựng và Vật liệu,Xây dựng,Xây dựng,  140 ,  9.309 ,"-5,0%","-11,3%","-17,6%","-16,9%",  8 ,"  0,1 ","12,1%",  1.707 ,"-4,8%","  193,5 ","  5,2 ","  5,5 ","  0,9 ",  -   ,"  42,8 ","10,7%","156,6%","234,0%","151,3%","158,3%","5,5%","-18,6%","  1,6 ","6,2%","1771,2%","836,8%","38,1%","-62,9%","-14,0%","-5,7%","  1,6 ","6,2%","1771,2%","836,8%","38,1%","-62,9%","-14,0%","-5,7%",Chính thức
,471,TNW,Nước sạch Thái Nguyên,UPCoM,Tiện ích,Nước,Nước,  203 ,  12.700 ,"0,8%","5,8%","-14,8%","1,6%",  1 ,"  0,0 ","10,2%",  621 ,"-55,2%","  (14,8)","  9,2 ","  20,5 ","  0,8 ","  0,9 ","  59,1 ","23,1%","2,7%","12,7%","8,1%","7,8%","7,9%","3,1%","  8,0 ","80,4%","333,5%","101,4%","-22,0%","508,6%","80,7%","-46,2%","  8,0 ","80,4%","333,5%","101,4%","-22,0%","508,6%","80,7%","-46,2%",Chính thức
,472,TOT,Vận tải Transimex,HNX,Hàng & Dịch vụ Công nghiệp,Dịch vụ vận tải,Dịch vụ vận tải,  151 ,  16.400 ,"2,5%","3,8%","2,5%","3,8%",  2 ,"  0,0 ","21,8%",  2.576 ,"-21,4%","  5,7 ","  5,0 ","  6,4 ","  1,2 ","  1,0 ","  98,6 ","24,9%","-4,5%","11,6%","15,9%","30,9%","69,5%","36,4%","  8,7 ","36,5%","-46,3%","24,8%","4,3%","35,6%","209,7%","-2,4%","  8,7 ","36,5%","-46,3%","24,8%","4,3%","35,6%","209,7%","-2,4%",Chính thức
,473,TCR,Gốm sứ TAICERA,HOSE,Xây dựng và Vật liệu,Vật liệu xây dựng & Nội thất,Vật liệu xây dựng & Nội thất,  114 ,  2.510 ,"-4,6%","-10,0%","-22,3%","-11,3%",  12 ,"  0,0 ","0,4%",  -   ,"0,0%","  (0,4)","  92,3 ",  -   ,"  0,4 ","  0,3 ","  187,8 ",,"11,6%","-6,7%","-5,7%","-9,2%","-0,6%",,"  (20,5)",,"-14,5%","-182,4%","86,3%","404,9%","-0,5%",,"  (20,5)",,"-14,5%","-182,4%","86,3%","404,9%","-0,5%",,Chính thức
,474,TTH,TM và DV Tiến Thành,HNX,Tài nguyên Cơ bản,Thép và sản phẩm thép,Bán lẻ,  86 ,  2.300 ,"0,0%","-4,2%","4,6%","0,0%",  111 ,"  0,3 ","-5,4%",  -   ,"0,0%","  24,2 ","  (4,0)",  -   ,"  0,3 ","  0,2 ","  142,5 ",,"-39,8%","-25,3%","-36,4%","-31,2%","6,1%",,"  (0,7)",,"-84,8%","52,4%","-418,6%","-395,8%","-213,4%",,"  (0,7)",,"-84,8%","52,4%","-418,6%","-395,8%","-213,4%",,Chính thức
,475,GMX,Gạch ngói Mỹ Xuân,HNX,Xây dựng và Vật liệu,Vật liệu xây dựng & Nội thất,Vật liệu xây dựng & Nội thất,  147 ,  16.300 ,"-1,2%","-1,8%","-1,2%","10,1%",  4 ,"  0,1 ","16,1%",  1.944 ,"-6,5%","  8,0 ","  7,8 ","  8,4 ","  1,4 ","  1,3 ","  43,5 ","24,8%","17,8%","-3,5%","0,3%","15,9%","46,8%","0,9%","  2,8 ","16,0%","4,4%","-20,7%","12,6%","36,9%","79,9%","0,2%","  2,8 ","16,0%","4,4%","-20,7%","12,6%","36,9%","79,9%","0,2%",Chính thức
,476,CAT,Thủy sản Cà Mau,UPCoM,Thực phẩm và đồ uống,Nuôi trồng nông & hải sản,Nuôi trồng thủy hải sản,  199 ,  14.349 ,"-3,4%","-0,9%","-25,1%","-20,3%",  28 ,"  0,4 ","30,6%",  2.480 ,"-58,3%","  5,5 ","  17,7 ","  5,8 ","  1,1 ","  1,0 ","  155,7 ","18,7%",,,,,#DIV/0!,"-3,0%","  11,2 ","32,7%",,,,,#DIV/0!,"-38,8%","  11,2 ","32,7%",, , , ,#DIV/0!,"-38,8%",Chính thức
,477,DIH,PT Xây dựng Hội An,HNX,Xây dựng và Vật liệu,Xây dựng,Xây dựng,  61 ,  8.900 ,"-5,3%","-5,3%","-15,2%","-20,5%",  6 ,"  0,1 ","4,4%",  -   ,"0,0%","  (1,9)","  10,7 ",  -   ,"  1,0 ","  0,5 ","  76,1 ",,"9134,7%","-8,3%","-94,5%","88,2%","-63,9%",,"  5,1 ",,"1453,8%","668,8%","-99,7%","-66,1%","-67,8%",,"  5,1 ",,"1453,8%","668,8%","-99,7%","-66,1%","-67,8%",,Chính thức
,478,TDT,Đầu tư và Phát triển TDT,HNX,Hàng cá nhân & Gia dụng,Hàng May mặc,Hàng May mặc,  189 ,  7.900 ,"2,6%","14,5%","17,9%","17,9%",  66 ,"  0,5 ","7,3%",  1.728 ,"100,5%","  12,1 ","  9,2 ","  4,6 ","  0,6 ","  0,7 ","  188,9 ","24,2%","33,8%","34,6%","-1,0%","-3,8%","92,2%","24,3%","  3,9 ","9,4%","159,9%","55,6%","91,3%","-40,0%","764,9%","140,5%","  3,9 ","9,4%","159,9%","55,6%","91,3%","-40,0%","764,9%","140,5%",Chính thức
,479,BRC,Cao su Bến Thành,HOSE,Hóa chất,"Nhựa, cao su & sợi",Cao su,  146 ,  11.800 ,"-5,6%","-3,7%","-4,8%","-5,6%",  2 ,"  0,0 ","10,0%",  -   ,"0,0%","  7,9 ","  6,9 ",  -   ,"  0,8 ","  0,7 ","  95,3 ",,"33,2%","10,6%","-10,1%","-4,3%","-2,7%",,"  4,6 ",,"-3,7%","14,8%","-29,1%","15,7%","10,5%",,"  4,6 ",,"-3,7%","14,8%","-29,1%","15,7%","10,5%",,Chính thức
,480,SDA,XKLĐ Sông Đà,HNX,Hàng & Dịch vụ Công nghiệp,Đào tạo & Việc làm,Đào tạo & Việc làm,  42 ,  1.600 ,"-11,1%","-15,8%","-30,4%","-30,4%",  32 ,"  0,1 ","3,6%",  -   ,"0,0%","  242,6 ","  13,4 ",  -   ,"  0,7 ","  0,5 ","  10,2 ",,"-38,3%","-54,7%","-46,2%","-49,0%","131,2%",,"  2,9 ",,"86,8%","53,1%","-464,1%","-28,3%","9883,4%",,"  2,9 ",,"86,8%","53,1%","-464,1%","-28,3%","9883,4%",,Chính thức
,481,RCL,Địa Ốc Chợ Lớn,HNX,Bất động sản,Bất động sản,Bất động sản dân cư,  167 ,  11.800 ,"5,4%","6,3%","-7,8%","-4,8%",  4 ,"  0,0 ","2,8%",  623 ,"9,9%","  110,4 ","  20,8 ","  19,0 ","  0,6 ","  0,6 ","  2,5 ","4,1%","-51,8%","97,4%","4,5%","193,0%","-1,6%","151,6%","  0,1 ","1,3%","-62,6%","36,6%","-75,8%","1153,5%","72,9%","10,5%","  0,1 ","1,3%","-62,6%","36,6%","-75,8%","1153,5%","72,9%","10,5%",Chính thức
,482,PPT,Petro Times,HNX,Tiện ích,Phân phối xăng dầu & khí đốt,Phân phối xăng dầu & khí đốt,  304 ,  15.500 ,"-1,9%","0,7%","0,7%","2,0%",  215 ,"  3,3 ","5,9%",  537 ,"-13,5%","  25,4 ","  25,0 ","  28,9 ","  1,2 ","  1,5 ","  1.095,4 ","20,9%","0,7%","-2,2%","29,0%","23,8%","15,0%","15,0%","  4,7 ","44,2%","0,1%","10,7%","17,8%","-8,6%","128,8%","127,9%","  4,7 ","44,2%","0,1%","10,7%","17,8%","-8,6%","128,8%","127,9%",Chính thức
,483,HGT,Du lịch Hương Giang,UPCoM,Du lịch và Giải trí,Vận tải hành khách & Du lịch,Vận tải hành khách & Du lịch,  242 ,  12.100 ,"0,0%","0,0%","0,0%","0,0%",  -   ,  -   ,"-8,5%",  (125),"85,1%","  4,3 ","  (14,5)","  (96,9)","  1,2 ","  1,3 ","  14,0 ","20,0%","1,2%","-34,2%","-53,7%","-41,7%","5,7%","81,9%","  5,0 ","-201,0%","76,9%","89,3%","-106,3%","-121,9%","174,7%","87,4%","  5,0 ","-201,0%","76,9%","89,3%","-106,3%","-121,9%","174,7%","87,4%",Chính thức
,484,NBP,Nhiệt điện Ninh Bình,HNX,Tiện ích,Sản xuất & Phân phối Điện,Sản xuất & Phân phối Điện,  96 ,  7.500 ,"0,0%","-2,6%","-2,6%","0,0%",  7 ,"  0,1 ","4,3%",  -   ,"0,0%","  3,4 ","  9,4 ",  -   ,"  0,6 ","  0,4 ","  73,0 ",,"-87,3%","-71,4%","-29,9%","-74,6%","57,3%",,"  7,2 ",,"148,2%","721,7%","82,5%","89,0%","42,7%",,"  7,2 ",,"148,2%","721,7%","82,5%","89,0%","42,7%",,Chính thức
,485,GMH,Minh Hưng Quảng Trị,HOSE,Xây dựng và Vật liệu,Vật liệu xây dựng & Nội thất,Vật liệu xây dựng & Nội thất,  123 ,  7.480 ,"-2,9%","-4,7%","3,3%","1,1%",  2 ,"  0,0 ","9,9%",  1.000 ,"-9,2%","  13,3 ","  6,8 ","  7,5 ","  0,8 ","  0,7 ","  13,3 ","13,2%","34,4%","55,1%","-6,9%","-5,0%","-34,5%","-2,2%","  2,4 ","14,3%","1930,3%","433,4%","92,7%","131,3%","17,7%","-7,4%","  2,4 ","14,3%","1930,3%","433,4%","92,7%","131,3%","17,7%","-7,4%",Chính thức
,486,CPA,Cà phê Phước An,UPCoM,Thực phẩm và đồ uống,Đồ uống & giải khát,Đồ uống & giải khát,  213 ,  9.000 ,"0,0%","-4,3%","1,1%","16,9%",  0 ,"  0,0 ","-11,3%",  -   ,"0,0%","  (12,4)","  (52,1)",  -   ,"  3,5 ","  6,8 ","  2,7 ",,"-57,5%","-35,7%","-0,8%","5,8%","-13,5%",,"  0,2 ",,"14,2%","136,0%","73,0%","69,7%","112,2%",,"  0,2 ",,"14,2%","136,0%","73,0%","69,7%","112,2%",,Chính thức
,487,UDJ,Becamex UDJ,UPCoM,Xây dựng và Vật liệu,Xây dựng,Xây dựng,  116 ,  7.018 ,"3,0%","6,3%","3,2%","-3,5%",  15 ,"  0,1 ","2,3%",  1.125 ,"260,9%","  22,7 ","  22,5 ","  6,2 ","  0,6 ","  0,5 ","  0,0 ","0,0%","-14,6%","121,3%","252,1%","-24,6%","-99,9%","86,2%","  (1,1)","-5,9%","-210,7%","-80,6%","48,5%","290,3%","7,1%","266,9%","  (1,1)","-5,9%","-210,7%","-80,6%","48,5%","290,3%","7,1%","266,9%",Chính thức
,488,DTT,Kỹ nghệ Đô Thành,HOSE,Hóa chất,"Nhựa, cao su & sợi","Nhựa, cao su & sợi",  135 ,  16.500 ,"0,0%","0,0%","3,5%","3,1%",  0 ,"  0,0 ","11,1%",  -   ,"0,0%","  14,6 ","  8,8 ",  -   ,"  1,1 ","  0,9 ","  57,8 ",,"2,9%","-14,5%","21,0%","11,0%","25,7%",,"  4,6 ",,"-8,1%","20,0%","101,1%","-9,9%","76,8%",,"  4,6 ",,"-8,1%","20,0%","101,1%","-9,9%","76,8%",,Chính thức
,489,HAT,TM Bia Hà Nội,HNX,Thực phẩm và đồ uống,Sản xuất bia,Bia và đồ uống,  100 ,  32.000 ,"-5,9%","6,7%","-7,3%","3,2%",  1 ,"  0,0 ","18,0%",  2.121 ,"-49,0%","  7,3 ","  7,7 ","  15,1 ","  1,8 ","  1,3 ","  210,2 ","12,7%","12,7%","3,9%","9,8%","-5,5%","16,6%","17,1%","  0,4 ","5,8%","-9,8%","-76,3%","28,5%","326,6%","-0,3%","-49,0%","  0,4 ","5,8%","-9,8%","-76,3%","28,5%","326,6%","-0,3%","-49,0%",Chính thức
,490,GLW,Cấp thoát nước Gia Lai,UPCoM,Tiện ích,Nước,Nước,  248 ,  13.800 ,"0,0%","0,0%","0,0%","0,7%",  0 ,"  0,0 ","7,1%",  674 ,"-14,9%","  23,6 ","  17,4 ","  20,5 ","  1,0 ","  1,2 ","  19,3 ","23,7%","1,0%","-0,5%","-0,4%","6,3%","7,7%","11,7%","  3,7 ","30,3%","7,0%","6,7%","6,8%","26,1%","15,5%","-11,8%","  3,7 ","30,3%","7,0%","6,7%","6,8%","26,1%","15,5%","-11,8%",Chính thức
,491,SPM,S.P.M CORP,HOSE,Y tế,Dược phẩm,Y tế,  125 ,  9.100 ,"-4,2%","0,0%","-2,8%","-9,9%",  1 ,"  0,0 ","-0,2%",  -   ,"0,0%","  (1,8)","  (76,9)",  -   ,"  0,2 ","  0,2 ","  46,0 ",,"4,6%","-8,9%","-21,7%","-34,2%","-44,2%",,"  3,2 ",,"149,5%","101,0%","314,1%","-217,7%","2,1%",,"  3,2 ",,"149,5%","101,0%","314,1%","-217,7%","2,1%",,Chính thức
,492,SVG,Hơi kỹ nghệ Que hàn,UPCoM,Hàng & Dịch vụ Công nghiệp,Công nghiệp phức hợp,Công nghiệp phức hợp,  173 ,  5.900 ,"-4,8%","-14,5%","-14,5%","-15,7%",  0 ,"  0,0 ","-1,3%",  -   ,"0,0%","  (338,8)","  (43,6)",  -   ,"  0,6 ","  0,6 ","  57,9 ",,"-1,7%","12,5%","21,0%","37,1%","2,6%",,"  (4,5)",,"3,0%","-304,7%","-1642,1%","707,7%","-7992,8%",,"  (4,5)",,"3,0%","-304,7%","-1642,1%","707,7%","-7992,8%",,Chính thức
,493,PVY,Chế tạo Giàn khoan Dầu khí,UPCoM,Xây dựng và Vật liệu,Xây dựng,Xây dựng,  125 ,  2.100 ,"-4,6%","-15,1%","0,0%","10,5%",  11 ,"  0,0 ","-0,1%",  -   ,"0,0%","  95,1 ","  27,5 ",  -   ,"  (0,0)","  (0,3)",  -   ,,"-20,3%","94,0%","35,3%","-5,7%",,,"  1,6 ",,"-202,1%","-97,7%","26,3%","118,6%","164,7%",,"  1,6 ",,"-202,1%","-97,7%","26,3%","118,6%","164,7%",,DN ước tính
,494,V12,VINACONEX 12,HNX,Xây dựng và Vật liệu,Xây dựng,Xây dựng,  128 ,  11.000 ,"-3,5%","12,2%","-1,8%","-6,8%",  1 ,"  0,0 ","8,1%",  1.702 ,"50,0%","  15,1 ","  9,7 ","  6,5 ","  0,9 ","  0,8 ","  112,9 ","11,3%","-11,7%","65,8%","20,2%","-1,3%","110,5%","81,5%","  3,1 ","15,4%","-14,4%","61,7%","95,1%","-10,9%","180,7%","76,3%","  3,1 ","15,4%","-14,4%","61,7%","95,1%","-10,9%","180,7%","76,3%",Chính thức
,495,THM,Tứ Hải Hà Nam,UPCoM,Hàng cá nhân & Gia dụng,Hàng May mặc,Hàng May mặc,  95 ,  7.850 ,"-7,7%","-6,6%","-7,7%","-10,8%",  8 ,"  0,1 ","0,5%",  -   ,"0,0%","  69,2 ","  137,1 ",  -   ,"  0,9 ","  0,8 ","  10,9 ",,"2,6%","-12,4%","-4,7%","-28,4%","3,5%",,"  (2,4)",,"12,6%","96,2%","5,2%","-395,3%","-31,9%",,"  (2,4)",,"12,6%","96,2%","5,2%","-395,3%","-31,9%",,Chính thức
,496,TNI,Tập đoàn Thành Nam,HOSE,Tài nguyên Cơ bản,Thép và sản phẩm thép,Thép và sản phẩm thép,  280 ,  5.330 ,"9,2%","28,7%","4,3%","6,2%",  37 ,"  0,2 ","10,9%",  236 ,"-78,1%","  (158,3)","  4,9 ","  22,6 ","  0,3 ","  0,5 ","  239,7 ","22,7%","65,3%","43,6%","-32,6%","-7,3%","14,7%","-0,3%","  6,6 ","53,7%","40,3%","4478,2%","-137,0%","292,8%","223,6%","-71,7%","  6,5 ","52,2%","41,0%","19651,7%","-138,2%","296,5%","221,4%","-71,7%",Chính thức
,497,KDM,Tập đoàn GCL,HNX,Xây dựng và Vật liệu,Xây dựng,Xây dựng,  214 ,  28.200 ,"1,1%","1,1%","-9,0%","15,1%",  26 ,"  0,8 ","-7,1%",  916 ,"229,0%","  (65,2)","  (39,7)","  30,8 ","  1,7 ","  3,0 ",  -   ,,,"-58,9%","-93,7%","45,4%",,"157,4%","  (6,2)","-88,5%","-128,3%","53,6%","-110,3%","98,6%","-7868,8%","918,9%","  (6,2)","-88,5%","-128,3%","53,6%","-110,3%","98,6%","-7868,8%","918,9%",Chính thức
,498,VCA,Thép VICASA,HOSE,Tài nguyên Cơ bản,Thép và sản phẩm thép,Thép và sản phẩm thép,  103 ,  6.800 ,"-6,6%","-8,1%","-14,1%","-16,8%",  2 ,"  0,0 ","-11,4%",  -   ,"0,0%","  (90,0)","  (5,0)",  -   ,"  0,8 ","  0,6 ","  45,7 ",,"9,9%","65,2%","-88,7%","-74,0%","-85,3%",,"  1,7 ",,"-96,9%","197,7%","-7,0%","-912,4%","4557,8%",,"  1,7 ",,"-96,9%","197,7%","-7,0%","-912,4%","4557,8%",,Chính thức
,499,KHS,Thủy sản Kiên Hùng,HNX,Thực phẩm và đồ uống,Nuôi trồng nông & hải sản,Nuôi trồng thủy hải sản,  204 ,  14.700 ,"-8,7%","-6,4%","-15,5%","-13,7%",  9 ,"  0,1 ","16,1%",  1.366 ,"-50,3%","  9,3 ","  5,4 ","  10,8 ","  0,9 ","  0,9 ","  187,0 ","47,9%","32,8%","4,4%","-8,8%","18,7%","1,4%","-46,1%","  9,1 ","48,1%","412,0%","251,8%","44,9%","76,7%","-56,7%","-65,8%","  9,1 ","48,1%","291,3%","123,6%","5,0%","20,5%","-59,6%","-65,8%",Chính thức
,500,TJC,Dịch vụ Vận tải và Thương mại,HNX,Hàng & Dịch vụ Công nghiệp,Dịch vụ vận tải,"Kho bãi, hậu cần và bảo dưỡng",  139 ,  16.200 ,"-12,4%","33,8%","85,9%","73,9%",  13 ,"  0,3 ","2,4%",  302 ,"-39,8%","  21,2 ","  28,9 ","  53,7 ","  0,8 ","  0,8 ","  0,9 ","11,7%","-3,7%","72,9%","12,7%","5,4%","-0,1%","105,0%","  1,4 ","54,7%","329,0%","87,5%","40,0%","104,7%","57,4%","-39,8%","  1,4 ","54,7%","329,0%","87,5%","40,0%","104,7%","57,4%","-39,8%",Chính thức
,501,PFL,Dầu khí Đông Đô,UPCoM,Xây dựng và Vật liệu,Xây dựng,Bất động sản dân cư,  105 ,  2.096 ,"-1,5%","-9,2%","-22,3%","-18,9%",  148 ,"  0,4 ","2,4%",  -   ,"0,0%","  43,8 ","  18,9 ",  -   ,"  0,6 ","  0,5 ","  18,8 ",,"6372,0%","373,3%","103,7%","-59,7%","-61,2%",,"  0,1 ",,"255,9%","263,5%","-3548,9%","1584,6%","-97,2%",,"  0,1 ",,"255,9%","263,5%","-3548,9%","1584,6%","-97,2%",,Chính thức
,502,IRC,Cao su Công nghiệp,UPCoM,Hóa chất,"Nhựa, cao su & sợi",Cao su,  82 ,  4.700 ,"0,0%","0,0%","0,0%","0,0%",  -   ,  -   ,"9,9%",  -   ,"0,0%","  14,3 ","  4,6 ",  -   ,"  0,7 ","  0,4 ","  1,0 ",,"-94,8%","-78,1%","-41,4%","-56,7%","235,6%",,"  (0,1)",,"47,6%","-199,0%","-368,8%","93,3%","94,0%",,"  (0,1)",,"47,6%","-199,0%","-368,8%","93,3%","94,0%",,Chính thức
,503,PSW,Phân bón hóa chất dầu khí Tây Nam Bộ,HNX,Hóa chất,"Sản phẩm hóa dầu, Nông dược & Hóa chất khác",Phân bón,  136 ,  8.000 ,"0,0%","-3,6%","3,9%","5,3%",  40 ,"  0,3 ","10,7%",  894 ,"-32,7%","  9,6 ","  6,0 ","  8,9 ","  0,7 ","  0,6 ","  875,6 ","24,3%","50,7%","49,7%","12,2%","-17,4%","-8,1%","9,9%","  7,0 ","46,3%","126,7%","1590,2%","-34,6%","-64,0%","60,3%","-23,7%","  7,0 ","46,3%","126,7%","1590,2%","-34,6%","-64,0%","60,3%","-23,7%",Chính thức
,504,SD6,Sông Đà 6,UPCoM,Xây dựng và Vật liệu,Xây dựng,Xây dựng,  73 ,  2.100 ,"5,0%","5,3%","-4,6%","-8,7%",  5 ,"  0,0 ","-22,0%",  -   ,"0,0%","  (115,8)","  (2,7)",  -   ,"  0,5 ","  0,6 ","  20,8 ",,"-55,5%","-66,8%","-85,6%","61,3%","2,1%",,"  0,1 ",,"-916,4%","28,6%","-176,2%","-562,2%","100,2%",,"  0,1 ",,"-916,4%","28,6%","-176,2%","-562,2%","100,2%",,Chính thức
,505,NAV,Tấm lợp và gỗ Nam Việt,HOSE,Xây dựng và Vật liệu,Vật liệu xây dựng & Nội thất,Vật liệu xây dựng & Nội thất,  126 ,  15.700 ,"-2,5%","-3,1%","-5,1%","-9,0%",  1 ,"  0,0 ","13,8%",  -   ,"0,0%","  6,7 ","  8,8 ",  -   ,"  1,3 ","  1,2 ","  16,5 ",,"273,8%","40,5%","-7,6%","-56,0%","-50,1%",,"  1,8 ",,"16,0%","7,1%","-39,6%","-78,2%","-19,5%",,"  1,8 ",,"16,0%","7,1%","-39,6%","-78,2%","-19,5%",,Chính thức
,506,MDG,Xây dựng Miền Đông,HOSE,Xây dựng và Vật liệu,Vật liệu xây dựng & Nội thất,Xây dựng,  358 ,  34.700 ,"-11,0%","-17,3%","-19,3%","29,5%",  9 ,"  0,4 ","40,7%",  8.504 ,"32,7%","  16,3 ","  5,4 ","  4,1 ","  1,2 ","  1,8 ","  96,1 ","20,6%","-22,2%","-59,9%","25,3%","66,4%","126,8%","94,4%","  25,9 ","29,5%","118,2%","-86,7%","263,3%","85,5%","819,3%","103,8%","  25,9 ","29,5%","118,2%","-86,7%","263,3%","85,5%","819,3%","103,8%",Chính thức
,507,QBS,Xuất nhập khẩu Quảng Bình,UPCoM,Hóa chất,"Sản phẩm hóa dầu, Nông dược & Hóa chất khác",Phân bón,  42 ,  600 ,"0,0%","13,2%","0,0%","0,0%",  87 ,"  0,1 ","-30,5%",  12 ,"101,0%","  (2,5)","  (0,5)","  52,0 ","  0,2 ","  0,2 ","  0,0 ","0,0%","-99,8%","-99,9%","-68,0%",,"-52,9%","66566,7%","  (0,6)","-75,3%","91,9%","67,8%","97,2%","1,3%","-5,4%","101,0%","  (0,6)","-75,3%","91,9%","67,8%","97,2%","1,3%","-5,4%","101,0%",Chính thức
,508,UPH,Dược phẩm TW25,UPCoM,Y tế,Dược phẩm,Y tế,  62 ,  4.700 ,"11,9%","2,2%","-40,5%","-53,1%",  0 ,"  0,0 ","1,6%",  150 ,"-21,0%","  51,7 ","  24,7 ","  31,2 ","  0,8 ","  0,4 ","  26,0 ","20,0%","-36,4%","-31,3%","10,3%","0,0%","38,1%","15,1%","  0,6 ","27,8%","-53,5%","-112,3%","44,9%","30,8%","92,8%","-11,7%","  0,6 ","27,8%","-53,5%","-112,3%","44,9%","30,8%","92,8%","-11,7%",Chính thức
,509,PTT,Vận tải Dầu khí Đông Dương,UPCoM,Hàng & Dịch vụ Công nghiệp,Dịch vụ vận tải,Vận tải Thủy,  117 ,  7.100 ,"-26,8%","-27,6%","-28,3%","-32,4%",  0 ,"  0,0 ","5,8%",  -   ,"0,0%","  13,3 ","  8,8 ",  -   ,"  1,0 ","  0,5 ","  135,8 ",,"-3,3%","28,3%","121,3%","121,5%","89,4%",,"  0,8 ",,"66,7%","-21,4%","-5,0%","-98,6%","-86,6%",,"  0,8 ",,"66,7%","-21,4%","-5,0%","-98,6%","-86,6%",,Chính thức
,510,PSE,Phân bón và hóa chất dầu khí Đông Nam Bộ,HNX,Hóa chất,"Sản phẩm hóa dầu, Nông dược & Hóa chất khác",Phân bón,  138 ,  11.000 ,"-0,9%","1,9%","3,8%","3,8%",  3 ,"  0,0 ","11,2%",  1.106 ,"-30,5%","  16,2 ","  6,9 ","  9,9 ","  0,8 ","  0,8 ","  1.094,8 ","26,5%","19,6%","47,8%","-14,3%","2,6%","42,1%","14,4%","  4,3 ","23,4%","119,3%","108,8%","-19,2%","-40,5%","-2,1%","-14,5%","  3,2 ","23,4%","119,3%","109,9%","-19,2%","-40,5%","-2,1%","-14,5%",Chính thức
,511,BSP,Bia Sài Gòn - Phú Thọ,UPCoM,Thực phẩm và đồ uống,Sản xuất bia,Bia và đồ uống,  138 ,  11.000 ,"-14,7%","0,0%","4,8%","2,8%",  1 ,"  0,0 ","7,0%",  955 ,"-6,5%","  520,0 ","  10,8 ","  11,5 ","  0,7 ","  0,8 ","  64,8 ","15,3%","0,9%","10,8%","-10,4%","-25,6%","16,4%","18,0%","  (1,7)","-14,0%","-23,9%","47,4%","107,0%","-63,4%","70,9%","37,1%","  (1,7)","-14,0%","-23,9%","47,4%","107,0%","-63,4%","70,9%","37,1%",Chính thức
,512,PBT,Bao bì và TM Dầu khí Bình Sơn,UPCoM,Hàng & Dịch vụ Công nghiệp,Containers & Đóng gói,Containers & Đóng gói,  268 ,  15.300 ,"12,5%","9,4%","-6,1%","13,5%",  0 ,"  0,0 ","10,9%",  1.036 ,"-13,1%","  10,8 ","  12,8 ","  14,8 ","  1,0 ","  1,4 ","  556,7 ","27,0%","68,7%","120,7%","65,5%","66,5%","71,0%","42,6%","  5,3 ","29,2%","-14,5%","29,2%","55,2%","-25,1%","21,3%","-9,0%","  5,3 ","29,2%","-14,5%","29,2%","55,2%","-25,1%","21,3%","-9,0%",Chính thức
,513,LM8,LILAMA 18,HOSE,Xây dựng và Vật liệu,Xây dựng,Xây dựng,  127 ,  13.550 ,"0,0%","0,0%","3,4%","-15,3%",  0 ,"  0,0 ","4,2%",  -   ,"0,0%","  8,9 ","  9,9 ",  -   ,"  0,4 ","  0,4 ","  275,8 ",,"42,9%","-16,6%","11,9%","-29,7%","-33,6%",,"  2,2 ",,"88,0%","-94,8%","58,7%","-18,1%","-59,7%",,"  2,2 ",,"88,0%","-94,8%","58,7%","-18,1%","-59,7%",,Chính thức
,514,WTC,Vận tải thủy Vinacomin,UPCoM,Hàng & Dịch vụ Công nghiệp,Vận tải Thủy,Vận tải Thủy,  168 ,  9.600 ,"-3,0%","6,7%","-5,0%","-5,0%",  1 ,"  0,0 ","4,4%",  389 ,"-60,8%","  7,0 ","  232,0 ","  24,7 ","  0,6 ","  0,6 ","  356,6 ","21,4%",,,,#DIV/0!,#DIV/0!,"21,4%","  3,8 ","55,2%",,,,#DIV/0!,#DIV/0!,"-40,3%","  3,8 ","55,2%",, , ,#DIV/0!,#DIV/0!,"-40,3%",Chính thức
,515,DST,Đầu tư Sao Thăng Long,HNX,Truyền thông,"Sách, ấn bản & sản phẩm văn hóa","Sách, ấn bản & sản phẩm văn hóa",  161 ,  5.000 ,"-37,5%","-39,8%","-52,8%","-45,1%",  178 ,"  1,8 ","0,6%",  -   ,"0,0%","  48,6 ","  70,3 ",  -   ,"  0,5 ","  0,4 ",  -   ,,,,,,,,"  0,1 ",,"-94,0%","-21,8%","524,3%","-716,8%","2894,7%",,"  0,1 ",,"-94,1%","-21,8%","524,4%","-713,0%","2894,7%",,Chính thức
,516,THN,Cấp nước Thanh Hóa,UPCoM,Tiện ích,Nước,Nước,  125 ,  3.800 ,"0,0%","0,0%","0,0%","0,0%",  -   ,  -   ,"14,9%",  -   ,"0,0%","  2,5 ","  2,0 ",  -   ,"  0,3 ","  0,3 ","  114,9 ",,"3,4%","2,0%","5,8%","5,3%","8,2%",,"  11,0 ",,"22,1%","12,2%","16,2%","-23,8%","7,7%",,"  11,0 ",,"22,1%","12,2%","16,2%","-23,8%","7,7%",,Chính thức
,517,HVX,Xi măng Vicem Hải Vân,UPCoM,Xây dựng và Vật liệu,Vật liệu xây dựng & Nội thất,Vật liệu xây dựng & Nội thất,  96 ,  2.300 ,"3,6%","0,7%","-1,3%","-11,5%",  46 ,"  0,1 ","-15,1%",  (958),"10,4%","  4,9 ","  (2,2)","  (2,4)","  0,3 ","  0,4 ","  107,7 ","16,1%","54,7%","29,4%","6,1%","21,0%","27,1%","55,5%","  (12,4)","31,2%","31,8%","-0,3%","-8,0%","-127,1%","9,6%","13,0%","  (12,4)","31,2%","31,8%","-0,3%","-8,0%","-127,1%","9,6%","13,0%",Chính thức
,518,APC,Chiếu xạ An Phú,UPCoM,Y tế,Công nghệ sinh học,Công nghệ sinh học,  127 ,  6.400 ,"9,0%","1,6%","-13,2%","-2,1%",  1 ,"  0,0 ","-4,6%",  54 ,"104,3%","  (6,5)","  (5,0)","  118,0 ","  0,3 ","  0,2 ","  27,9 ","18,0%","-14,5%","-13,5%","-11,6%","-9,1%","8,0%","34,5%","  (6,3)","-582,4%","-53,8%","20,4%","-270,1%","-37,4%","20,6%","104,0%","  (6,3)","-582,4%","-53,8%","20,4%","-270,1%","-37,4%","20,6%","104,0%",Chính thức
,519,GGG,Ôtô Giải Phóng,UPCoM,Ô tô và phụ tùng,Sản xuất ô tô,Sản xuất ô tô,  59 ,  2.000 ,"0,0%","-2,0%","-31,0%","-41,2%",  3 ,"  0,0 ","10,8%",  -   ,"0,0%","  (5,2)","  (4,0)",  -   ,"  (0,0)",  -   ,"  0,2 ",,"1961,9%","259,1%",#DIV/0!,"54,5%","-98,8%",,"  (3,7)",,"11,5%","12,7%","55,2%","26,5%","-4,0%",,"  (3,7)",,"11,5%","12,7%","55,2%","26,5%","-4,0%",,Chính thức
,520,PMB,Phân bón và Hóa chất Dầu khí Miền Bắc,HNX,Hóa chất,"Sản phẩm hóa dầu, Nông dược & Hóa chất khác",Phân bón,  138 ,  11.500 ,"6,5%","6,5%","12,7%","16,2%",  8 ,"  0,1 ","16,7%",  1.024 ,"-52,2%","  0,5 ","  5,4 ","  11,2 ","  0,8 ","  0,8 ","  835,5 ","30,9%","41,2%","18,9%","4,7%","28,5%","13,7%","1,8%","  14,1 ","114,6%","107,6%","34,5%","82,3%","92189,0%","65,3%","-39,1%","  14,1 ","114,6%","107,6%","34,5%","82,3%","92189,0%","65,3%","-39,1%",Chính thức
,521,PQN,DV Dầu khí Quảng Ngãi PTSC,UPCoM,Hàng & Dịch vụ Công nghiệp,"Kho bãi, hậu cần và bảo dưỡng","Kho bãi, hậu cần và bảo dưỡng",  120 ,  4.000 ,"0,0%","0,0%","0,0%","0,0%",  -   ,  -   ,"18,7%",  1.333 ,"4,6%","  4,8 ","  3,1 ","  3,0 ","  0,7 ","  0,6 ","  422,0 ","21,1%","-25,3%","-8,2%","2,0%","14,0%","180,5%","28,0%","  8,4 ","21,1%","-16,0%","11,6%","22,0%","56,0%","134,8%","23,9%","  8,4 ","21,1%","-16,0%","11,6%","22,0%","56,0%","134,8%","23,9%",Chính thức
,522,HTV,Logistics Vicem,HOSE,Hàng & Dịch vụ Công nghiệp,Vận tải Thủy,"Kho bãi, hậu cần và bảo dưỡng",  176 ,  13.400 ,"1,5%","21,8%","8,9%","11,2%",  2 ,"  0,0 ","5,3%",  -   ,"0,0%","  12,2 ","  10,0 ",  -   ,"  0,4 ","  0,5 ","  68,0 ",,"5,8%","-13,7%","-8,1%","14,1%","13,0%",,"  5,2 ",,"4811,1%","43,1%","58,5%","-3,5%","45,5%",,"  5,2 ",,"2952,7%","39,9%","60,0%","-6,2%","46,1%",,Chính thức
,523,CPI,Đầu tư Cảng Cái Lân,UPCoM,Hàng & Dịch vụ Công nghiệp,"Kho bãi, hậu cần và bảo dưỡng","Kho bãi, hậu cần và bảo dưỡng",  175 ,  4.800 ,"0,0%","6,4%","11,6%","26,3%",  0 ,"  0,0 ","-13,4%",  -   ,"0,0%","  29,1 ","  70,8 ",  -   ,"  (0,0)","  (7,9)","  44,1 ",,"83,3%","50,8%","82,2%","116,9%","140,2%",,"  0,5 ",,"190,8%","-12,5%","511,3%","-24,9%","-53,7%",,"  0,5 ",,"190,8%","-12,5%","511,3%","-24,9%","-53,7%",,Chính thức
,524,GTA,Gỗ Thuận An,HOSE,Tài nguyên Cơ bản,Lâm sản và Chế biến gỗ,Lâm sản và Chế biến gỗ,  88 ,  9.000 ,"0,0%","-0,1%","-6,3%","-6,2%",  0 ,"  0,0 ","4,1%",  -   ,"0,0%","  21,0 ","  13,6 ",  -   ,"  0,7 ","  0,6 ","  49,3 ",,"-5,0%","-22,3%","10,6%","6,4%","-21,6%",,"  1,8 ",,"-24,5%","-38,2%","-18,9%","-38,4%","42,9%",,"  1,8 ",,"-24,5%","-38,2%","-18,9%","-38,4%","42,9%",,Chính thức
,525,CAG,Cảng An Giang,HNX,Hàng & Dịch vụ Công nghiệp,"Kho bãi, hậu cần và bảo dưỡng","Kho bãi, hậu cần và bảo dưỡng",  95 ,  6.900 ,"-1,4%","-1,4%","7,8%","6,2%",  4 ,"  0,0 ","1,9%",  -   ,"0,0%","  (65,4)","  34,7 ",  -   ,"  0,7 ","  0,7 ","  10,8 ",,"-9,5%","36,6%","23,2%","34,9%","30,1%",,"  0,2 ",,"-8,0%","-19,9%","80,0%","372,3%","114,5%",,"  0,2 ",,"-8,0%","-19,9%","80,0%","372,3%","114,5%",,Chính thức
,526,VCX,Xi măng Yên Bình,UPCoM,Xây dựng và Vật liệu,Vật liệu xây dựng & Nội thất,Vật liệu xây dựng & Nội thất,  263 ,  9.900 ,"-17,5%","-17,4%","-1,0%","33,8%",  4 ,"  0,0 ","6,7%",  1.021 ,"57,1%","  11,3 ","  15,2 ","  9,7 ","  0,8 ","  1,0 ","  175,8 ","19,2%","10,7%","11,3%","10,6%","-23,6%","-12,8%","10,8%","  (5,0)","-18,5%","39,0%","-0,5%","119,6%","-8,1%","-188,9%","-3,7%","  (5,0)","-18,5%","39,0%","-0,5%","119,6%","-8,1%","-188,9%","-3,7%",Chính thức
,527,VTB,Viettronics Tân Bình,HOSE,Hàng & Dịch vụ Công nghiệp,Hàng điện & điện tử,Điện tử & Thiết bị điện,  151 ,  14.000 ,"-2,4%","-0,7%","-13,0%","-35,2%",  9 ,"  0,1 ","9,1%",  2.183 ,"38,2%","  9,6 ","  8,9 ","  6,4 ","  0,7 ","  0,8 ","  29,0 ","16,0%","8,3%","40,3%","14,7%","9,4%","8,0%","34,6%","  3,7 ","16,5%","-4,2%","29,6%","-26,4%","112,1%","94,7%","51,3%","  3,8 ","16,2%","5,9%","18,4%","-20,0%","124,6%","63,5%","51,3%",Chính thức
,528,BT6,Bê tông 6,UPCoM,Xây dựng và Vật liệu,Vật liệu xây dựng & Nội thất,Vật liệu xây dựng & Nội thất,  112 ,  3.400 ,"0,0%","0,0%","0,0%","0,0%",  -   ,  -   ,"7,2%",  -   ,"0,0%","  (2,4)","  (1,5)",  -   ,"  (0,0)","  (0,1)","  11,6 ",,"263,1%","95,4%","-24,0%","6,9%","-60,0%",,"  (17,1)",,"100,8%","106,2%","89,9%","-340,1%","-395888,1%",,"  (17,1)",,"100,8%","106,2%","89,9%","-340,1%","-395888,1%",,Chính thức
,529,KVC,XNK Inox Kim Vĩ,UPCoM,Tài nguyên Cơ bản,Thép và sản phẩm thép,Thép và sản phẩm thép,  59 ,  1.199 ,"-7,8%","-7,7%","-19,2%","-19,6%",  177 ,"  0,2 ","-6,4%",  -   ,"0,0%","  (38,4)","  (2,1)",  -   ,"  0,2 ","  0,1 ","  36,0 ",,"6,9%","-51,6%","-52,3%","-1,7%","-5,2%",,"  (3,9)",,"9,1%","5,3%","-233,4%","-125,0%","13,9%",,"  (3,9)",,"9,1%","5,3%","-233,4%","-125,0%","13,9%",,Chính thức
,530,TMC,XNK Thủ Đức,HNX,Tiện ích,Phân phối xăng dầu & khí đốt,Phân phối xăng dầu & khí đốt,  97 ,  7.800 ,"4,0%","-3,7%","-2,5%","5,4%",  1 ,"  0,0 ","5,5%",  710 ,"-16,9%","  9,4 ","  9,1 ","  11,0 ","  0,6 ","  0,5 ","  768,7 ","32,0%","-13,8%","-12,9%","4,2%","18,9%","40,3%","-2,3%","  3,0 ","34,6%","-2,3%","-10,2%","6,9%","-13,0%","52,4%","-7,8%","  3,0 ","34,6%","-2,3%","-10,2%","6,9%","-13,0%","52,4%","-7,8%",Chính thức
,531,CMW,Cấp nước Cà Mau,UPCoM,Tiện ích,Nước,Nước,  213 ,  13.700 ,"-14,9%","-2,1%","-11,6%","-9,3%",  0 ,"  0,0 ","10,8%",  -   ,"0,0%","  14,2 ","  11,0 ",  -   ,"  1,1 ","  1,2 ","  40,7 ",,"5,6%","11,7%","16,7%","17,5%","7,9%",,"  6,0 ",,"-1,7%","54,9%","-15,6%","185,3%","9,3%",,"  6,0 ",,"-1,7%","54,9%","-15,6%","185,3%","9,3%",,Chính thức
,532,DHP,Điện cơ Hải Phòng,HNX,Hàng & Dịch vụ Công nghiệp,Thiết bị điện,Điện tử & Thiết bị điện,  106 ,  11.200 ,"0,0%","-5,1%","0,9%","-2,6%",  1 ,"  0,0 ","7,4%",  1.370 ,"0,9%","  8,6 ","  8,2 ","  8,2 ","  0,6 ",  -   ,"  63,1 ","25,2%","-7,7%","-7,9%","3,1%","8,9%","-0,7%","8,8%","  2,8 ","21,7%","-4,9%","-4,5%","4,5%","7,3%","-7,8%","-1,0%","  2,8 ","21,7%","-4,9%","-4,5%","4,5%","7,3%","-7,8%","-1,0%",Chính thức
,533,SBD,Công nghệ Sao Bắc Đẩu,UPCoM,Công nghệ Thông tin,Phần mềm,Công nghệ Thông tin,  107 ,  7.700 ,"5,4%","4,1%","2,7%","-6,1%",  2 ,"  0,0 ","3,7%",  -   ,"0,0%","  8,9 ","  19,1 ",  -   ,"  0,7 ","  0,7 ","  351,4 ",,"-5,0%","27,5%","13,4%","-2,7%","122,8%",,"  1,8 ",,"-20,9%","0,5%","-5,0%","-112,5%","191,3%",,"  2,1 ",,"-23,1%","1,5%","-3,0%","-146,3%","309,3%",,Chính thức
,534,CEN,CENCON Việt Nam,UPCoM,Bán lẻ,Bán lẻ phức hợp,Bán lẻ,  37 ,  1.700 ,"0,0%","1,2%","-15,0%","-22,7%",  25 ,"  0,0 ","0,2%",  -   ,"0,0%","  3.926,2 ","  88,7 ",  -   ,"  0,3 ","  0,2 ","  14,2 ",,"-10,4%","-0,7%","-23,4%","-24,3%","-24,4%",,"  0,2 ",,"-65,7%","-45,3%","308,4%","1585,1%","1956,2%",,"  0,2 ",,"-65,7%","-45,3%","308,4%","1585,1%","1956,2%",,Chính thức
,535,PXI,XL CN và dân dụng Dầu khí,UPCoM,Xây dựng và Vật liệu,Xây dựng,Xây dựng,  27 ,  900 ,"-10,0%","-2,5%","-25,0%","-18,2%",  22 ,"  0,0 ","0,1%",  15 ,"388,3%","  19,1 ","  286,2 ","  58,7 ","  0,5 ","  0,2 ","  9,5 ","53,0%","-74,5%","71,3%","145,8%","846,5%","2404,8%","24,0%","  (0,8)","-168,0%","71,6%","39,8%","57,8%","-47,8%","-112,6%","-8,6%","  (0,8)","-168,0%","71,6%","39,8%","57,8%","-47,8%","-112,6%","-8,6%",Chính thức
,536,ITS,Thương mại và DV - Vinacomin,UPCoM,Hàng & Dịch vụ Công nghiệp,Máy công nghiệp,Công nghiệp nặng,  103 ,  3.900 ,"-2,5%","-6,6%","-4,9%","-7,1%",  8 ,"  0,0 ","1,5%",  -   ,"0,0%","  22,4 ","  23,6 ",  -   ,"  0,4 ","  0,4 ","  393,7 ",,"129,5%","-10,9%","14,1%","-17,5%","-10,2%",,"  0,7 ",,"70,5%","-12,6%","-42,0%","16,7%","12,0%",,"  0,8 ",,"71,1%","-8,7%","-20,4%","16,9%","14,7%",,Chính thức
,537,SCD,Giải khát Chương Dương,UPCoM,Thực phẩm và đồ uống,Đồ uống & giải khát,Đồ uống & giải khát,  102 ,  12.000 ,"-14,3%","-20,0%","0,0%","22,5%",  0 ,"  0,0 ","46,5%",  -   ,"0,0%","  (1,5)","  (1,5)",  -   ,"  0,6 ","  (0,6)","  61,1 ",,"-14,0%","-33,8%","-6,0%","2,9%","25,0%",,"  (11,0)",,"-26,4%","-66,8%","-113,8%","66,9%","48,9%",,"  (11,0)",,"-26,4%","-66,8%","-113,8%","66,9%","48,9%",,Chính thức
,538,VC1,Xây dựng số 1,HNX,Xây dựng và Vật liệu,Xây dựng,Xây dựng,  198 ,  16.500 ,"3,1%","10,7%","36,4%","27,9%",  3 ,"  0,0 ","2,3%",  628 ,"26,4%","  28,2 ","  33,2 ","  26,3 ","  0,5 ","  0,8 ","  134,6 ","18,1%","21,0%","74,2%","-28,7%","-8,7%","51,2%","33,7%","  0,5 ","7,0%","-6,5%","12,6%","-9,9%","918,9%","-16,3%","24,3%","  0,5 ","7,0%","-6,5%","12,6%","-9,9%","918,9%","-16,3%","24,3%",Chính thức
,539,HBH,HABECO Hải Phòng,UPCoM,Thực phẩm và đồ uống,Sản xuất bia,Bia và đồ uống,  96 ,  6.000 ,"0,0%","7,1%","3,5%","7,1%",  0 ,"  0,0 ","0,8%",  64 ,"-22,3%","  72,8 ","  73,1 ","  94,1 ","  0,6 ",  -   ,"  58,9 ","24,2%","47,5%","-26,9%","30,8%","-9,1%","6,7%","-3,4%","  (0,6)","-59,8%","117,4%","-26,7%","96,4%","-45,2%","-167,7%","-63,9%","  (0,6)","-59,8%","117,4%","-26,7%","96,4%","-45,2%","-167,7%","-63,9%",Chính thức
,540,SPD,Thủy sản Miền Trung,UPCoM,Thực phẩm và đồ uống,Nuôi trồng nông & hải sản,Nuôi trồng thủy hải sản,  102 ,  8.500 ,"0,0%","0,0%","6,3%","6,3%",  0 ,"  0,0 ","8,0%",  700 ,"-23,7%","  43,1 ","  9,3 ","  12,1 ","  0,8 ","  0,7 ","  199,5 ","23,9%","17,1%","18,3%","23,8%","-0,9%","4,8%","1,2%","  2,6 ","31,5%","53,6%","-19,8%","9,3%","-34,4%","409,8%","11,9%","  2,6 ","31,5%","53,6%","-19,8%","9,3%","-34,4%","409,8%","11,9%",Chính thức
,541,PIA,Tin học Viễn thông Petrolimex,HNX,Viễn thông,Viễn thông cố định,Viễn thông,  96 ,  24.600 ,"0,4%","-6,8%","-7,2%","-7,2%",  0 ,"  0,0 ","18,2%",  3.487 ,"12,8%","  8,0 ","  8,0 ","  7,1 ","  1,6 ","  1,6 ","  22,6 ","11,5%","31,1%","-37,7%","54,2%","25,9%","2,6%","12,0%","  (3,6)","-26,1%","-111,5%","-21,5%","210,4%","-11,0%","-70,4%","0,5%","  (3,6)","-26,1%","-111,5%","-21,5%","210,4%","-11,0%","-70,4%","0,5%",Chính thức
,542,MCF,Cơ khí và Lương thực Thực phẩm,HNX,Thực phẩm và đồ uống,Thực phẩm,Thực phẩm khác,  84 ,  7.800 ,"2,6%","4,0%","4,0%","5,4%",  6 ,"  0,0 ","9,8%",  935 ,"-13,7%","  8,9 ","  7,2 ","  8,3 ","  0,8 ","  0,7 ","  123,9 ","21,8%","22,2%","16,4%","21,3%","-12,8%","-14,5%","7,0%","  3,2 ","31,6%","-39,2%","16,2%","-9,9%","102,3%","79,4%","-1,9%","  3,2 ","31,6%","-39,2%","16,2%","-9,9%","102,3%","79,4%","-1,9%",Chính thức
,543,BED,Sách Đà Nẵng,HNX,Truyền thông,"Sách, ấn bản & sản phẩm văn hóa","Sách, ấn bản & sản phẩm văn hóa",  77 ,  25.500 ,"0,0%","0,0%","-1,2%","-1,2%",  0 ,"  0,0 ","12,3%",  1.684 ,"1,0%","  14,4 ","  15,3 ","  15,1 ","  2,2 ","  1,8 ","  7,6 ","10,1%","-10,2%","-1,8%","-13,6%","0,0%","-2,0%","2,1%","  0,2 ","4,0%","58,3%","-29,4%","-17,3%","-56,2%","-49,9%","-2,9%","  0,2 ","4,0%","58,3%","-29,4%","-17,3%","-56,2%","-49,9%","-2,9%",Chính thức
,544,AAM,Thủy sản Mekong,HOSE,Thực phẩm và đồ uống,Nuôi trồng nông & hải sản,Nuôi trồng thủy hải sản,  68 ,  6.500 ,"-2,8%","5,7%","-5,0%","-5,8%",  5 ,"  0,0 ","1,5%",  383 ,"32,2%","  (8,9)","  22,5 ","  17,0 ","  0,4 ","  0,3 ","  33,4 ","33,4%","57,3%","89,2%","-14,7%","-73,5%","-38,5%","-41,3%","  2,4 ","59,7%","158,3%","169,8%","131,4%","33,4%","97,6%","116,6%","  2,4 ","59,7%","158,3%","169,8%","131,4%","33,4%","97,6%","116,6%",Chính thức
,545,DP2,Dược phẩm TW 2,UPCoM,Y tế,Dược phẩm,Y tế,  94 ,  4.700 ,"9,3%","9,3%","11,9%","11,9%",  0 ,"  0,0 ","-19,9%",  -   ,"0,0%","  (9,2)","  (6,6)",  -   ,"  1,0 ","  1,5 ","  29,4 ","14,0%","-7,5%","4,9%","13,7%","-13,1%","-29,3%","5,5%","  (6,9)",,"-147,7%","225,3%","58,8%","-367,4%","-99,4%",,"  (6,9)",,"-147,7%","225,3%","58,8%","-367,4%","-99,4%",,Chính thức
,546,ITQ,Tập đoàn Thiên Quang,HNX,Tài nguyên Cơ bản,Thép và sản phẩm thép,Thép và sản phẩm thép,  86 ,  2.700 ,"-6,9%","-3,6%","-6,9%","-3,6%",  140 ,"  0,4 ","1,8%",  176 ,"-6,5%","  44,6 ","  14,3 ","  15,4 ","  0,3 ","  0,3 ","  164,6 ","27,4%","-2,2%","14,9%","33,6%","13,5%","37,5%","-6,4%","  1,1 ","18,8%","-67,8%","381,3%","767,7%","593,0%","802,0%","10,1%","  1,1 ","18,8%","-67,8%","381,3%","767,7%","593,0%","802,0%","10,1%",Chính thức
,547,SD3,Sông Đà 3,UPCoM,Xây dựng và Vật liệu,Xây dựng,Xây dựng,  120 ,  7.501 ,"-7,4%","-6,1%","4,2%","4,2%",  6 ,"  0,0 ","77,0%",  2.281 ,"47,4%","  (76,4)","  4,3 ","  3,3 ","  2,0 ","  2,8 ","  49,0 ","23,1%","30,1%","44,4%","120,9%","10,9%","-4,1%","24,7%","  20,4 ","54,3%","90,5%","76,3%","47,9%","926,6%","18,5%","47,4%","  20,4 ","55,8%","90,6%","75,9%","47,7%","979,3%","19,8%","47,4%",Chính thức
,548,MEL,Thép Mê Lin,HNX,Tài nguyên Cơ bản,Thép và sản phẩm thép,Thép và sản phẩm thép,  114 ,  7.600 ,"11,8%","-6,2%","5,6%","20,6%",  1 ,"  0,0 ","4,1%",  453 ,"-37,7%","  7,4 ","  10,5 ","  16,8 ","  0,4 ","  0,4 ","  236,3 ","29,5%","26,9%","2,1%","-15,1%","-18,1%","9,3%","-4,4%","  2,4 ","35,2%","-10,2%","250,8%","-69,2%","-57,4%","117,2%","-29,3%","  2,4 ","35,2%","-10,2%","250,8%","-69,2%","-57,4%","117,2%","-29,3%",Chính thức
,549,PIT,XNK PETROLIMEX,HOSE,Bán lẻ,Bán lẻ phức hợp,Bán lẻ,  108 ,  7.600 ,"-1,9%","-4,4%","5,6%","10,5%",  11 ,"  0,1 ","0,3%",  137 ,"486,7%","  130,5 ","  326,7 ","  55,7 ","  0,8 ","  1,0 ","  151,5 ","17,2%","-54,1%","20,0%","25,2%","17,6%","25,5%","27,3%","  (0,6)","-31,8%","-336,6%","142,5%","-634,0%","-1073,6%","79,9%","191,5%","  (0,6)","-31,8%","-336,6%","142,5%","-634,0%","-1073,6%","79,9%","191,5%",Chính thức
,550,SBL,Bia Sài Gòn - Bạc Liêu,UPCoM,Thực phẩm và đồ uống,Sản xuất bia,Bia và đồ uống,  70 ,  5.800 ,"0,0%","6,3%","-7,9%","-10,8%",  1 ,"  0,0 ","-0,2%",  1 ,"103,7%","  17,9 ","  (210,3)","  5.696,3 ","  0,5 ",  -   ,"  19,7 ","16,3%","-10,4%","-22,5%","-12,1%","-20,9%","-21,6%","4,3%","  (2,0)","-16103,0%","-63,4%","-11,9%","836,5%","-191,4%","-98,7%","-98,1%","  (2,0)","-16103,0%","-63,4%","-11,9%","836,5%","-191,4%","-98,7%","-98,1%",Chính thức
,551,VTE,VINACAP Kim Long,UPCoM,Công nghệ Thông tin,Thiết bị viễn thông,Công nghệ Thông tin,  115 ,  7.400 ,"0,0%","0,0%","41,8%","-6,8%",  0 ,"  0,0 ","1,3%",  167 ,"22,5%","  151,2 ","  54,2 ","  44,2 ","  0,5 ","  0,7 ","  105,7 ","17,2%","56,2%","128,4%","112,6%","-0,5%","-4,3%","15,0%","  0,4 ","13,6%","167,4%","663,2%","168,8%","3,5%","-33,0%","13,2%","  0,4 ","13,6%","167,4%","663,2%","168,8%","3,5%","-33,0%","13,2%",Chính thức
,552,PXT,Xây lắp Đường ống Dầu khí,UPCoM,Xây dựng và Vật liệu,Xây dựng,Xây dựng,  32 ,  1.600 ,"6,7%","8,0%","-15,8%","14,3%",  13 ,"  0,0 ","2,9%",  100 ,"19,2%","  57,1 ","  19,1 ","  16,0 ","  1,1 ","  0,6 ","  33,3 ","37,9%","-12,5%","15,9%","-77,4%","214,3%","52,7%","-24,1%","  0,2 ","12,4%","143,2%","147,4%","-44,8%","18,4%","-33,2%","11,0%","  0,2 ","12,4%","143,2%","147,4%","-44,8%","18,4%","-33,2%","11,0%",Chính thức
,553,HSV,Tập đoàn HSV Việt Nam,UPCoM,Tài nguyên Cơ bản,Thép và sản phẩm thép,Thép và sản phẩm thép,  136 ,  4.415 ,"-3,5%","-6,5%","5,1%","1,2%",  74 ,"  0,3 ","2,1%",  -   ,"0,0%","  (30,3)","  30,0 ",  -   ,"  0,4 ","  0,4 ","  412,3 ",,"82,4%","80,4%","47,9%","96,8%","42,4%",,"  1,2 ",,"25,5%","293,4%","-2,0%","-71,7%","9,4%",,"  1,2 ",,"25,5%","293,4%","-2,0%","-71,7%","9,4%",,Chính thức
,554,V21,Vinaconex 21,HNX,Bất động sản,Bất động sản,Bất động sản dân cư,  72 ,  6.000 ,"3,5%","-3,2%","-3,2%","-9,1%",  6 ,"  0,0 ","0,8%",  280 ,"262,8%","  (50,5)","  77,8 ","  21,4 ","  0,6 ","  0,6 ","  22,3 ","13,2%","85,3%","25,8%","-73,9%","63,8%","-44,6%","5,6%","  0,2 ","4,9%","112,2%","-86,0%","-733,1%","408,8%","31,8%","300,0%","  0,2 ","4,9%","112,2%","-86,0%","-733,1%","408,8%","31,8%","300,0%",Chính thức
,555,SVH,Thủy điện Sông Vàng,UPCoM,Tiện ích,Sản xuất & Phân phối Điện,Sản xuất & Phân phối Điện,  89 ,  6.000 ,"0,0%","0,0%","0,0%","0,0%",  -   ,  -   ,"19,6%",  -   ,"0,0%","  3,0 ","  1,7 ",  -   ,"  0,4 ","  0,3 ","  24,6 ",,"50,8%","78,1%","92,6%","22,1%","-2,4%",,"  14,2 ",,"67,1%","222,8%","473,7%","24,7%","-18,6%",,"  14,2 ",,"67,1%","222,8%","473,7%","24,7%","-18,6%",,Chính thức
,556,PPY,Xăng dầu dầu khí Phú Yên,HNX,Tiện ích,Phân phối xăng dầu & khí đốt,Phân phối xăng dầu & khí đốt,  83 ,  8.900 ,"1,1%","-2,2%","-1,1%","-6,3%",  2 ,"  0,0 ","5,9%",  -   ,"0,0%","  12,1 ","  9,2 ",  -   ,"  0,6 ","  0,5 ","  1.323,2 ",,"-17,8%","-21,1%","0,4%","18,6%","30,2%",,"  8,3 ",,"-82,3%","-59,1%","497,6%","-144,9%","1250,5%",,"  8,3 ",,"-82,3%","-59,1%","497,6%","-144,9%","1250,5%",,Chính thức
,557,NST,Thuốc lá Ngân Sơn,HNX,Hàng cá nhân & Gia dụng,Thuốc lá,Thuốc lá,  139 ,  12.400 ,"3,3%","0,0%","1,6%","6,9%",  2 ,"  0,0 ","13,1%",  -   ,"0,0%","  6,8 ","  5,5 ",  -   ,"  0,6 ","  0,7 ","  140,2 ",,"-41,5%","69,3%","12,0%","-4,5%","39,2%",,"  5,2 ",,"-12,6%","75,3%","65,6%","-49,0%","17,9%",,"  5,2 ",,"-12,6%","75,3%","65,6%","-49,0%","17,9%",,Chính thức
,558,D11,Địa ốc 11,HNX,Bất động sản,Bất động sản,Bất động sản dân cư,  97 ,  11.800 ,"11,3%","10,3%","9,3%","7,3%",  2 ,"  0,0 ","3,8%",  -   ,"0,0%","  13,1 ","  13,3 ",  -   ,"  0,5 ","  0,5 ","  20,5 ",,"50,3%","71,7%","18,7%","230,5%","-12,9%",,"  1,3 ",,"250,2%","-64,2%","139,1%","262,5%","-51,9%",,"  1,3 ",,"250,2%","-64,2%","139,1%","262,5%","-51,9%",,Chính thức
,559,MCO,BDC Việt Nam,HNX,Xây dựng và Vật liệu,Xây dựng,Xây dựng,  21 ,  5.200 ,"-1,9%","8,3%","-1,9%","-22,4%",  3 ,"  0,0 ","0,2%",  -   ,"0,0%","  158,6 ","  289,0 ",  -   ,"  0,7 ","  0,4 ","  10,0 ",,"-33,2%","-102,0%","-83,2%","186,2%","-25,0%",,"  0,0 ",,"-42,9%","211,8%","12,8%","-149,0%","-27,5%",,"  0,0 ",,"-42,9%","211,8%","12,8%","-149,0%","-27,5%",,Chính thức
,560,SVD,Đầu tư & Thương mại Vũ Đăng,HOSE,Hàng cá nhân & Gia dụng,Hàng May mặc,Hàng May mặc,  92 ,  3.340 ,"4,1%","-12,1%","-16,5%","-24,9%",  12 ,"  0,0 ","0,5%",  -   ,"0,0%","  3,8 ","  70,6 ",  -   ,"  0,4 ","  0,4 ","  66,2 ",,"2,0%","-56,5%","10,8%","41,0%","20,2%",,"  0,3 ",,"109,8%","-92,9%","-52,3%","-104,1%","7,3%",,"  0,3 ",,"109,8%","-92,9%","-52,3%","-104,1%","7,3%",,Chính thức
,561,ARM,XNK Hàng không,HNX,Hàng & Dịch vụ Công nghiệp,Nhà cung cấp thiết bị,Nhà cung cấp thiết bị,  146 ,  46.800 ,"0,0%","0,0%","39,7%","85,0%",  0 ,"  0,0 ","15,7%",  -   ,"0,0%","  21,5 ","  22,3 ",  -   ,"  2,4 ","  3,4 ","  78,2 ",,"-47,3%","50,2%","45,7%","-34,0%","54,7%",,"  1,9 ",,"-4,0%","56,6%","24,6%","26,7%","46,0%",,"  1,9 ",,"-4,0%","56,6%","24,6%","26,7%","46,0%",,Chính thức
,562,DTA,BĐS Đệ Tam,HOSE,Bất động sản,Bất động sản,Bất động sản dân cư,  69 ,  3.560 ,"-0,8%","-0,3%","-3,6%","-8,0%",  15 ,"  0,1 ","2,2%",  -   ,"0,0%","  45,0 ","  15,3 ",  -   ,"  0,4 ","  0,3 ","  12,4 ",,"-11,0%","24,7%","-33,6%","-69,9%","-58,6%",,"  2,5 ",,"-27,1%","-65,8%","56,2%","1152,9%","2755,2%",,"  2,5 ",,"-27,1%","-65,8%","56,2%","1152,9%","2755,2%",,Chính thức
,563,XPH,Xà phòng Hà Nội,UPCoM,Hàng cá nhân & Gia dụng,Hàng cá nhân,Hàng cá nhân,  202 ,  15.600 ,"0,0%","4,1%","4,2%","2,9%",  4 ,"  0,1 ","0,7%",  (268),"-428,7%","  346,8 ","  191,3 ","  (58,2)","  0,8 ","  1,4 ","  12,9 ","8,8%","-10,6%","470,8%","156,7%","38,1%","73,3%","48,7%","  (1,0)","29,9%","-37,0%","280,5%","8,5%","70,7%","49,5%","-9544,6%","  (1,0)","29,9%","-37,0%","280,5%","8,5%","70,7%","49,5%","-9544,6%",Chính thức
,564,PSC,Vận tải Petrolimex SG,HNX,Hàng & Dịch vụ Công nghiệp,Dịch vụ vận tải,Dịch vụ vận tải,  86 ,  11.300 ,"0,0%","9,1%","0,0%","15,4%",  0 ,"  0,0 ","6,1%",  1.378 ,"35,4%","  374,3 ","  11,8 ","  8,2 ","  0,7 ","  0,7 ","  234,2 ","24,7%","0,3%","0,9%","17,7%","23,8%","30,7%","19,1%","  2,1 ","21,6%","20,5%","-41,8%","42,6%","109,9%","-16,2%","28,1%","  2,1 ","21,6%","20,5%","-41,8%","42,6%","109,9%","-16,2%","28,1%",Chính thức
,565,DAD,Phát triển GD Đà Nẵng,HNX,Truyền thông,"Sách, ấn bản & sản phẩm văn hóa","Sách, ấn bản & sản phẩm văn hóa",  74 ,  15.900 ,"1,9%","3,3%","-2,5%","-5,2%",  2 ,"  0,0 ","10,9%",  -   ,"0,0%","  7,4 ","  7,2 ",  -   ,"  0,9 ","  0,8 ","  7,8 ",,"-63,5%","-25,2%","4,9%","-19,6%","-26,2%",,"  0,1 ",,"-81,2%","-16,6%","45,8%","73,3%","-28,5%",,"  0,1 ",,"-81,2%","-16,6%","45,8%","73,3%","-28,5%",,Chính thức
,566,CTT,Chế tạo máy - Vinacomin,HNX,Hàng & Dịch vụ Công nghiệp,Máy công nghiệp,Công nghiệp nặng,  79 ,  16.900 ,"-1,7%","5,0%","-22,8%","-43,3%",  0 ,"  0,0 ","27,0%",  4.803 ,"19,0%","  6,5 ","  4,2 ","  3,5 ","  1,3 ","  1,0 ","  582,7 ","27,7%","-2,4%","-0,3%","5,5%","-0,3%","6,6%","-8,9%","  6,0 ","26,4%","18,5%","9,5%","5,7%","107,1%","62,2%","35,2%","  6,0 ","26,4%","18,5%","9,5%","5,7%","107,1%","62,2%","35,2%",Chính thức
,567,VLA,PT Công nghệ Văn Lang,HNX,Công nghệ Thông tin,Phần mềm,Công nghệ Thông tin,  44 ,  11.000 ,"22,2%","29,4%","37,5%","29,4%",  1 ,"  0,0 ","2,0%",  125 ,"-44,9%","  36,7 ","  48,4 ","  87,9 ","  1,5 ","  1,0 ","  0,5 ","10,7%","466,3%","225,9%","-56,4%","-91,6%","-90,4%","-58,3%","  0,2 ","42,2%","111,4%","101,0%","-51,2%","-94,2%","18,5%","-42,8%","  0,2 ","42,2%","111,4%","101,0%","-51,2%","-94,2%","18,5%","-42,8%",Chính thức
,568,AGF,Thủy sản An Giang,UPCoM,Thực phẩm và đồ uống,Nuôi trồng nông & hải sản,Nuôi trồng thủy hải sản,  51 ,  1.800 ,"-5,3%","-5,3%","-14,3%","-10,0%",  0 ,"  0,0 ","2,5%",  -   ,"0,0%","  (12,9)","  (10,7)",  -   ,"  (0,0)",  -   ,"  95,7 ",,"-6,2%","-8,3%","6,4%","16,0%","11,6%",,"  (11,6)",,"-56,9%","239,6%","19,3%","268,4%","-24,0%",,"  (11,6)",,"-56,9%","239,6%","19,3%","268,4%","-24,0%",,Chính thức
,569,VLG,VIMC Logistics,UPCoM,Hàng & Dịch vụ Công nghiệp,Dịch vụ vận tải,"Kho bãi, hậu cần và bảo dưỡng",  113 ,  8.008 ,"-4,6%","-8,0%","-1,2%","-5,5%",  2 ,"  0,0 ","3,9%",  452 ,"-1,5%","  9,9 ","  17,4 ","  17,7 ","  0,6 ","  0,7 ","  109,8 ","29,7%","85,1%","144,1%","149,9%","69,6%","82,6%","-0,9%","  1,1 ","17,8%","-85,8%","-78,3%","-83,9%","121,6%","2,0%","-1,2%","  1,1 ","17,8%","-85,8%","-78,3%","-83,9%","121,6%","2,0%","-1,2%",Chính thức
,570,ICF,ĐT TM Thủy sản,UPCoM,Thực phẩm và đồ uống,Nuôi trồng nông & hải sản,Nuôi trồng thủy hải sản,  35 ,  2.700 ,"-1,5%","-12,3%","4,7%","-10,0%",  4 ,"  0,0 ","-3,6%",  -   ,"0,0%","  (366,7)","  (11,7)",  -   ,"  0,5 ","  0,4 ","  8,1 ",,"-30,2%","-10,0%","24,7%","3,8%","4,3%",,"  (2,2)",,"-73,4%","-17,3%","266,8%","-203,4%","-26,0%",,"  (2,2)",,"-73,4%","-17,3%","266,8%","-203,4%","-26,0%",,Chính thức
,571,ADC,Mĩ thuật và Truyền thông,HNX,Truyền thông,"Sách, ấn bản & sản phẩm văn hóa","Sách, ấn bản & sản phẩm văn hóa",  73 ,  18.400 ,"9,5%","2,2%","-14,8%","7,2%",  4 ,"  0,1 ","14,2%",  3.037 ,"2,4%","  5,7 ","  6,2 ","  6,1 ","  1,0 ","  0,8 ","  64,1 ","17,1%","-20,9%","-28,4%","-2,1%","-0,8%","6,9%","3,3%","  1,7 ","14,0%","-20,8%","-52,4%","-22,6%","13,2%","16,5%","9,1%","  1,7 ","14,0%","-20,8%","-52,4%","-22,6%","13,2%","16,5%","9,1%",Chính thức
,572,VC9,Xây dựng số 9,HNX,Xây dựng và Vật liệu,Xây dựng,Xây dựng,  82 ,  4.900 ,"-7,6%","8,9%","25,6%","32,4%",  38 ,"  0,2 ","1,3%",  270 ,"455,2%","  58,4 ","  100,2 ","  18,2 ","  1,7 ","  1,3 ","  29,0 ","10,9%","-10,6%","-51,2%","27,0%","31,5%","-40,4%","12,2%","  0,1 ","3,3%","16,9%","-43,8%","256,0%","10,3%","3,9%","455,2%","  0,1 ","3,3%","16,9%","-43,8%","256,0%","10,3%","3,9%","455,2%",Chính thức
,573,STP,CN Thương Mại Sông Đà,HNX,Hàng & Dịch vụ Công nghiệp,Containers & Đóng gói,Containers & Đóng gói,  59 ,  7.300 ,"-4,0%","-4,0%","-5,6%","-1,0%",  1 ,"  0,0 ","6,6%",  -   ,"0,0%","  10,1 ","  6,4 ",  -   ,"  0,5 ","  0,4 ","  56,4 ",,"25,4%","-18,7%","-23,2%","17,4%","0,5%",,"  3,8 ",,"-14,8%","-106,5%","49,8%","175,5%","49,1%",,"  3,8 ",,"-14,8%","-106,5%","49,8%","175,5%","49,1%",,Chính thức
,574,CPC,Thuốc sát trùng Cần Thơ,HNX,Hóa chất,"Sản phẩm hóa dầu, Nông dược & Hóa chất khác","Sản phẩm hóa dầu, Nông dược & Hóa chất khác",  70 ,  17.200 ,"-2,3%","-2,3%","-0,6%","-2,3%",  1 ,"  0,0 ","11,0%",  2.156 ,"-5,8%","  7,6 ","  7,5 ","  8,0 ","  0,8 ","  0,8 ","  22,4 ","11,8%","-35,6%","-10,2%","-7,0%","-4,4%","87,6%","10,9%","  0,9 ","10,3%","-36,1%","-27,9%","-7,7%","123,4%","51,6%","-2,6%","  0,9 ","10,3%","-36,1%","-27,9%","-7,7%","123,4%","51,6%","-2,6%",Chính thức
,575,LPT,TM và SX Lập Phương Thành,UPCoM,Hàng & Dịch vụ Công nghiệp,Đào tạo & Việc làm,Đào tạo & Việc làm,  91 ,  7.597 ,"10,5%","24,5%","14,0%","31,0%",  3 ,"  0,0 ","12,2%",  800 ,"-48,5%","  (52,3)","  4,9 ","  9,5 ","  0,6 ","  0,6 ","  113,3 ","34,7%","-38,7%","-12,6%","3,2%","7,7%","39,6%","3,1%","  6,4 ","66,6%","-128,2%","-92,7%","119,8%","337,1%","303,2%","5,4%","  6,4 ","66,6%","-128,2%","-92,7%","119,8%","337,1%","303,2%","5,4%",Chính thức
,576,HCC,Bê tông Hòa Cầm,HNX,Xây dựng và Vật liệu,Vật liệu xây dựng & Nội thất,Vật liệu xây dựng & Nội thất,  173 ,  26.500 ,"8,2%","8,2%","-10,8%","-13,1%",  5 ,"  0,1 ","35,6%",  3.682 ,"-34,8%","  7,1 ","  4,7 ","  7,2 ","  1,1 ","  1,5 ","  112,0 ","27,0%","40,9%","62,2%","28,1%","33,4%","46,3%","-1,4%","  10,9 ","45,6%","245,3%","219,9%","88,9%","76,9%","141,4%","-21,1%","  10,9 ","45,6%","245,3%","219,9%","88,9%","76,9%","141,4%","-21,1%",Chính thức
,577,BXH,Bao bì Xi măng HP,HNX,Hàng & Dịch vụ Công nghiệp,Containers & Đóng gói,Containers & Đóng gói,  41 ,  13.500 ,"0,0%","20,5%","12,5%","-32,5%",  1 ,"  0,0 ","1,8%",  376 ,"15,0%","  55,2 ","  41,3 ","  35,9 ","  0,9 ","  0,7 ","  65,5 ","24,2%","62,2%","58,2%","40,2%","64,5%","55,7%","2,2%","  0,3 ","24,0%","294,4%","-11,8%","136,2%","39,8%","36,3%","24,1%","  0,3 ","24,0%","294,4%","-11,8%","136,2%","39,8%","36,3%","24,1%",Chính thức
,578,BBS,Bao bì Xi măng Bút Sơn,HNX,Hàng & Dịch vụ Công nghiệp,Containers & Đóng gói,Containers & Đóng gói,  77 ,  12.900 ,"10,3%","9,3%","-2,3%","0,0%",  4 ,"  0,0 ","6,6%",  -   ,"0,0%","  13,3 ","  10,8 ",  -   ,"  0,7 ","  0,7 ","  122,0 ",,"22,2%","26,9%","71,1%","0,8%","18,3%",,"  1,2 ",,"-28,4%","-48,7%","571,0%","61,3%","-7,9%",,"  1,2 ",,"-28,4%","-48,7%","571,0%","61,3%","-7,9%",,Chính thức
,579,TNS,Thép tấm lá Thống Nhất,UPCoM,Tài nguyên Cơ bản,Thép và sản phẩm thép,Thép và sản phẩm thép,  74 ,  3.700 ,"0,0%","8,0%","23,3%","23,3%",  4 ,"  0,0 ","6,0%",  40 ,"-85,6%","  1,6 ","  13,3 ","  92,5 ","  1,5 ","  0,8 ","  412,0 ",,"-44,1%","-68,7%","-69,3%","-41,5%","-8,5%",,"  0,3 ","37,1%","56,3%","-66,9%","-90,9%","-95,1%","-96,6%","-94,3%","  0,3 ","37,1%","56,3%","-66,9%","-90,9%","-95,1%","-96,6%","-94,3%",Chính thức
,580,HAD,Bia Hà Nội - Hải Dương,HNX,Thực phẩm và đồ uống,Sản xuất bia,Bia và đồ uống,  55 ,  13.700 ,"-2,1%","-8,7%","5,4%","-5,5%",  0 ,"  0,0 ","9,3%",  1.784 ,"2,5%","  9,2 ","  7,9 ","  7,7 ","  0,8 ",  -   ,"  26,7 ","15,5%","0,8%","-7,4%","0,9%","-16,0%","83,8%","5,9%","  (0,9)","-12,6%","10,7%","10,9%","-23,9%","50,3%","1,8%","2,8%","  (0,9)","-12,6%","10,7%","10,9%","-23,9%","50,3%","1,8%","2,8%",Chính thức
,581,TTC,Gạch men Thanh Thanh,HNX,Xây dựng và Vật liệu,Vật liệu xây dựng & Nội thất,Vật liệu xây dựng & Nội thất,  59 ,  10.000 ,"0,0%","0,0%","1,0%","11,1%",  1 ,"  0,0 ","5,7%",  582 ,"-47,1%","  11,6 ","  9,1 ","  17,2 ","  0,5 ","  0,5 ","  14,6 ","82,8%","-19,8%","-19,7%","-14,9%","-46,1%","-47,5%","-86,4%","  3,8 ","110,7%","-89,4%","-115,2%","-538,1%","1432,7%","5647,6%","24,6%","  3,8 ","110,7%","-89,4%","-115,2%","-538,1%","1432,7%","5647,6%","24,6%",Chính thức
,582,TGG,The Golden Group,UPCoM,Xây dựng và Vật liệu,Xây dựng,Xây dựng,  63 ,  2.300 ,"0,0%","0,0%","0,0%","0,0%",  -   ,  -   ,"-7,1%",  -   ,"0,0%","  (4,1)","  (8,7)",  -   ,"  0,5 ","  0,5 ","  93,5 ",,"-32,5%","-14,8%","-23,7%","61,7%","-15,8%",,"  (1,7)",,"84,4%","-124,8%","-150,2%","-4,4%","25,1%",,"  (1,7)",,"74,6%","-114,4%","-376,0%","-96,2%","29,6%",,Chính thức
,583,DID,DIC - Đồng Tiến,UPCoM,Xây dựng và Vật liệu,Vật liệu xây dựng & Nội thất,Xây dựng,  61 ,  3.900 ,"3,1%","11,0%","4,7%","-0,4%",  2 ,"  0,0 ","1,2%",  -   ,"0,0%","  113,9 ","  28,1 ",  -   ,"  0,4 ","  0,3 ","  67,4 ",,"189,7%","138,6%","81,8%","-8,1%","-36,6%",,"  0,8 ",,"281,2%","-141,5%","39,4%","265,4%","85,4%",,"  0,8 ",,"281,2%","-141,5%","39,4%","265,4%","85,4%",,Chính thức
,584,PGN,Phụ Gia Nhựa,HNX,Hóa chất,"Nhựa, cao su & sợi",Nhựa,  71 ,  7.500 ,"-1,3%","10,3%","29,3%","19,1%",  86 ,"  0,6 ","1,6%",  -   ,"0,0%","  16,1 ","  41,7 ",  -   ,"  0,7 ","  0,7 ","  18,3 ",,"3,3%","-47,7%","-53,6%","-55,3%","-53,8%",,"  0,1 ",,"-44,5%","-88,0%","168,8%","122,0%","-70,1%",,"  0,1 ",,"-44,5%","-88,0%","168,8%","122,0%","-70,1%",,Chính thức
,585,PVR,Đầu tư PVR Hà Nội,UPCoM,Bất động sản,Bất động sản,Phát triển & vận hành Bất động sản khác,  57 ,  1.100 ,"10,0%","10,1%","0,0%","0,0%",  14 ,"  0,0 ","-0,3%",  (50),"-76,6%","  (19,9)","  (39,3)","  (22,0)","  0,1 ","  0,1 ",  -   ,,,,,,,,"  (0,4)","13,9%","11,0%","13,1%","35,4%","16,4%","5,5%","-76,6%","  (0,4)","13,9%","11,0%","13,1%","35,4%","16,4%","5,5%","-76,6%",Chính thức
,586,QST,Sách Quảng Ninh,HNX,Truyền thông,"Sách, ấn bản & sản phẩm văn hóa","Sách, ấn bản & sản phẩm văn hóa",  132 ,  40.700 ,"0,0%","0,0%","55,9%","42,3%",  0 ,"  0,0 ","29,4%",  2.778 ,"-42,8%","  6,4 ","  8,4 ","  14,7 ","  1,4 ","  2,1 ","  33,8 ","19,9%","8,8%","9,2%","-39,0%","6,2%","37,9%","-9,6%","  9,2 ","102,4%","61,8%","61,8%","-9,9%","-9,6%","68,8%","-25,0%","  9,2 ","102,4%","61,8%","61,8%","-9,9%","-9,6%","68,8%","-25,0%",Chính thức
,587,SFN,Dệt lưới Sài Gòn,HNX,Hàng & Dịch vụ Công nghiệp,Nhà cung cấp thiết bị,Nhà cung cấp thiết bị,  45 ,  15.800 ,"-29,8%","0,0%","-26,9%","-26,9%",  0 ,"  0,0 ","12,8%",  1.149 ,"-68,7%","  6,3 ","  4,3 ","  13,7 ","  0,7 ","  0,5 ","  33,4 ","22,9%","-8,8%","13,0%","11,4%","1,8%","-2,0%","-1,8%","  1,4 ","43,5%","-4,7%","51,1%","26,3%","52,8%","-29,5%","-70,4%","  1,4 ","43,5%","-4,7%","51,1%","26,3%","52,8%","-29,5%","-70,4%",Chính thức
,588,PMP,Bao bì Đạm Phú Mỹ,HNX,Hàng & Dịch vụ Công nghiệp,Containers & Đóng gói,Containers & Đóng gói,  51 ,  12.200 ,"-11,6%","-11,6%","-0,8%","-2,4%",  0 ,"  0,0 ","11,7%",  -   ,"0,0%","  7,4 ","  6,0 ",  -   ,"  0,8 ","  0,7 ","  146,3 ",,"1,7%","12,5%","20,8%","9,2%","-0,6%",,"  2,0 ",,"17,4%","-3,6%","13,2%","31,9%","9,2%",,"  2,0 ",,"17,4%","-3,6%","13,2%","31,9%","9,2%",,Chính thức
,589,PBP,Bao bì Dầu khí VN,HNX,Hàng & Dịch vụ Công nghiệp,Containers & Đóng gói,Containers & Đóng gói,  59 ,  12.200 ,"-1,6%","0,0%","-3,2%","-3,2%",  3 ,"  0,0 ","10,8%",  1.870 ,"15,8%","  7,8 ","  7,6 ","  6,5 ","  0,9 ","  0,8 ","  50,7 ","12,3%","170,7%","9,8%","8,1%","-39,5%","-67,1%","-2,2%","  1,7 ","18,5%","84,4%","-3,9%","-30,0%","-1,7%","-19,0%","10,2%","  1,7 ","18,5%","84,4%","-3,9%","-30,0%","-1,7%","-19,0%","10,2%",Chính thức
,590,HU1,Xây dựng HUD1,HOSE,Xây dựng và Vật liệu,Xây dựng,Xây dựng,  68 ,  6.800 ,"6,3%","8,3%","11,3%","-0,3%",  0 ,"  0,0 ","2,6%",  315 ,"-16,2%","  119,7 ","  18,1 ","  21,6 ","  0,5 ","  0,5 ","  50,4 ","16,8%","-91,2%","1140,6%","242,6%","24,1%","833,3%","-23,9%","  0,0 ","1,3%","5,0%","1,6%","1137,5%","-80,7%","106,6%","-16,5%","  0,0 ","0,2%","6,6%","78,7%","1960,3%","-82,5%","-71,3%","-16,5%",Chính thức
,591,SMN,Sách và thiết bị GD miền Nam,HNX,Truyền thông,"Sách, ấn bản & sản phẩm văn hóa","Sách, ấn bản & sản phẩm văn hóa",  41 ,  9.400 ,"-3,1%","-5,1%","-6,9%","-11,3%",  2 ,"  0,0 ","1,2%",  272 ,"27,2%","  7,3 ","  43,9 ","  34,5 ","  0,7 ","  0,6 ","  10,1 ","2,5%","372,4%","-26,5%","-38,5%","-26,3%","-45,8%","21,5%","  (2,5)","-206,5%","104,5%","-30,2%","-52,5%","-525,8%","-4740,8%","64,0%","  (2,5)","-206,5%","104,5%","-30,2%","-52,5%","-525,8%","-4740,8%","64,0%",Chính thức
,592,DLR,Địa ốc Đà Lạt,UPCoM,Xây dựng và Vật liệu,Xây dựng,Bất động sản dân cư,  61 ,  13.600 ,"0,0%","0,0%","0,0%","-14,5%",  -   ,  -   ,"497,0%",  -   ,"0,0%","  24,1 ","  2,6 ",  -   ,"  0,3 ","  3,8 ","  2,9 ",,"-24,5%","-29,6%","36,3%","21,6%","26,4%",,"  1,4 ",,"65,4%","-158,5%","245,1%","90,8%","474,9%",,"  1,4 ",,"65,4%","-158,5%","245,1%","90,8%","474,9%",,Chính thức
,593,LBE,Thương mại và Dịch vụ LVA,HNX,Hàng cá nhân & Gia dụng,Hàng cá nhân,Hàng cá nhân,  97 ,  31.200 ,"-0,6%","-10,9%","-5,5%","-10,9%",  10 ,"  0,3 ","36,4%",  5.548 ,"-28,5%","  21,8 ","  5,4 ","  5,6 ","  1,7 ","  1,5 ","  37,0 ","23,1%","114,6%","186,5%","-39,3%","121,1%","7,8%","22,0%","  4,6 ","26,9%","958,2%","761,3%","251,9%","152,0%","-17,6%","-8,4%","  4,6 ","26,9%","958,3%","765,6%","252,8%","151,9%","-17,6%","-8,4%",Chính thức
,594,PIV,PIV JSC,UPCoM,Bất động sản,"Tư Vấn, Định giá, Môi giới Bất động sản",Bất động sản dân cư,  130 ,  7.530 ,"8,1%","14,8%","6,7%","22,3%",  327 ,"  2,4 ","145,6%",  -   ,"0,0%","  (34,4)","  17,9 ",  -   ,"  23,7 ",  -   ,"  3,8 ",,"-92,2%","-50,4%",,"1452,7%","5417,5%",,"  0,0 ",,"31,8%","-9,2%","43,9%","2629,3%","116,7%",,"  0,0 ",,"31,8%","-9,2%","43,9%","2629,3%","116,7%",,Chính thức
,595,DTI,Đầu tư Đức Trung,UPCoM,Du lịch và Giải trí,Khách sạn,Khách sạn,  27 ,  2.000 ,"0,0%","-4,8%","-13,0%","-16,5%",  15 ,"  0,0 ","0,2%",  409 ,"2460,9%","  126,5 ","  125,1 ","  4,9 ","  0,3 ","  0,2 ","  157,6 ","30,3%","5,9%","18,6%","-36,8%","1,7%","-10,2%","-13,4%","  0,0 ","0,8%","-8,1%","75,2%","-2,8%","12,7%","-5,9%","2429,3%","  0,0 ","0,8%","-8,1%","75,2%","-2,8%","12,7%","-5,9%","2429,3%",Chính thức
,596,S72,Sông Đà 7.02,UPCoM,Xây dựng và Vật liệu,Xây dựng,Xây dựng,  85 ,  7.100 ,"0,0%","0,0%","0,0%","1,4%",  0 ,"  0,0 ","6,1%",  422 ,"-34,0%","  12,5 ","  11,1 ","  16,8 ","  0,6 ",  -   ,"  3,8 ","9,9%","-35,6%","23,4%","-12,9%","37,8%","6,5%","2,8%","  (3,0)","-58,7%","-81,4%","61,1%","-37,2%","145,4%","-13,3%","-36,9%","  (3,0)","-58,7%","-81,4%","61,1%","-37,2%","145,4%","-13,3%","-36,9%",Chính thức
,597,TMX,Thương mại Xi măng,HNX,Xây dựng và Vật liệu,Vật liệu xây dựng & Nội thất,Vật liệu xây dựng & Nội thất,  50 ,  8.300 ,"-5,7%","-2,4%","1,2%","-4,6%",  1 ,"  0,0 ","6,8%",  326 ,"-68,4%","  30,7 ","  8,0 ","  25,5 ","  0,6 ",  -   ,"  88,4 ","17,3%","15,3%","2,5%","-1,0%","-6,1%","1,5%","3,5%","  0,5 ","23,8%","-112,3%","19,2%","4452,3%","5,7%","133,5%","-55,0%","  0,5 ","23,8%","-112,3%","19,2%","4452,3%","5,7%","133,5%","-55,0%",Chính thức
,598,INC,Tư vấn Đầu tư IDICO,HNX,Xây dựng và Vật liệu,Xây dựng,Xây dựng,  42 ,  13.000 ,"0,0%","0,8%","-0,8%","-18,8%",  0 ,"  0,0 ","5,5%",  700 ,"0,4%","  59,6 ","  25,2 ","  18,6 ","  2,0 ","  1,1 ","  5,6 ","19,6%","36,0%","86,9%","5,2%","-10,3%","15,0%","10,7%","  0,4 ","17,7%","13,3%","1121,4%","1150,1%","630,2%","103,1%","54,5%","  0,4 ","17,7%","13,3%","1121,4%","1150,1%","630,2%","103,1%","54,5%",Chính thức
,599,MKV,Dược Thú Y Cai Lậy,HNX,Y tế,Dược phẩm,Y tế,  89 ,  17.700 ,"-25,0%","-22,4%","-21,0%","17,2%",  2 ,"  0,1 ","16,1%",  -   ,"0,0%","  6,9 ","  5,5 ",  -   ,"  0,6 ","  0,8 ","  36,0 ",,"38,4%","23,5%","37,0%","42,6%","7,8%",,"  1,0 ",,"10,2%","-35,2%","208,0%","2652,6%","-46,4%",,"  1,0 ",,"10,2%","-35,2%","208,0%","2652,6%","-46,4%",,Chính thức
,600,CTP,CTP Group,HNX,Thực phẩm và đồ uống,Đồ uống & giải khát,Đồ uống & giải khát,  79 ,  6.500 ,"-13,3%","22,6%","-1,5%","-15,6%",  113 ,"  0,8 ","0,0%",  -   ,"0,0%","  700,2 ","  5.015,9 ",  -   ,"  1,1 ","  0,5 ","  11,4 ",,"1459,4%",#DIV/0!,"-24,9%","-31,2%","3,4%",,"  0,0 ",,"465,2%","215,9%","-56,5%","-355,4%","-62,4%",,"  0,0 ",,"465,2%","215,9%","-56,5%","-355,4%","-62,4%",,Chính thức
,601,ONE,Truyền thông Số 1,HNX,Công nghệ Thông tin,Phần cứng,Công nghệ Thông tin,  89 ,  11.300 ,"3,7%","-9,6%","16,5%","59,2%",  41 ,"  0,4 ","2,1%",  -   ,"0,0%","  (19,5)","  40,4 ",  -   ,"  0,5 ","  0,9 ","  45,8 ",,"-68,4%","16,3%","401,4%","-42,3%","30,4%",,"  (1,7)",,"-143,4%","113,6%","295,4%","-86,1%","-283,2%",,"  (1,7)",,"-143,4%","113,6%","295,4%","-86,1%","-283,2%",,Chính thức
,602,DC2,DIC Số 2,HNX,Xây dựng và Vật liệu,Xây dựng,Xây dựng,  73 ,  6.500 ,"4,8%","0,0%","1,6%","0,0%",  0 ,"  0,0 ","3,5%",  554 ,"48,5%","  22,0 ","  17,4 ","  11,7 ","  0,6 ","  0,6 ","  53,7 ","18,0%","9,2%","-10,0%","16,0%","-50,3%","77,0%","45,9%","  0,7 ","11,9%","324,8%","-3,6%","10,9%","-76,2%","-68,4%","7,5%","  0,7 ","11,9%","324,8%","-3,6%","10,9%","-76,2%","-68,4%","7,5%",Chính thức
,603,VPA,Vận tải Hóa dầu VP,UPCoM,Hàng & Dịch vụ Công nghiệp,Vận tải Thủy,Vận tải Thủy,  29 ,  1.900 ,"11,8%","26,7%","5,6%","-9,5%",  2 ,"  0,0 ","23,8%",  -   ,"0,0%","  (1,8)","  (1,4)",  -   ,"  1,2 ","  (0,3)","  42,7 ",,"32,1%","25,9%","32,2%","-8,7%","29,4%",,"  5,8 ",,"59,4%","31,4%","-105,4%","52,9%","190,9%",,"  5,8 ",,"59,4%","31,4%","-105,4%","52,9%","190,9%",,Chính thức
,604,DXV,Vật liệu Xây dựng Đà Nẵng,HOSE,Xây dựng và Vật liệu,Vật liệu xây dựng & Nội thất,Vật liệu xây dựng & Nội thất,  39 ,  3.940 ,"-1,0%","3,7%","1,0%","3,7%",  6 ,"  0,0 ","1,0%",  92 ,"-1,5%","  24,4 ","  42,0 ","  42,6 ","  0,4 ","  0,4 ","  52,4 ","24,1%","24,4%","25,8%","5,0%","13,0%","30,2%","5,2%","  0,1 ","16,2%","105,0%","127,8%","113,8%","107,3%","347,5%","12,4%","  0,1 ","16,2%","105,0%","127,8%","113,8%","107,3%","347,5%","12,4%",Chính thức
,605,DTC,Viglacera Đông Triều,UPCoM,Xây dựng và Vật liệu,Vật liệu xây dựng & Nội thất,Vật liệu xây dựng & Nội thất,  45 ,  4.500 ,"0,0%","-0,3%","-22,4%","-15,6%",  0 ,"  0,0 ","310,7%",  115 ,"105,1%","  (1,6)","  (2,0)","  39,1 ","  6,4 ","  (2,9)","  45,8 ","23,4%","-22,9%","-6,1%","-1,2%","42,0%","79,9%","32,3%","  (6,2)","-538,4%","40,0%","-9,7%","54,9%","47,8%","-3,6%","105,1%","  (6,2)","-538,4%","40,0%","-9,7%","54,9%","47,8%","-3,6%","105,1%",Chính thức
,606,LCD,Thí nghiệm cơ điện,HNX,Xây dựng và Vật liệu,Xây dựng,Xây dựng,  29 ,  19.600 ,"0,0%","0,0%","0,0%","0,0%",  -   ,"  0,0 ","0,5%",  -   ,"0,0%","  127,2 ","  207,5 ",  -   ,"  1,1 ","  1,0 ","  11,8 ",,"112,2%","-36,9%","-39,6%","302,6%","-52,3%",,"  0,0 ",,"341,2%","-53,8%","179,4%","79,8%","-69,7%",,"  0,0 ",,"341,2%","-53,8%","179,4%","79,8%","-69,7%",,Chính thức
,607,FTM,Phát triển Đức Quân,UPCoM,Hàng cá nhân & Gia dụng,Hàng May mặc,Hàng May mặc,  25 ,  500 ,"-16,7%","-6,0%","-16,7%","-16,7%",  23 ,"  0,0 ","15,4%",  101 ,"103,4%","  (0,2)","  (0,2)","  5,0 ","  (0,0)","  (0,0)","  43,6 ","7,9%","9,2%","-3,1%","28,2%","-10,0%","-1,0%","189,3%","  (33,4)","-662,4%","8,4%","-399,8%","-15,2%","21,0%","14,7%","103,2%","  (33,4)","-662,4%","8,4%","-399,8%","-15,2%","21,0%","14,7%","103,2%",Chính thức
,608,SDD,Xây lắp Sông Đà,UPCoM,Xây dựng và Vật liệu,Xây dựng,Xây dựng,  21 ,  1.300 ,"0,0%","0,0%","-7,1%","0,0%",  8 ,"  0,0 ","-13,0%",  (601),"9,4%","  (1,9)","  (2,0)","  (2,2)","  0,3 ",  -   ,"  1,5 ","10,1%","-51,2%","-15,8%","13,7%","-6,5%","36,1%","31,8%","  (3,6)","37,8%","-12,2%","69,8%","31,1%","-28,2%","11,5%","13,2%","  (3,6)","37,8%","-12,2%","69,8%","31,1%","-28,2%","11,5%","13,2%",Chính thức
,609,PHH,Hồng Hà Việt Nam,UPCoM,Xây dựng và Vật liệu,Xây dựng,Xây dựng,  83 ,  4.600 ,"0,0%","0,0%","-11,5%","-13,2%",  0 ,"  0,0 ","15,6%",  -   ,"0,0%","  (125,7)","  2,0 ",  -   ,"  0,4 ","  0,3 ","  0,3 ",,"-3,6%","1,3%","26,7%","8463,6%","33,6%",,"  2,1 ",,"-14,1%","94,8%","326436,2%","-19983,4%","1614,3%",,"  2,1 ",,"-14,2%","94,8%","326085,9%","-19972,1%","1622,3%",,Chính thức
,610,PEN,Xây lắp III Petrolimex,HNX,Xây dựng và Vật liệu,Xây dựng,Xây dựng,  55 ,  11.000 ,"0,0%","15,8%","34,2%","32,5%",  0 ,"  0,0 ","-0,7%",  339 ,"494,5%","  (36,5)","  (127,9)","  32,4 ","  0,7 ","  1,0 ","  42,4 ","10,8%","130,9%","-32,1%","34,0%","101,0%","-16,9%","0,8%","  (4,1)","-242,4%","32,7%","-12,8%","87,9%","141,3%","-144,2%","-3,1%","  (4,1)","-242,4%","32,7%","-12,8%","87,9%","141,3%","-144,2%","-3,1%",Chính thức
,611,HTT,Thương mại Hà Tây,UPCoM,Bán lẻ,Bán lẻ phức hợp,Bán lẻ,  32 ,  1.600 ,"14,3%","22,8%","0,0%","0,0%",  3 ,"  0,0 ","-7,4%",  -   ,"0,0%","  (3,4)","  (4,0)",  -   ,"  0,2 ","  0,3 ","  1,4 ",,"12,7%","140,1%","30,5%","60,2%","-6,5%",,"  (1,6)",,"25,8%","-5,7%","-2,6%","40,6%","-2,9%",,"  (1,6)",,"25,8%","-5,7%","-2,6%","40,6%","-2,9%",,Chính thức
,612,BPC,Bao bì Bỉm Sơn,HNX,Hàng & Dịch vụ Công nghiệp,Containers & Đóng gói,Containers & Đóng gói,  48 ,  12.500 ,"0,0%","0,0%","1,6%","1,6%",  5 ,"  0,1 ","1,8%",  371 ,"-18,0%","  43,7 ","  27,7 ","  33,7 ","  0,4 ","  0,5 ","  62,5 ","24,3%","-0,1%","0,7%","18,5%","-14,7%","7,1%","-3,9%","  0,3 ","24,4%","249,5%","-32,2%","112,9%","62,5%","359,7%","-2,7%","  0,3 ","24,4%","249,5%","-32,2%","112,9%","62,5%","359,7%","-2,7%",Chính thức
,613,PRC,Vận tải Portserco,HNX,Hàng & Dịch vụ Công nghiệp,Dịch vụ vận tải,Dịch vụ vận tải,  70 ,  11.300 ,"-18,7%","-8,1%","-9,6%","-8,1%",  9 ,"  0,1 ","3,0%",  968 ,"133,8%","  37,5 ","  42,4 ","  11,7 ","  0,9 ","  1,0 ","  54,5 ","21,8%","4,4%","21,9%","62,4%","47,6%","71,6%","42,6%","  (0,6)","-10,5%","40,7%","168,6%","27,9%","-53,4%","-196,0%","104,3%","  (0,6)","-10,5%","40,7%","168,6%","27,9%","-53,4%","-196,0%","104,3%",Chính thức
,614,ATS,Tập đoàn Đầu tư ATS,HNX,Du lịch và Giải trí,Nhà hàng và quán bar,Nhà hàng và quán bar,  96 ,  27.400 ,"0,0%","0,0%","40,5%","2,2%",  0 ,"  0,0 ","1,5%",  571 ,"198,6%","  209,5 ","  143,2 ","  48,0 ","  1,3 ","  2,2 ","  13,3 ","26,7%","-7,3%","-4,5%","-7,3%","-5,5%","32,2%","5,2%","  0,2 ","12,1%","4266,3%","140,2%","100,7%","116,2%","139,2%","277,7%","  0,2 ","12,1%","4266,3%","140,2%","100,7%","116,2%","139,2%","277,7%",Chính thức
,615,CMC,Đầu tư CMC,HNX,Hàng & Dịch vụ Công nghiệp,Máy công nghiệp,Công nghiệp nặng,  45 ,  8.900 ,"2,3%","1,1%","-6,3%","-4,3%",  0 ,"  0,0 ","12,7%",  1.065 ,"-35,8%","  23,8 ","  5,4 ","  8,4 ","  0,6 ","  0,7 ","  23,1 ","26,2%","18,6%","41,2%","245,5%","7,5%","7,1%","-29,2%","  0,1 ","2,6%","-83,6%","-30,9%","214,9%","3268,7%","-3,2%","-35,9%","  0,1 ","2,6%","-83,6%","-30,9%","214,9%","3268,7%","-3,2%","-35,9%",Chính thức
,616,VE9,VNECO 9,UPCoM,Xây dựng và Vật liệu,Xây dựng,Xây dựng,  50 ,  4.200 ,"5,0%","16,7%","5,0%","7,4%",  8 ,"  0,0 ","25,8%",  -   ,"0,0%","  (44,3)","  17,8 ",  -   ,"  2,8 ","  4,3 ","  2,3 ",,,,#DIV/0!,"-9,7%",#DIV/0!,,"  (0,2)",,"-75,4%","-431,6%","1452,2%","444,6%","1,3%",,"  (0,2)",,"-75,4%","-431,6%","1452,2%","444,6%","1,3%",,Chính thức
,617,CMI,CMISTONE Việt Nam,UPCoM,Xây dựng và Vật liệu,Vật liệu xây dựng & Nội thất,Khai khoáng,  11 ,  700 ,"-12,5%","0,6%","16,7%","-12,5%",  4 ,"  0,0 ","16,0%",  -   ,"0,0%","  (1,9)","  (0,5)",  -   ,"  (0,0)","  (0,1)","  11,0 ",,"131,2%","102,1%","-53,0%","55,5%","-9,0%",,"  (6,8)",,"-83,2%","39,1%","4,4%","10,9%","-2,9%",,"  (6,8)",,"-83,2%","39,1%","4,4%","10,9%","-2,9%",,Chính thức
,618,SDC,Tư vấn Sông Đà,HNX,Hàng & Dịch vụ Công nghiệp,Tư vấn & Hỗ trợ KD,Tư vấn & Hỗ trợ KD,  18 ,  7.000 ,"2,9%","-4,1%","5,2%","2,3%",  0 ,"  0,0 ","4,5%",  959 ,"5,9%","  11,6 ","  7,7 ","  7,3 ","  0,4 ","  0,3 ","  16,5 ","22,1%","-17,2%","-30,0%","-13,1%","27,8%","62,9%","13,0%","  0,5 ","21,1%","27,4%","-47,2%","-9,4%","5644,1%","81,2%","17,0%","  0,5 ","21,0%","28,4%","-45,8%","-9,9%","3594,9%","71,4%","17,0%",Chính thức
,619,VE2,Xây dựng Điện VNECO 2,UPCoM,Xây dựng và Vật liệu,Xây dựng,Xây dựng,  15 ,  7.100 ,"0,0%","0,0%","0,0%","0,0%",  -   ,  -   ,"-176,2%",  -   ,"0,0%","  (9,3)","  (10,5)",  -   ,"  9,0 ","  33,8 ","  0,2 ",,,"18,8%","-12,6%","65,5%",#DIV/0!,,"  (0,2)",,"30,7%","-281,8%","26,3%","7,7%","54,0%",,"  (0,2)",,"30,7%","-281,8%","26,3%","7,7%","54,0%",,Chính thức
,620,NOS,Vận tải Biển và Thương mại Phương Đông,UPCoM,Hàng & Dịch vụ Công nghiệp,Vận tải Thủy,Vận tải Thủy,  16 ,  800 ,"0,0%","-20,0%","-20,0%","-20,0%",  1 ,"  0,0 ","3,9%",  (6.184),"39,1%","  (0,1)","  (0,1)","  (0,1)","  (0,0)",  -   ,"  13,0 ","14,9%","-38,3%","-38,2%","-48,9%","-28,4%","-51,8%","-12,9%","  (36,1)","29,9%","26,2%","16,5%","127,0%","-1,3%","3,3%","41,1%","  (36,1)","29,9%","26,2%","16,5%","127,0%","-1,3%","3,3%","41,1%",Chính thức
,621,DCT,Tấm lợp VLXD Đồng Nai,UPCoM,Xây dựng và Vật liệu,Vật liệu xây dựng & Nội thất,Vật liệu xây dựng & Nội thất,  16 ,  600 ,"20,0%","16,3%","-14,3%","-33,3%",  9 ,"  0,0 ","11,6%",  -   ,"0,0%","  (0,2)","  (0,3)",  -   ,"  (0,0)","  (0,0)","  130,7 ",,"127,8%","195,4%","233,7%","69,3%","284,2%",,"  (18,0)",,"17,1%","48,1%","-20,3%","32,3%","-11,0%",,"  (18,0)",,"17,1%","48,1%","-20,3%","32,3%","-11,0%",,Chính thức
,622,PVH,Xây lắp Dầu khí Thanh Hóa,UPCoM,Xây dựng và Vật liệu,Xây dựng,Xây dựng,  15 ,  700 ,"40,0%","16,7%","16,7%","16,7%",  5 ,"  0,0 ","-18,2%",  -   ,"0,0%","  (4,1)","  (1,7)",  -   ,"  0,3 ",  -   ,"  5,3 ",,"-77,7%","-62,1%","688,7%","14,5%","842,8%",,"  (1,9)",,"-57,7%","83,5%","11,4%","35,4%","15,1%",,"  (1,9)",,"-57,7%","83,5%","11,4%","35,4%","15,1%",,Chính thức
,623,JOS,Thủy sản Minh Hải,UPCoM,Thực phẩm và đồ uống,Nuôi trồng nông & hải sản,Nuôi trồng thủy hải sản,  20 ,  1.300 ,"18,2%","42,5%","44,4%","62,5%",  5 ,"  0,0 ","45,4%",  -   ,"0,0%","  (0,5)","  (0,1)",  -   ,"  (0,0)","  (0,0)","  0,6 ",,"5,7%","42,5%","132,0%","-32,7%","-90,4%",,"  0,4 ",,"54,1%","50,7%","159,7%","-1240,4%","145,1%",,"  0,4 ",,"54,1%","50,7%","159,7%","-1240,4%","145,1%",,Chính thức
,624,PXM,Xây lắp Dầu khí Miền Trung,UPCoM,Xây dựng và Vật liệu,Xây dựng,Xây dựng,  8 ,  500 ,"-16,7%","-16,5%","-16,7%","25,0%",  7 ,"  0,0 ","3,9%",  -   ,"0,0%","  (0,5)","  (0,4)",  -   ,"  (0,0)","  (0,0)","  0,1 ",,"-8,1%","-84,1%","120,0%","-6,3%","-55,3%",,"  (4,9)",,"-0,3%","-4,6%","-24,3%","0,4%","-0,4%",,"  (4,9)",,"-0,3%","-4,6%","-24,3%","0,4%","-0,4%",,Chính thức
,625,PTX,VT Petrolimex Nghệ Tĩnh,HNX,Tiện ích,Phân phối xăng dầu & khí đốt,Phân phối xăng dầu & khí đốt,  134 ,  20.900 ,"-9,9%","-5,0%","-9,1%","-13,6%",  0 ,"  0,0 ","25,7%",  3.025 ,"-25,8%","  4,6 ","  5,1 ","  6,9 ","  0,8 ","  1,2 ","  543,5 ","29,1%","-23,1%","-20,3%","3,0%","16,8%","32,0%","6,7%","  11,5 ","59,0%","16,7%","0,5%","32,4%","-36,5%","179,3%","3,2%","  11,5 ","59,0%","16,7%","0,5%","32,4%","-36,5%","179,3%","3,2%",Chính thức
,626,MPT,Tập đoàn MPT,UPCoM,Hàng cá nhân & Gia dụng,Hàng May mặc,Hàng May mặc,  12 ,  700 ,"16,7%","16,7%","40,0%","16,7%",  33 ,"  0,0 ","-0,4%",  -   ,"0,0%","  (5,7)","  (16,6)",  -   ,"  0,1 ","  0,1 ",  -   ,,,,,,,,"  (0,2)",,"-60,9%","-0,3%","-63,2%","99,0%","0,0%",,"  (0,2)",,"-60,9%","-0,3%","-63,2%","99,0%","0,0%",,Chính thức
,627,E12,XD Điện VNECO 12,UPCoM,Xây dựng và Vật liệu,Xây dựng,Xây dựng,  5 ,  4.111 ,"8,2%","2,8%","-10,6%","-28,9%",  1 ,"  0,0 ","-98,4%",  -   ,"0,0%","  29,8 ","  (0,7)",  -   ,"  0,6 ","  (0,6)","  4,6 ",,"-40,4%","-89,6%","-78,4%","-42,1%","3,6%",,"  (0,4)",,"-1664,0%","-5158,8%","-433,5%","-16316,0%","49,4%",,"  (0,4)",,"-1664,0%","-5158,8%","-433,5%","-16316,0%","49,4%",,Chính thức
,628,ABW,Chứng khoán An Bình,UPCoM,Dịch vụ tài chính,Môi giới chứng khoán,Môi giới chứng khoán,  1.047 ,  10.353 ,"-2,0%","0,1%","-6,8%","-12,1%",  165 ,"  1,8 ","10,8%",  4.745 ,"184,6%","  10,9 ","  6,2 ","  2,2 ","  0,7 ","  0,7 ","  147,2 ","12,5%","19,2%","3,6%","58,6%","79,9%","62,1%","118,7%","  21,4 ","4,5%","55,4%","-17,0%","72,5%","242,5%","-17,4%","177,2%","  21,4 ","4,5%","55,4%","-17,0%","72,5%","242,5%","-17,4%","177,2%",Chính thức
,629,ART,Chứng khoán ARTEX,UPCoM,Dịch vụ tài chính,Môi giới chứng khoán,Môi giới chứng khoán,  126 ,  1.300 ,"0,0%","0,0%","0,0%","0,0%",  -   ,  -   ,"-55,6%",  -   ,"0,0%","  (3,9)","  (2,5)",  -   ,"  0,8 ","  1,6 ","  0,3 ",,"-77,2%","-81,3%","-32,1%","2992,2%","552,9%",,"  (17,8)",,"34,8%","-527,9%","281,6%","32,2%","-322,6%",,"  (17,8)",,"34,8%","-527,9%","281,6%","32,2%","-322,6%",,Chính thức
,630,CCC,Xây Dựng CDC,HOSE,Xây dựng và Vật liệu,Xây dựng,Xây dựng,  335 ,  8.150 ,"3,8%","7,1%","-23,8%","-29,7%",  16 ,"  0,1 ","7,4%",  -   ,"0,0%","  15,6 ","  8,0 ",  -   ,"  1,0 ","  0,6 ","  703,6 ",,"-3,2%","3,5%","35,5%","70,2%","-2,3%",,"  11,4 ",,"65,5%","0,5%","6,4%","5,3%","-12,6%",,"  11,4 ",,"65,5%","0,5%","6,4%","5,3%","-12,6%",,Chính thức
,631,DDB,TM & XD Đông Dương,UPCoM,Xây dựng và Vật liệu,Vật liệu xây dựng & Nội thất,Xây dựng,  111 ,  9.255 ,"-0,5%","0,9%","-4,4%","-8,3%",  74 ,"  0,7 ","2,0%",  -   ,"0,0%","  41,3 ","  40,5 ",  -   ,"  0,9 ","  0,7 ","  49,2 ",,"-30,9%","-2,8%","17,3%","-3,4%","-31,8%",,"  0,7 ",,"-55,8%","-52,7%","-16,4%","94,9%","-31,8%",,"  0,7 ",,"-55,8%","-52,7%","-16,4%","94,9%","-31,8%",,Chính thức
,632,STD,Bia - NGK Sài Gòn - Tây Đô,UPCoM,Thực phẩm và đồ uống,Sản xuất bia,Bia và đồ uống,  134 ,  6.708 ,"-0,5%","-5,5%","-59,5%","0,0%",  4 ,"  0,0 ","0,9%",  84 ,"-34,5%","  70,1 ","  52,0 ","  79,4 ","  0,6 ","  0,5 ","  49,6 ","10,4%","-3,8%","-23,8%","-22,8%","-29,3%","-24,0%","84,7%","  0,2 ","9,9%","-130,2%","-302,6%","15,4%","23,7%","258,2%","-37,9%","  0,2 ","9,9%","-130,2%","-302,6%","15,4%","23,7%","258,2%","-37,9%",Chính thức
,633,TNV,Xe đạp Thống Nhất,UPCoM,Hàng cá nhân & Gia dụng,Hàng cá nhân,Hàng cá nhân,  390 ,  16.465 ,"-0,4%","-5,6%","-20,1%","-15,6%",  4 ,"  0,1 ","16,0%",  371 ,"-76,6%","  77,5 ","  10,4 ","  44,3 ","  1,4 ","  1,6 ","  86,6 ","27,0%","1,2%","93,6%","3,0%","8,9%","207,0%","45,7%","  3,8 ","42,9%","-215,1%","167,8%","-46,1%","5249,4%","1103,6%","-73,7%","  3,8 ","42,9%","-215,1%","167,8%","-46,1%","5249,4%","1103,6%","-73,7%",Chính thức
,634,TSA,Đầu Tư Và Xây Lắp Trường Sơn,HOSE,Xây dựng và Vật liệu,Xây dựng,Xây dựng,  645 ,  15.950 ,"3,6%","0,0%","7,8%","0,0%",  167 ,"  2,6 ","7,3%",  -   ,"0,0%","  24,1 ","  20,5 ",  -   ,"  1,2 ","  1,4 ","  180,0 ",,"8,6%","33,4%","42,8%","-14,1%","137,7%",,"  7,1 ",,"68,8%","62,5%","60,3%","-19,6%","127,3%",,"  7,1 ",,"68,8%","62,5%","60,3%","-19,6%","127,3%",,Chính thức
,635,UXC,Chế biến Thủy sản Út Xi,UPCoM,Thực phẩm và đồ uống,Nuôi trồng nông & hải sản,Nuôi trồng thủy hải sản,  39 ,  1.100 ,"-8,3%","-8,3%","-26,7%","-45,0%",  0 ,"  0,0 ","-6,1%",  226 ,"37,9%","  (8,0)","  6,7 ","  4,9 ",  -   ,"  (0,4)","  75,1 ","15,6%","22,5%","-35,4%","-64,0%","47,2%","5,5%","23,1%","  (1,0)","-12,1%","-3788,8%","-22,4%","48,9%","158,2%","88,5%","580,6%","  (1,0)","-12,1%","-3788,8%","-22,4%","48,9%","158,2%","88,5%","580,6%",Chính thức
,636,TCX,Chứng khoán TCBS,HOSE,Dịch vụ tài chính,Môi giới chứng khoán,Môi giới chứng khoán,  116.966 ,  50.600 ,"-2,7%","-2,8%","-7,1%","8,8%",  2.038 ,"  110,0 ","14,4%",  2.608 ,"-2,3%","  19,7 ","  20,1 ","  19,4 ","  2,7 ","  2,6 ","  2.783,2 ","21,0%","19,8%","19,1%","71,5%","82,6%","37,2%","17,9%","  1.147,6 ","19,0%","8,9%","9,5%","84,5%","118,8%","13,6%","6,1%","  1.147,6 ","19,0%","8,9%","9,5%","84,5%","118,8%","13,6%","6,1%",Chính thức
,637,VPL,Vinpearl ,HOSE,Du lịch và Giải trí,Dịch vụ giải trí,Dịch vụ giải trí,  153.686 ,  85.700 ,"2,0%","3,3%","-6,9%","-9,0%",  756 ,"  61,8 ","6,9%",  1.673 ,"19,1%","  (226,9)","  61,0 ","  51,2 ","  4,6 ","  4,0 ","  3.485,1 ","21,8%","76,6%","-41,5%","-40,7%","168,2%","17,3%","3,0%","  1.508,1 ","50,3%","-96,0%","-50,0%","-66,5%","225,9%","1568,5%","172,3%","  1.508,1 ","50,3%","-96,0%","-50,0%","-66,5%","225,9%","1569,5%","172,3%",Chính thức
,638,TD6,Than Đèo Nai - Cọc Sáu - TKV,HNX,Tài nguyên Cơ bản,Khai thác Than,Khai thác Than,  434 ,  7.000 ,"-10,3%","-18,6%","-10,3%","-1,4%",  210 ,"  1,7 ","7,8%",  425 ,"-54,4%","  3,7 ","  7,5 ","  16,5 ","  0,3 ","  0,6 ","  1.421,1 ","33,3%",#DIV/0!,#DIV/0!,"-33,1%","-28,9%","-15,8%","-18,6%","  6,0 ","22,9%",#DIV/0!,#DIV/0!,"-89,3%","-19,1%","-0,5%","-54,4%","  6,0 ","22,9%",#DIV/0!,#DIV/0!,"-89,3%","-19,1%","-0,5%","-54,4%",Chính thức
,639,DKG,Tập đoàn DamiK,UPCoM,Xây dựng và Vật liệu,Vật liệu xây dựng & Nội thất,Vật liệu xây dựng & Nội thất,  141 ,  9.800 ,"0,0%","0,0%","3,2%","14,0%",  0 ,"  0,0 ","0,0%",  345 ,"41671,5%","  14,6 ","  (11.810,1)","  28,4 ","  0,8 ","  0,8 ","  46,1 ","20,0%","-48,3%",#DIV/0!,"-81,0%","-8,9%","-10,8%","8,9%","  0,2 ","3,3%","-90,7%",#DIV/0!,"-97,2%","129,9%","-72,2%","1096,6%","  0,2 ","3,3%","-90,7%",#DIV/0!,"-97,2%","129,9%","-72,2%","1096,6%",Chính thức
,640,F88,Đầu tư F88,UPCoM,Dịch vụ tài chính,Tài chính cá nhân,Dịch vụ tài chính,  18.217 ,  165.419 ,"23,5%","22,1%","-22,2%","75,6%",  74 ,"  11,0 ","34,4%",  8.235 ,"25,9%","  27,7 ","  25,8 ","  20,1 ","  6,3 ","  7,4 ",  -   ,,,,"47,0%",#DIV/0!,,"75,9%","  242,4 ","26,7%",,,"110,2%",#DIV/0!,#DIV/0!,"26,1%","  242,4 ","26,7%",, ,"110,2%",#DIV/0!,#DIV/0!,"26,1%",DN ước tính
,641,SLD,Địa Ốc Sacom,UPCoM,Bất động sản,Bất động sản,Bất động sản dân cư,  786 ,  10.000 ,"29,9%","4,2%","5,3%","-9,1%",  0 ,"  0,0 ","0,8%",  7 ,"-90,1%","  913,9 ","  135,1 ","  1.358,5 ","  1,1 ","  1,1 ",  -   ,,,,,,,#DIV/0!,"  0,2 ","35,3%","-46,8%","43,5%","-76,4%","39,9%","104,3%","-29,1%","  0,2 ","35,3%","-46,8%","43,5%","-76,4%","39,9%","104,3%","-29,1%",Chính thức
,642,ACV,Cảng Hàng không VN,UPCoM,Hàng & Dịch vụ Công nghiệp,"Kho bãi, hậu cần và bảo dưỡng",Cảng hàng không,  157.712 ,  44.025 ,"-5,7%","-2,8%","-15,8%","-10,4%",  1.360 ,"  68,5 ","16,7%",  -   ,"0,0%","  21,3 ","  15,0 ",  -   ,"  3,6 ","  2,3 ","  5.763,0 ",,"12,5%","14,5%","14,5%","16,8%","-9,2%",,"  2.777,0 ",,"6,8%","-19,3%","37,2%","10,7%","-11,0%",,"  2.409,3 ",,"4,6%","-23,7%","39,9%","5,8%","-11,2%",,CTCK VCBS ước tính
,643,BCM,Becamex Group,HOSE,Bất động sản,Bất động sản,Bất động sản công nghiệp,  55.062 ,  53.200 ,"-2,6%","-2,0%","-18,0%","-12,4%",  907 ,"  55,6 ","16,5%",  -   ,"0,0%","  49,6 ","  16,1 ",  -   ,"  3,7 ","  2,4 ","  1.757,0 ",,"127,0%","151,2%","-32,5%","-32,7%","-4,6%",,"  295,0 ",,"206,6%","415,8%","16,4%","-23,3%","-19,3%",,"  293,0 ",,"203,3%","439,8%","20,7%","-14,6%","-18,2%",,CTCK VCBS ước tính
,644,PLX,Petrolimex,HOSE,Dầu khí,Sản xuất và Khai thác dầu khí,Phân phối xăng dầu & khí đốt,  47.203 ,  37.150 ,"-6,7%","-12,1%","-35,6%","5,2%",  6.203 ,"  322,1 ","10,2%",  1.881 ,"-10,7%","  19,1 ","  15,5 ","  19,8 ","  2,0 ","  1,8 ","  83.261,0 ","26,4%","-9,6%","4,1%","30,0%","15,2%","22,7%","1,7%","  566,4 ","20,9%","-81,4%","10,6%","441,0%","12,4%","168,7%","-10,7%","  500,6 ","20,9%","-87,6%","13,3%","827,1%","3,6%","275,2%","-10,7%",CTCK VCBS ước tính
,645,PVS,DVKT Dầu khí PTSC,HNX,Dầu khí,Thiết bị và Dịch vụ Dầu khí,Thiết bị và Dịch vụ Dầu khí,  19.434 ,  38.000 ,"-1,8%","-11,2%","-12,6%","10,8%",  8.447 ,"  377,6 ","12,7%",  -   ,"0,0%","  17,0 ","  10,9 ",  -   ,"  1,3 ","  1,3 ","  7.000,0 ",,"62,1%","32,1%","99,8%","0,5%","16,4%",,"  280,0 ",,"-1,7%","50,7%","73,3%","77,4%","-6,6%",,"  269,6 ",,"10,3%","83,4%","140,3%","90,4%","-18,7%",,CTCK VCBS ước tính
,646,IDC,IDICO,HNX,Bất động sản,Bất động sản,Bất động sản công nghiệp,  17.153 ,  45.200 ,"-5,6%","-6,8%","-2,4%","24,2%",  3.212 ,"  150,1 ","32,0%",  5.022 ,"-1,3%","  10,1 ","  8,6 ","  9,0 ","  3,2 ","  2,7 ","  2.007,0 ","21,2%","-27,3%","-17,9%","26,2%","10,5%","11,9%","10,3%","  486,0 ","20,9%","-47,7%","-28,8%","70,8%","23,6%","16,6%","-1,3%","  398,8 ","20,9%","-50,6%","-31,2%","64,7%","25,7%","16,2%","-1,3%",CTCK SSI ước tính
,647,QNS,Đường Quảng Ngãi,UPCoM,Thực phẩm và đồ uống,Thực phẩm,Đường,  16.579 ,  45.095 ,"-2,1%","-1,1%","-0,8%","2,7%",  134 ,"  6,4 ","18,6%",  4.113 ,"-21,1%","  8,5 ","  6,7 ","  11,0 ","  1,9 ","  1,6 ","  2.270,0 ","21,6%","-10,0%","3,5%","-1,5%","24,3%","0,0%","-0,7%","  957,0 ","63,3%","-26,4%","-21,0%","-28,4%","-3,9%","144,4%","-21,1%","  957,0 ","63,3%","-26,4%","-21,0%","-28,4%","-3,9%","144,4%","-21,1%",CTCK VCBS ước tính
,648,SIP,Đầu tư Sài Gòn VRG,HOSE,Bất động sản,Bất động sản,Bất động sản công nghiệp,  14.696 ,  60.700 ,"-0,3%","4,7%","3,6%","15,4%",  494 ,"  29,7 ","27,9%",  3.256 ,"-40,4%","  12,9 ","  11,2 ","  18,6 ","  3,5 ","  2,9 ","  2.180,0 ","36,7%","6,3%","10,1%","13,0%","11,0%","12,3%","-30,9%","  372,0 ","42,6%","56,0%","-4,0%","21,7%","-3,0%","-7,5%","-40,4%","  335,4 ","42,6%","42,9%","-4,8%","21,2%","-0,7%","-4,6%","-40,4%",CTCK VCBS ước tính
,649,DXG,Địa ốc Đất Xanh,HOSE,Bất động sản,Bất động sản,Bất động sản dân cư,  17.075 ,  15.350 ,"0,7%","5,1%","1,0%","-10,2%",  17.022 ,"  249,0 ","1,9%",  94 ,"-59,5%","  28,6 ","  73,3 ","  164,1 ","  1,2 ","  1,2 ","  904,0 ","18,1%","-13,1%","-34,8%","5,4%","-8,0%","-2,3%","19,3%","  130,0 ","48,5%","1,2%","187,1%","123,8%","-59,9%","65,5%","-54,9%","  50,5 ","48,5%","54,6%","147,2%","202,3%","-94,8%","4,4%","-54,9%",CTCK VCBS ước tính
,650,HSG,Tập đoàn Hoa Sen,HOSE,Tài nguyên Cơ bản,Thép và sản phẩm thép,Thép và sản phẩm thép,  9.905 ,  12.269 ,"-1,5%","7,1%","-1,9%","1,3%",  4.048 ,"  62,5 ","5,6%",  773 ,"-23,6%","  61,5 ","  18,7 ","  15,9 ","  1,1 ","  0,9 ","  8.075,0 ","21,8%","-8,6%","-12,3%","-17,3%","-18,0%","-4,4%","6,6%","  105,0 ","21,9%","-35,0%","0,1%","148,6%","-62,3%","-49,4%","-23,6%","  105,0 ","21,9%","-35,0%","0,1%","148,6%","-62,3%","-49,4%","-23,6%",CTCK SSI ước tính
,651,VTP,Bưu chính Viettel,HOSE,Hàng & Dịch vụ Công nghiệp,Chuyển phát nhanh,Chuyển phát nhanh,  11.759 ,  68.000 ,"-5,3%","-6,8%","-17,0%","-6,4%",  578 ,"  54,4 ","24,1%",  2.312 ,"-28,6%","  30,2 ","  29,1 ","  29,4 ","  6,7 ","  6,7 ","  5.192,0 ","26,6%","7,9%","0,7%","-9,2%","-1,1%","3,0%","-5,1%","  68,0 ","17,0%","18,6%","11,4%","-20,2%","17,3%","-1,9%","-1,3%","  68,0 ","17,0%","18,6%","11,4%","-20,2%","17,3%","-1,9%","-1,3%",CTCK VCBS ước tính
,652,PVT,Vận tải Dầu khí PVTrans,HOSE,Hàng & Dịch vụ Công nghiệp,Vận tải Thủy,Vận tải Thủy,  10.338 ,  22.000 ,"3,0%","-1,4%","7,3%","19,6%",  10.222 ,"  248,2 ","12,7%",  1.994 ,"-9,7%","  8,8 ","  9,7 ","  11,0 ","  1,2 ","  1,2 ","  4.704,0 ","28,5%","10,0%","44,3%","50,6%","36,0%","68,6%","3,0%","  310,0 ","25,8%","-9,5%","-3,4%","-33,2%","28,0%","11,9%","-9,7%","  242,1 ","25,8%","-6,9%","2,3%","-27,8%","27,2%","12,6%","-9,7%",CTCK VCBS ước tính
,653,HDG,Tập đoàn Hà Đô,HOSE,Bất động sản,Bất động sản,Bất động sản dân cư,  9.582 ,  25.900 ,"-8,8%","-13,1%","-0,1%","-3,4%",  2.753 ,"  77,3 ","11,9%",  -   ,"0,0%","  20,1 ","  11,7 ",  -   ,"  1,6 ","  1,4 ","  714,0 ",,"-29,4%","7,2%","25,7%","17,6%","19,3%",,"  266,0 ",,"-21,7%","-72,4%","85,0%","532,9%","28,5%",,"  206,3 ",,"-29,9%","-128,7%","107,1%","567,7%","33,0%",,CTCK VCBS ước tính
,654,NKG,Thép Nam Kim,HOSE,Tài nguyên Cơ bản,Thép và sản phẩm thép,Thép và sản phẩm thép,  6.423 ,  14.350 ,"-3,0%","4,0%","-6,2%","-3,4%",  5.258 ,"  77,3 ","2,9%",  715 ,"55,0%","  13,0 ","  47,0 ","  20,1 ","  1,0 ","  0,8 ","  3.081,0 ","14,0%","-22,7%","-32,7%","-27,3%","-29,8%","-24,7%","48,6%","  5,0 ","1,6%","-56,4%","-58,3%","-23,6%","-151,2%","-92,4%","62,4%","  5,0 ","1,6%","-56,4%","-58,3%","-23,6%","-151,1%","-92,4%","62,4%",CTCK VCBS ước tính
,655,GEG,Điện Gia Lai,HOSE,Tiện ích,Sản xuất & Phân phối Điện,Sản xuất & Phân phối Điện,  5.124 ,  14.300 ,"-6,8%","-15,6%","-4,0%","-7,1%",  1.589 ,"  25,3 ","15,1%",  363 ,"-78,4%","  27,8 ","  11,5 ","  39,4 ","  1,1 ","  1,2 ","  783,0 ","74,6%","50,5%","28,0%","23,6%","6,3%","-29,6%","-65,0%","  155,0 ","89,3%","385,4%","12754,7%","267,5%","676,3%","-74,7%","-81,7%","  116,0 ","89,3%","321,9%","672,7%","373,0%","189,4%","-69,3%","-81,7%",CTCK VCBS ước tính
,656,HAH,Vận tải và Xếp dỡ Hải An,HOSE,Hàng & Dịch vụ Công nghiệp,"Kho bãi, hậu cần và bảo dưỡng","Kho bãi, hậu cần và bảo dưỡng",  10.378 ,  55.100 ,"1,3%","-1,4%","-2,0%","-6,1%",  2.170 ,"  131,5 ","31,0%",  -   ,"0,0%","  9,8 ","  8,3 ",  -   ,"  1,9 ","  2,3 ",  -   ,,"66,0%","34,3%","19,4%","7,3%",,,"  315,0 ",,"478,1%","222,5%","27,6%","3,5%","15,1%",,"  271,3 ",,"293,7%","223,4%","52,6%","9,8%","16,3%",,CTCK SSI ước tính
,657,DPG,Tập đoàn Đạt Phương,HOSE,Xây dựng và Vật liệu,Xây dựng,Xây dựng,  5.307 ,  44.750 ,"4,1%","8,2%","1,7%","19,3%",  780 ,"  34,1 ","15,6%",  3.474 ,"11,1%","  13,5 ","  15,3 ","  12,9 ","  1,7 ","  2,4 ","  589,0 ","6,9%","24,0%","18,9%","57,9%","13,3%","11,6%","89,9%","  117,0 ","20,9%","28,8%","44,2%","274,8%","20,9%","16,7%","25,9%","  86,0 ","20,9%","24,5%","34,0%","264,5%","21,8%","31,7%","25,9%",CTCK VCBS ước tính
,658,CTI,Cường Thuận IDICO,HOSE,Xây dựng và Vật liệu,Xây dựng,Xây dựng,  1.354 ,  21.500 ,"-5,5%","-6,7%","-8,3%","-3,4%",  714 ,"  16,9 ","9,5%",  -   ,"0,0%","  11,0 ","  9,7 ",  -   ,"  0,8 ","  0,8 ","  355,0 ",,"9,8%","35,7%","32,9%","48,9%","25,7%",,"  51,9 ",,"33,9%","58,5%","18,4%","123,5%","21,9%",,"  40,8 ",,"36,9%","20,1%","15,6%","109,8%","5,7%",,CTCK VCBS ước tính